case_id,category,phase,mode,epsilon,value,truth,abs_error,sq_error,central_interval_violation
P0001,smooth_polynomial,1,SW1,1e-12,-0.2722222222222222,-0.2722222222222222,0.0,0.0,0.0
P0002,smooth_polynomial,1,SW1,1e-12,0.027777777777777846,0.02777777777777779,5.551115123125783e-17,3.0814879110195774e-33,0.0
P0003,smooth_polynomial,1,SW1,1e-12,0.47777777777777786,0.4777777777777778,5.551115123125783e-17,3.0814879110195774e-33,0.0
P0004,smooth_polynomial,1,SW1,1e-12,-0.08888888888888889,-0.08888888888888888,1.3877787807814457e-17,1.925929944387236e-34,0.0
P0005,smooth_polynomial,1,SW1,1e-12,0.21111111111111108,0.2111111111111111,2.7755575615628914e-17,7.703719777548943e-34,0.0
P0006,smooth_polynomial,1,SW1,1e-12,0.6611111111111111,0.6611111111111111,0.0,0.0,0.0
P0007,smooth_polynomial,1,SW1,1e-12,0.09444444444444446,0.09444444444444444,1.3877787807814457e-17,1.925929944387236e-34,0.04444444444444441
P0008,smooth_polynomial,1,SW1,1e-12,0.3944444444444444,0.39444444444444443,5.551115123125783e-17,3.0814879110195774e-33,0.04444444444444434
P0009,smooth_polynomial,1,SW1,1e-12,0.8444444444444443,0.8444444444444444,1.1102230246251565e-16,1.232595164407831e-32,0.04444444444444429
P0010,smooth_polynomial,1,SW1,1e-12,0.26111111111111107,0.2611111111111111,5.551115123125783e-17,3.0814879110195774e-33,0.0
P0011,smooth_polynomial,1,SW1,1e-12,0.561111111111111,0.5611111111111111,1.1102230246251565e-16,1.232595164407831e-32,0.0
P0012,smooth_polynomial,1,SW1,1e-12,1.011111111111111,1.011111111111111,0.0,0.0,0.0
P0013,smooth_polynomial,1,SW1,1e-12,-0.23333333333333328,-0.2333333333333333,2.7755575615628914e-17,7.703719777548943e-34,0.0
P0014,smooth_polynomial,1,SW1,1e-12,0.06666666666666667,0.06666666666666668,1.3877787807814457e-17,1.925929944387236e-34,0.0
P0015,smooth_polynomial,1,SW1,1e-12,0.5166666666666667,0.5166666666666667,0.0,0.0,0.0
P0016,smooth_polynomial,1,SW1,1e-12,-0.04999999999999999,-0.049999999999999996,6.938893903907228e-18,4.81482486096809e-35,0.0
P0017,smooth_polynomial,1,SW1,1e-12,0.25,0.25,0.0,0.0,0.0
P0018,smooth_polynomial,1,SW1,1e-12,0.7,0.7,0.0,0.0,0.0
P0019,smooth_polynomial,1,SW1,1e-12,0.13333333333333336,0.13333333333333333,2.7755575615628914e-17,7.703719777548943e-34,0.0
P0020,smooth_polynomial,1,SW1,1e-12,0.4333333333333333,0.43333333333333335,5.551115123125783e-17,3.0814879110195774e-33,0.0
P0021,smooth_polynomial,1,SW1,1e-12,0.8833333333333333,0.8833333333333333,0.0,0.0,0.0
P0022,smooth_polynomial,1,SW1,1e-12,0.3,0.3,0.0,0.0,0.0
P0023,smooth_polynomial,1,SW1,1e-12,0.6,0.6,0.0,0.0,0.0
P0024,smooth_polynomial,1,SW1,1e-12,1.0499999999999998,1.05,2.220446049250313e-16,4.930380657631324e-32,0.0
P0025,smooth_polynomial,1,SW1,1e-12,-0.20555555555555555,-0.20555555555555555,0.0,0.0,0.0
P0026,smooth_polynomial,1,SW1,1e-12,0.09444444444444444,0.09444444444444444,0.0,0.0,0.0
P0027,smooth_polynomial,1,SW1,1e-12,0.5444444444444445,0.5444444444444445,0.0,0.0,0.0
P0028,smooth_polynomial,1,SW1,1e-12,-0.02222222222222222,-0.02222222222222222,0.0,0.0,0.02222222222222222
P0029,smooth_polynomial,1,SW1,1e-12,0.2777777777777778,0.2777777777777778,0.0,0.0,0.0222222222222222
P0030,smooth_polynomial,1,SW1,1e-12,0.7277777777777777,0.7277777777777777,0.0,0.0,0.022222222222222254
P0031,smooth_polynomial,1,SW1,1e-12,0.1611111111111111,0.1611111111111111,0.0,0.0,0.0
P0032,smooth_polynomial,1,SW1,1e-12,0.46111111111111114,0.4611111111111111,5.551115123125783e-17,3.0814879110195774e-33,0.0
P0033,smooth_polynomial,1,SW1,1e-12,0.911111111111111,0.9111111111111111,1.1102230246251565e-16,1.232595164407831e-32,0.0
P0034,smooth_polynomial,1,SW1,1e-12,0.3277777777777777,0.3277777777777778,5.551115123125783e-17,3.0814879110195774e-33,0.0
P0035,smooth_polynomial,1,SW1,1e-12,0.6277777777777778,0.6277777777777778,0.0,0.0,0.0
P0036,smooth_polynomial,1,SW1,1e-12,1.0777777777777777,1.0777777777777777,0.0,0.0,0.0
P0037,smooth_polynomial,2,SW1,1e-12,-0.622222222222222,-0.6222222222222221,1.1102230246251565e-16,1.232595164407831e-32,0.0
P0038,smooth_polynomial,2,SW1,1e-12,-0.3222222222222221,-0.32222222222222213,5.551115123125783e-17,3.0814879110195774e-33,0.0
P0039,smooth_polynomial,2,SW1,1e-12,0.12777777777777788,0.12777777777777788,0.0,0.0,0.0
P0040,smooth_polynomial,2,SW1,1e-12,-0.25555555555555554,-0.25555555555555554,0.0,0.0,0.0
P0041,smooth_polynomial,2,SW1,1e-12,0.04444444444444444,0.04444444444444445,1.3877787807814457e-17,1.925929944387236e-34,0.0
P0042,smooth_polynomial,2,SW1,1e-12,0.49444444444444446,0.49444444444444446,0.0,0.0,0.0
P0043,smooth_polynomial,2,SW1,1e-12,0.11111111111111113,0.11111111111111113,0.0,0.0,0.06111111111111109
P0044,smooth_polynomial,2,SW1,1e-12,0.4111111111111111,0.4111111111111111,0.0,0.0,0.06111111111111106
P0045,smooth_polynomial,2,SW1,1e-12,0.861111111111111,0.8611111111111112,1.1102230246251565e-16,1.232595164407831e-32,0.061111111111111005
P0046,smooth_polynomial,2,SW1,1e-12,0.4444444444444444,0.4444444444444444,0.0,0.0,0.0
P0047,smooth_polynomial,2,SW1,1e-12,0.7444444444444445,0.7444444444444445,0.0,0.0,0.0
P0048,smooth_polynomial,2,SW1,1e-12,1.1944444444444444,1.1944444444444444,0.0,0.0,0.0
P0049,smooth_polynomial,2,SW1,1e-12,-0.46666666666666656,-0.4666666666666666,5.551115123125783e-17,3.0814879110195774e-33,0.0
P0050,smooth_polynomial,2,SW1,1e-12,-0.16666666666666663,-0.16666666666666663,0.0,0.0,0.0
P0051,smooth_polynomial,2,SW1,1e-12,0.2833333333333333,0.2833333333333334,5.551115123125783e-17,3.0814879110195774e-33,0.0
P0052,smooth_polynomial,2,SW1,1e-12,-0.09999999999999998,-0.09999999999999999,1.3877787807814457e-17,1.925929944387236e-34,0.0
P0053,smooth_polynomial,2,SW1,1e-12,0.19999999999999996,0.2,5.551115123125783e-17,3.0814879110195774e-33,0.0
P0054,smooth_polynomial,2,SW1,1e-12,0.6499999999999999,0.65,1.1102230246251565e-16,1.232595164407831e-32,0.0
P0055,smooth_polynomial,2,SW1,1e-12,0.2666666666666667,0.26666666666666666,5.551115123125783e-17,3.0814879110195774e-33,0.0
P0056,smooth_polynomial,2,SW1,1e-12,0.5666666666666665,0.5666666666666667,1.1102230246251565e-16,1.232595164407831e-32,0.0
P0057,smooth_polynomial,2,SW1,1e-12,1.0166666666666664,1.0166666666666666,2.220446049250313e-16,4.930380657631324e-32,0.0
P0058,smooth_polynomial,2,SW1,1e-12,0.6,0.6,0.0,0.0,0.0
P0059,smooth_polynomial,2,SW1,1e-12,0.8999999999999999,0.8999999999999999,0.0,0.0,0.0
P0060,smooth_polynomial,2,SW1,1e-12,1.3499999999999999,1.35,2.220446049250313e-16,4.930380657631324e-32,0.0
P0061,smooth_polynomial,2,SW1,1e-12,-0.3555555555555555,-0.3555555555555555,0.0,0.0,0.0
P0062,smooth_polynomial,2,SW1,1e-12,-0.055555555555555525,-0.055555555555555525,0.0,0.0,0.0
P0063,smooth_polynomial,2,SW1,1e-12,0.3944444444444444,0.3944444444444445,1.1102230246251565e-16,1.232595164407831e-32,0.0
P0064,smooth_polynomial,2,SW1,1e-12,0.011111111111111115,0.011111111111111113,1.734723475976807e-18,3.009265538105056e-36,0.0
P0065,smooth_polynomial,2,SW1,1e-12,0.3111111111111111,0.3111111111111111,0.0,0.0,0.0
P0066,smooth_polynomial,2,SW1,1e-12,0.7611111111111111,0.7611111111111111,0.0,0.0,0.0
P0067,smooth_polynomial,2,SW1,1e-12,0.37777777777777777,0.37777777777777777,0.0,0.0,0.0
P0068,smooth_polynomial,2,SW1,1e-12,0.6777777777777777,0.6777777777777778,1.1102230246251565e-16,1.232595164407831e-32,0.0
P0069,smooth_polynomial,2,SW1,1e-12,1.1277777777777778,1.1277777777777778,0.0,0.0,0.0
P0070,smooth_polynomial,2,SW1,1e-12,0.711111111111111,0.711111111111111,0.0,0.0,0.0
P0071,smooth_polynomial,2,SW1,1e-12,1.011111111111111,1.011111111111111,0.0,0.0,0.0
P0072,smooth_polynomial,2,SW1,1e-12,1.4611111111111108,1.461111111111111,2.220446049250313e-16,4.930380657631324e-32,0.0
P0073,sinusoid,1,SW1,1e-12,0.574817397412244,0.5750459360222461,0.00022853861000204923,5.222989626166875e-08,0.0
P0074,sinusoid,1,SW1,1e-12,0.7298890232282592,0.730415500617587,0.0005264773893277619,2.7717844147337575e-07,0.0
P0075,sinusoid,1,SW1,1e-12,0.8956827004885561,0.8963605256140483,0.000677825125492193,4.5944690074850717e-07,0.0
P0076,sinusoid,1,SW1,1e-12,0.9254998546550299,0.9261899555312407,0.0006901008762107974,4.7623921934691034e-07,0.0
P0077,sinusoid,1,SW1,1e-12,0.6318713533282523,0.6390576474687264,0.007186294140474114,5.164282347341259e-05,0.0
P0078,sinusoid,1,SW1,1e-12,0.7748943466394591,0.7844097681841611,0.009515421544701974,9.05432471733785e-05,0.0
P0079,sinusoid,1,SW1,1e-12,0.915989822233984,0.9232342443900284,0.007244422156044483,5.24816523749882e-05,0.0
P0080,sinusoid,1,SW1,1e-12,0.8904297352272256,0.9005180993532904,0.010088364126064842,0.00010177509074007204,0.0
P0081,sinusoid,1,SW1,1e-12,0.6610420732159628,0.7000858306332174,0.03904375741725463,0.0015244149932574262,0.0
P0082,sinusoid,1,SW1,1e-12,0.7935812574013718,0.8323019291604284,0.03872067175905669,0.0014992904214726104,0.0
P0083,sinusoid,1,SW1,1e-12,0.9121539083711454,0.9410273310610535,0.028873422689908113,0.0008336745378301006,0.05687722551066776
P0084,sinusoid,1,SW1,1e-12,0.8214163900936322,0.8662529935510221,0.044836603457389934,0.002010321009595231,0.0
P0085,sinusoid,1,SW1,1e-12,0.6534544600463293,0.764503363531613,0.11104890348528362,0.012331858965283837,0.0
P0086,sinusoid,1,SW1,1e-12,0.7809788403044919,0.8782525822748479,0.09727374197035599,0.009462180876915395,0.0
P0087,sinusoid,1,SW1,1e-12,0.84495042543333,0.9497626892323064,0.10481226379897646,0.01098561064266623,0.0
P0088,sinusoid,1,SW1,1e-12,0.7299570853935677,0.8175214687028707,0.08756438330930294,0.007667521224338531,0.0
P0089,sinusoid,1,SW1,1e-12,0.6090997347607702,0.8215127058347615,0.21241297107399137,0.045119270280480295,0.0
P0090,sinusoid,1,SW1,1e-12,0.7281591037754731,0.913609165108942,0.18545006133346886,0.034391725248587364,0.05958204727197347
P0091,sinusoid,1,SW1,1e-12,0.7101824869647703,0.9459011273494009,0.23571864038463064,0.055563277424778824,0.0
P0092,sinusoid,1,SW1,1e-12,0.6822127629112325,0.7598968261006515,0.077684063189419,0.006034813673617645,0.0
P0093,sinusoid,1,SW1,1e-12,0.5394099332806536,0.8695171441101668,0.3301072108295132,0.1089707706416407,0.0
P0094,sinusoid,1,SW1,1e-12,0.5857058051248505,0.9373814131120659,0.3516756079872154,0.12367573325317761,0.0
P0095,sinusoid,1,SW1,1e-12,0.6496971623964575,0.9295507997512531,0.2798536373547956,0.07831805834070946,0.0
P0096,sinusoid,1,SW1,1e-12,0.6690222005236404,0.6949930124620182,0.025970811938377802,0.000674483072738587,0.0
P0097,sinusoid,2,SW1,1e-12,0.6477418831732454,0.6479899910323624,0.0002481078591169972,6.155750975561972e-08,0.0
P0098,sinusoid,2,SW1,1e-12,0.7911046813265122,0.7916505965928816,0.0005459152663693789,2.980234780551499e-07,0.0
P0099,sinusoid,2,SW1,1e-12,0.9256532369783166,0.9263431321527904,0.0006898951744738202,4.7595535176226285e-07,0.0
P0100,sinusoid,2,SW1,1e-12,0.8954559885860678,0.8961339865207938,0.0006779979347260046,4.5968119949272754e-07,0.0
P0101,sinusoid,2,SW1,1e-12,0.7566640952206267,0.764503363531613,0.007839268310986247,6.145412765163317e-05,0.0
P0102,sinusoid,2,SW1,1e-12,0.8680294676968778,0.8782525822748479,0.010223114577970094,0.00010451207167430465,0.0
P0103,sinusoid,2,SW1,1e-12,0.9424100029392306,0.9497626892323064,0.0073526862930758385,5.406199572438532e-05,0.010144774567624859
P0104,sinusoid,2,SW1,1e-12,0.8080654886447922,0.8175214687028707,0.009455980058078461,8.941555885877754e-05,0.0
P0105,sinusoid,2,SW1,1e-12,0.8142064471996475,0.8584384631108883,0.04423201591124082,0.001956471231572261,0.0
P0106,sinusoid,2,SW1,1e-12,0.8904081446381134,0.9325665474142472,0.04215840277613381,0.0017773309246347268,0.0
P0107,sinusoid,2,SW1,1e-12,0.9060018030723815,0.9347900511762953,0.028788248103913783,0.0008287632288924955,0.050725120211903896
P0108,sinusoid,2,SW1,1e-12,0.6721688367849327,0.7118049992277586,0.03963616244282597,0.0015710253731940882,0.0
P0109,sinusoid,2,SW1,1e-12,0.8014011084185396,0.9279754323328191,0.12657432391427947,0.01602105947435694,0.0
P0110,sinusoid,2,SW1,1e-12,0.8468124531979218,0.9492985900688871,0.1024861368709653,0.010503408250734234,0.0
P0111,sinusoid,2,SW1,1e-12,0.7736059807964036,0.8724546351889504,0.09884865439254675,0.009771056475217152,0.0
P0112,sinusoid,2,SW1,1e-12,0.49650159931830845,0.5694513006537083,0.07294970133539985,0.005321658924924039,0.0
P0113,sinusoid,2,SW1,1e-12,0.7150949431239626,0.9499013075636804,0.2348063644397178,0.05513402878139757,0.0
P0114,sinusoid,2,SW1,1e-12,0.7303585784586826,0.9160473958699,0.18568881741121745,0.034480336911576454,0.06178152195518294
P0115,sinusoid,2,SW1,1e-12,0.5608090604119913,0.7686846617394372,0.20787560132744587,0.04321226562724721,0.0
P0116,sinusoid,2,SW1,1e-12,0.37559974379278327,0.4193713352114835,0.04377159141870024,0.0019159522153256324,0.0
P0117,sinusoid,2,SW1,1e-12,0.5778205183127039,0.9217768952713512,0.34395637695864734,0.1183059892505191,0.0
P0118,sinusoid,2,SW1,1e-12,0.5079974308958809,0.836512069047858,0.3285146381519771,0.10792186748012446,0.0
P0119,sinusoid,2,SW1,1e-12,0.41003924416883003,0.6350242559949993,0.2249850118261693,0.05061825554642155,0.0
P0120,sinusoid,2,SW1,1e-12,0.32818026097020536,0.2782610877661441,0.04991917320406125,0.002491923853377067,0.0
P0121,smooth_edge,1,SW1,1e-12,0.7797531930825006,0.7968410695441766,0.017087876461675977,0.00029199552196949993,0.0
P0122,smooth_edge,1,SW1,1e-12,0.9228705391215559,0.9682213690407698,0.04535082991921391,0.0020566977743614674,0.0
P0123,smooth_edge,1,SW1,1e-12,0.9918512909308987,0.9997254218438986,0.007874130912999822,6.20019376350594e-05,0.0
P0124,smooth_edge,1,SW1,1e-12,0.9999691960854075,0.9999999950965821,3.0799011174642565e-05,9.485790893357576e-10,0.0
P0125,smooth_edge,1,SW1,1e-12,0.6808137251346097,0.7040516276171624,0.023237902482552752,0.0005400001117886314,0.0
P0126,smooth_edge,1,SW1,1e-12,0.7786314491055936,0.8972159750827483,0.11858452597715474,0.014062289801226488,0.0
P0127,smooth_edge,1,SW1,1e-12,0.880772072653907,0.9945137011005495,0.11374162844664248,0.01293715804169407,0.0
P0128,smooth_edge,1,SW1,1e-12,0.9690676385409592,0.9999946227781964,0.030926984237237165,0.000956478354010316,0.0
P0129,smooth_edge,1,SW1,1e-12,0.5708665902593955,0.5906532827008858,0.01978669244149034,0.0003915131977741309,0.0
P0130,smooth_edge,1,SW1,1e-12,0.5413226006859825,0.7143624294910559,0.1730398288050734,0.02994278235288911,0.0
P0131,smooth_edge,1,SW1,1e-12,0.418725492378038,0.9002495108803148,0.4815240185022768,0.231865380394581,0.0
P0132,smooth_edge,1,SW1,1e-12,0.3310951514377765,0.9941376978036617,0.6630425463658851,0.43962541829135693,0.0
P0133,smooth_edge,1,SW1,1e-12,0.46183691803840177,0.4667159617488687,0.004879043710466935,2.3805067528646954e-05,0.0
P0134,smooth_edge,1,SW1,1e-12,0.38804779581743043,0.4174297935376853,0.02938199772025485,0.0008633017900330611,0.0
P0135,smooth_edge,1,SW1,1e-12,0.32633649065424236,0.31002551887238744,0.01631097178185492,0.0002660478004684675,0.0
P0136,smooth_edge,1,SW1,1e-12,0.3209969870798224,0.1339278883240735,0.18706909875574887,0.034994847709288124,0.0
P0137,smooth_edge,1,SW1,1e-12,0.35981028908618795,0.34675509928171655,0.013055189804471401,0.00017043798083077403,0.0
P0138,smooth_edge,1,SW1,1e-12,0.29942072208902587,0.1703239186438458,0.12909680344518007,0.016665984659763457,0.0
P0139,smooth_edge,1,SW1,1e-12,0.31663344600372284,0.02188127093613046,0.2947521750675924,0.08687884470707663,0.0
P0140,smooth_edge,1,SW1,1e-12,0.32097029042197245,0.0001409919630903207,0.32082929845888214,0.10293143874961848,0.0
P0141,smooth_edge,1,SW1,1e-12,0.26683486869688866,0.2435464707695958,0.02328839792729287,0.0005423494780199389,0.0
P0142,smooth_edge,1,SW1,1e-12,0.20251989143806298,0.05554926015761178,0.1469706312804512,0.021600366458974344,0.0
P0143,smooth_edge,1,SW1,1e-12,0.24645314238844995,0.0011125360328603216,0.24534060635558963,0.06019201312692839,0.0
P0144,smooth_edge,1,SW1,1e-12,0.30294021422559575,1.2858614151064257e-07,0.30294008563945424,0.09177269548723986,0.0
P0145,smooth_edge,1,SW1,1e-12,0.18454487081944881,0.16337423951337943,0.021170631306069387,0.0004481956298975252,0.0
P0146,smooth_edge,1,SW1,1e-12,0.07257998347527123,0.016571944094738476,0.056008039380532754,0.0031369004752513077,0.0
P0147,smooth_edge,1,SW1,1e-12,0.02801135914231123,5.5448524722794907e-05,0.027955910617588432,0.0007815329384585936,0.0
P0148,smooth_edge,1,SW1,1e-12,0.003245277557384926,1.1725539852746633e-10,0.0032452774401295274,1.0531825663413658e-05,0.0
P0149,smooth_edge,2,SW1,1e-12,0.8697316374701227,0.8842526814109779,0.014521043940855183,0.00021086071713224703,0.0
P0150,smooth_edge,2,SW1,1e-12,0.9698904001607148,0.9938389829390936,0.023948582778378746,0.0005735346170928591,0.0
P0151,smooth_edge,2,SW1,1e-12,0.9967546555420196,0.9999949695696981,0.003240314027678548,1.0499634997970375e-05,0.0
P0152,smooth_edge,2,SW1,1e-12,0.9999876786312905,0.9999999999995663,1.2321368275891587e-05,1.518161161901476e-10,0.0
P0153,smooth_edge,2,SW1,1e-12,0.8000585603108661,0.8224934972879262,0.022434936977060116,0.0005033263971646592,0.0
P0154,smooth_edge,2,SW1,1e-12,0.904693855322313,0.9788208895449324,0.07412703422261946,0.005494817202641397,0.0
P0155,smooth_edge,2,SW1,1e-12,0.9552181055001863,0.9998989708060922,0.04468086530590598,0.0019963797244845127,0.0
P0156,smooth_edge,2,SW1,1e-12,0.9878486135358779,0.9999999995245059,0.012151385988627972,0.0001476561814446242,0.0
P0157,smooth_edge,2,SW1,1e-12,0.7153364376404017,0.7375616214876249,0.022225183847223273,0.0004939587970428743,0.0
P0158,smooth_edge,2,SW1,1e-12,0.7747516489340076,0.9297812081694472,0.1550295592354396,0.024034164236734674,0.0
P0159,smooth_edge,2,SW1,1e-12,0.7240583878049394,0.9979746796109501,0.27391629180601074,0.07503013491675563,0.0
P0160,smooth_edge,2,SW1,1e-12,0.6836465285408733,0.9999994785576881,0.31635295001681485,0.10007918898434136,0.0
P0161,smooth_edge,2,SW1,1e-12,0.6204784080170065,0.6302602229177513,0.009781814900744812,9.568390275243323e-05,0.0
P0162,smooth_edge,2,SW1,1e-12,0.6843375396699878,0.791391472673955,0.10705393300396726,0.01146054457161791,0.0
P0163,smooth_edge,2,SW1,1e-12,0.6810613367768015,0.9608342772032357,0.2797729404264342,0.0782728981948531,0.0
P0164,smooth_edge,2,SW1,1e-12,0.6790165952609211,0.9994284955764196,0.3204119003154985,0.10266378586378894,0.0
P0165,smooth_edge,2,SW1,1e-12,0.5167974806733266,0.5083325618141193,0.008464918859207304,7.165485129296349e-05,0.0
P0166,smooth_edge,2,SW1,1e-12,0.5887202790484397,0.5208212853727429,0.06789899367569685,0.004610273342172321,0.0
P0167,smooth_edge,2,SW1,1e-12,0.6690332117803257,0.5498339973124777,0.11919921446784798,0.014208452729752019,0.0
P0168,smooth_edge,2,SW1,1e-12,0.678974440650852,0.6145944982675491,0.06437994238330291,0.004144776981277402,0.0
P0169,smooth_edge,2,SW1,1e-12,0.4069229797356104,0.3854055017324505,0.02151747800315995,0.00046300185961647234,0.0
P0170,smooth_edge,2,SW1,1e-12,0.41592551194641514,0.23745802834390245,0.1784674836025127,0.03185064270341314,0.0
P0171,smooth_edge,2,SW1,1e-12,0.5183638611051643,0.05732417589886871,0.46103968520629557,0.21255759133512012,0.0
P0172,smooth_edge,2,SW1,1e-12,0.6397114298851496,0.0014520391100099098,0.6382593907751397,0.4073750499126525,0.0
P0173,smooth_edge,2,SW1,1e-12,0.2980444953007478,0.2755454045751979,0.022499090725549897,0.0005062090834765254,0.0
P0174,smooth_edge,2,SW1,1e-12,0.1780569926317968,0.0819105771553252,0.09614641547647161,0.0092441332089743,0.0
P0175,smooth_edge,2,SW1,1e-12,0.07348395999041356,0.003018416324708427,0.07046554366570514,0.004965392844103397,0.0
P0176,smooth_edge,2,SW1,1e-12,0.008148681302402608,1.326011943142785e-06,0.008147355290459466,6.637939822897784e-05,0.0
P0177,hard_step,1,SW1,1e-12,1.0000000000001281,1.0,1.2811973704174306e-13,1.641466701964539e-26,1.2811973704174306e-13
P0178,hard_step,1,SW1,1e-12,1.0000000000001281,1.0,1.2811973704174306e-13,1.641466701964539e-26,1.2811973704174306e-13
P0179,hard_step,1,SW1,1e-12,0.32098765432098764,1.0,0.6790123456790124,0.46105776558451456,0.0
P0180,hard_step,1,SW1,1e-12,0.32098765432098764,1.0,0.6790123456790124,0.46105776558451456,0.0
P0181,hard_step,1,SW1,1e-12,0.32098765432098764,0.0,0.32098765432098764,0.10303307422648986,0.0
P0182,hard_step,1,SW1,1e-12,0.32098765432098764,0.0,0.32098765432098764,0.10303307422648986,0.0
P0183,hard_step,1,SW1,1e-12,0.32098765432098764,0.0,0.32098765432098764,0.10303307422648986,0.0
P0184,hard_step,1,SW1,1e-12,0.32098765432098764,0.0,0.32098765432098764,0.10303307422648986,0.0
P0185,hard_step,1,SW1,1e-12,-8.204548151979907e-14,0.0,8.204548151979907e-14,6.73146103781569e-27,8.204548151979907e-14
P0186,hard_step,2,SW1,1e-12,1.0000000000000822,1.0,8.215650382226158e-14,6.749691120297282e-27,8.215650382226158e-14
P0187,hard_step,2,SW1,1e-12,1.0000000000000822,1.0,8.215650382226158e-14,6.749691120297282e-27,8.215650382226158e-14
P0188,hard_step,2,SW1,1e-12,0.6790123456790123,1.0,0.32098765432098775,0.10303307422648993,0.0
P0189,hard_step,2,SW1,1e-12,0.6790123456790123,1.0,0.32098765432098775,0.10303307422648993,0.0
P0190,hard_step,2,SW1,1e-12,0.6790123456790123,1.0,0.32098765432098775,0.10303307422648993,0.0
P0191,hard_step,2,SW1,1e-12,0.6790123456790123,1.0,0.32098765432098775,0.10303307422648993,0.0
P0192,hard_step,2,SW1,1e-12,0.6790123456790123,0.0,0.6790123456790123,0.46105776558451445,0.0
P0193,hard_step,2,SW1,1e-12,0.6790123456790123,0.0,0.6790123456790123,0.46105776558451445,0.0
P0194,hard_step,2,SW1,1e-12,-1.2820608772143611e-13,0.0,1.2820608772143611e-13,1.643680092883657e-26,1.2820608772143611e-13
P0195,kink,1,SW1,1e-12,0.4239600140811415,0.4533333333333333,0.029373319252191832,0.0008627918838911833,0.0
P0196,kink,1,SW1,1e-12,-0.12443305208433197,-0.13333333333333333,0.008900281249001357,7.921500631132515e-05,0.0
P0197,kink,1,SW1,1e-12,0.2688703563305127,0.29333333333333333,0.02446297700282063,0.0005984372438405309,0.0
P0198,kink,1,SW1,1e-12,0.1927697000885584,0.15583333333333332,0.036936366755225075,0.0013642951890764962,0.0
P0199,kink,1,SW1,1e-12,-0.11664297711038489,-0.04583333333333333,0.07080964377705157,0.005014005651832938,0.0
P0200,kink,1,SW1,1e-12,0.16888734739173336,0.10083333333333333,0.06805401405840003,0.004631348829460909,0.0
P0201,kink,1,SW1,1e-12,0.07910608204663444,-0.014000000000000004,0.09310608204663444,0.008668742514074623,0.0
P0202,kink,1,SW1,1e-12,-0.1911778599968229,-0.07583333333333335,0.11534452666348956,0.013304359831224454,0.0
P0203,kink,1,SW1,1e-12,0.18073143437039124,0.05250000000000001,0.12823143437039122,0.01644330076068795,0.02176856562960877
P0204,kink,1,SW1,1e-12,-0.017430980794215865,-0.05,0.03256901920578414,0.001060741012026736,0.0
P0205,kink,1,SW1,1e-12,-0.3099142303372586,-0.27083333333333337,0.03908089700392525,0.0015273165106314138,0.0
P0206,kink,1,SW1,1e-12,0.23654737627216607,0.1875,0.04904737627216607,0.0024056451191834393,0.0
P0207,kink,1,SW1,1e-12,-0.09370393570133984,-0.09200000000000001,0.0017039357013398232,2.9033968743004353e-06,0.0
P0208,kink,1,SW1,1e-12,-0.4776573889993137,-0.49833333333333346,0.020675944334019758,0.00042749467410348375,0.0
P0209,kink,1,SW1,1e-12,0.33195652173908496,0.3450000000000001,0.01304347826091512,0.00017013232514296532,0.0
P0210,kink,2,SW1,1e-12,0.7142078122683698,0.7366666666666667,0.022458854398296868,0.0005044001408838985,0.0
P0211,kink,2,SW1,1e-12,-0.21073282895704892,-0.21666666666666667,0.005933837709617751,3.5210429964081635e-05,0.0
P0212,kink,2,SW1,1e-12,0.4592886315694664,0.47666666666666674,0.017378035097200317,0.000301996103839526,0.0
P0213,kink,2,SW1,1e-12,0.4454747792882633,0.4391666666666666,0.006308112621596695,3.9792284846747536e-05,0.0
P0214,kink,2,SW1,1e-12,-0.15642577128268922,-0.12916666666666665,0.027259104616022573,0.0007430587844672631,0.0
P0215,kink,2,SW1,1e-12,0.30697703675389365,0.2841666666666667,0.022810370087226972,0.000520312983516259,0.0
P0216,kink,2,SW1,1e-12,0.2538363995721099,0.18416666666666662,0.06966973290544329,0.004853871683115807,0.0
P0217,kink,2,SW1,1e-12,-0.14058726693005824,-0.054166666666666655,0.08642060026339159,0.007468520149884918,0.0
P0218,kink,2,SW1,1e-12,0.21525481653209338,0.11916666666666664,0.09608814986542674,0.00923293254456071,0.0
P0219,kink,2,SW1,1e-12,0.08015439504909169,-0.010000000000000004,0.0901543950490917,0.008127814946667691,0.0
P0220,kink,2,SW1,1e-12,-0.1639720709820236,-0.05416666666666669,0.1098054043153569,0.012057226816859,0.0
P0221,kink,2,SW1,1e-12,0.1668485241036612,0.03750000000000002,0.12934852410366116,0.01673104068779541,0.0
P0222,kink,2,SW1,1e-12,-0.054627896198270846,-0.05200000000000001,0.002627896198270835,6.905838428886307e-06,0.0
P0223,kink,2,SW1,1e-12,-0.25305751173706026,-0.28166666666666673,0.028609154929606473,0.0008184837457862263,0.0
P0224,kink,2,SW1,1e-12,0.17601265822778642,0.19500000000000006,0.018987341772213645,0.0003605191475748492,0.0
P0225,thin_feature,1,SW1,1e-12,0.40329247714929295,8.364834722972767e-05,0.4032088288020632,0.16257735962393152,0.0
P0226,thin_feature,1,SW1,1e-12,0.5698317928959447,0.0551441169483479,0.5146876759475968,0.2649034037723384,0.0
P0227,thin_feature,1,SW1,1e-12,0.6296156112968614,0.3523219549954969,0.2772936563013645,0.07689177182497926,0.0
P0228,thin_feature,1,SW1,1e-12,0.08998671501313356,0.4111122905071876,0.32112557549405407,0.10312163523638743,0.0
P0229,thin_feature,1,SW1,1e-12,0.35867708680857513,0.7600672046071238,0.4013901177985487,0.16111402666633282,0.0
P0230,thin_feature,1,SW1,1e-12,0.5413440028669855,0.9059551911095096,0.36461118824252414,0.13294131859162536,0.0
P0231,thin_feature,1,SW1,1e-12,4.140725746754079e-06,0.24935220877729616,0.2493480680515494,0.06217445904104012,4.140725746754078e-07
P0232,thin_feature,1,SW1,1e-12,0.023455173837412194,0.651375231630207,0.6279200577927948,0.3942835989785068,0.0023455173837411344
P0233,thin_feature,1,SW1,1e-12,0.2770575956799766,0.8569968914352788,0.5799392957553022,0.33632958676115593,0.027705386902680457
P0234,thin_feature,1,SW1,1e-12,0.04081540288102274,1.8664469113520537e-05,0.04079673841190922,0.0016643738650497493,0.0
P0235,thin_feature,1,SW1,1e-12,0.16271428261528564,0.0347085864128538,0.12800569620243185,0.016385458260269277,0.0
P0236,thin_feature,1,SW1,1e-12,0.26148864103873043,0.29823409618142144,0.03674545514269101,0.001350228473643517,0.0
P0237,thin_feature,1,SW1,1e-12,0.18292194499272796,1.7241209390354996e-13,0.18292194499255554,0.033460437959859514,0.0
P0238,thin_feature,1,SW1,1e-12,0.25845946988179214,0.00011499237699560167,0.25834447750479655,0.06674186905722633,0.0
P0239,thin_feature,1,SW1,1e-12,0.28638092372064455,0.03818043380053571,0.24820048992010885,0.06160348319658205,0.0
P0240,thin_feature,2,SW1,1e-12,0.18292194499272812,1.724120939035518e-13,0.1829219449925557,0.033460437959859576,0.0
P0241,thin_feature,2,SW1,1e-12,0.25845946988179214,0.00011499237699560208,0.25834447750479655,0.06674186905722633,0.0
P0242,thin_feature,2,SW1,1e-12,0.28638092372064455,0.03818043380053579,0.24820048992010876,0.061603483196582015,0.0
P0243,thin_feature,2,SW1,1e-12,0.040815402881022714,1.8664469113520635e-05,0.04079673841190919,0.0016643738650497471,0.0
P0244,thin_feature,2,SW1,1e-12,0.1627142826152856,0.03470858641285385,0.12800569620243174,0.01638545826026925,0.0
P0245,thin_feature,2,SW1,1e-12,0.2614886410387304,0.29823409618142166,0.036745455142691286,0.0013502284736435376,0.0
P0246,thin_feature,2,SW1,1e-12,4.140725746754079e-06,0.24935220877729639,0.24934806805154963,0.06217445904104023,4.140725746754078e-07
P0247,thin_feature,2,SW1,1e-12,0.023455173837412194,0.6513752316302073,0.627920057792795,0.39428359897850707,0.0023455173837411344
P0248,thin_feature,2,SW1,1e-12,0.2770575956799767,0.8569968914352789,0.5799392957553022,0.33632958676115593,0.027705386902680512
P0249,thin_feature,2,SW1,1e-12,0.08998671501313364,0.411112290507187,0.32112557549405335,0.10312163523638695,0.0
P0250,thin_feature,2,SW1,1e-12,0.35867708680857524,0.7600672046071234,0.40139011779854816,0.16111402666633237,0.0
P0251,thin_feature,2,SW1,1e-12,0.5413440028669855,0.9059551911095095,0.36461118824252403,0.1329413185916253,0.0
P0252,thin_feature,2,SW1,1e-12,0.4032924771492926,8.364834722972738e-05,0.4032088288020629,0.16257735962393124,0.0
P0253,thin_feature,2,SW1,1e-12,0.5698317928959444,0.055144116948347775,0.5146876759475967,0.2649034037723383,0.0
P0254,thin_feature,2,SW1,1e-12,0.6296156112968614,0.35232195499549673,0.27729365630136465,0.07689177182497935,0.0
P0255,mixed_frequency,1,SW1,1e-12,0.5018692150414517,0.49935542472536626,0.002513790316085396,6.319141753244714e-06,0.0
P0256,mixed_frequency,1,SW1,1e-12,0.43237834254631413,0.45555610868671437,0.023177766140400236,0.0005372088432590836,0.0
P0257,mixed_frequency,1,SW1,1e-12,0.2776341156279853,0.155213372665013,0.12242074296297228,0.014986838307606129,0.0
P0258,mixed_frequency,1,SW1,1e-12,0.6865131831307899,0.7427118258953607,0.05619864276457076,0.0031582874485798417,0.0
P0259,mixed_frequency,1,SW1,1e-12,0.7013984912196036,0.5406964779017696,0.16070201331783407,0.025825137084405318,0.0
P0260,mixed_frequency,1,SW1,1e-12,0.4550844444058518,0.4170475535071272,0.038036890898724585,0.0014468050692414771,0.0
P0261,mixed_frequency,1,SW1,1e-12,0.5322815026523551,0.47535988945488694,0.056921613197468135,0.0032400700490021785,0.0
P0262,mixed_frequency,1,SW1,1e-12,0.5893584646426298,0.6686000035176052,0.07924153887497543,0.006279221483274242,0.0
P0263,mixed_frequency,1,SW1,1e-12,0.3640402315519655,0.28032091330418796,0.08371931824777756,0.007008924247872661,0.0
P0264,mixed_frequency,1,SW1,1e-12,0.49312504063985685,0.4747727588702795,0.018352281769577372,0.00033680624614996195,0.0
P0265,mixed_frequency,1,SW1,1e-12,0.5284517973872132,0.4673856494865241,0.06106614790068904,0.0037290744194288282,0.0
P0266,mixed_frequency,1,SW1,1e-12,0.48082321631711195,0.4334862851454516,0.047336931171660324,0.002240785052750507,0.0
P0267,mixed_frequency,1,SW1,1e-12,0.6959913665795263,0.6773719504742064,0.01861941610531992,0.0003466826561030468,0.0
P0268,mixed_frequency,1,SW1,1e-12,0.5533666778372601,0.4548365472979632,0.09853013053929693,0.009708186624090894,0.0
P0269,mixed_frequency,1,SW1,1e-12,0.6865683165372245,0.6986226099788257,0.01205429344160125,0.0001453059903762309,0.0
P0270,mixed_frequency,1,SW1,1e-12,0.29622925299206193,0.23943781507349454,0.05679143791856739,0.003225267420858494,4.848290440573333e-05
P0271,mixed_frequency,1,SW1,1e-12,0.4856599881826032,0.4664184217464979,0.019241566436105306,0.0003702378789150543,0.0
P0272,mixed_frequency,1,SW1,1e-12,0.4602839337860217,0.4844869960552387,0.02420306226921698,0.0005857882232075946,0.0
P0273,mixed_frequency,1,SW1,1e-12,0.6844783731001739,0.7668339405122937,0.0823555674121198,0.006782439483772209,0.0
P0274,mixed_frequency,1,SW1,1e-12,0.5636426296726711,0.6036770727120775,0.0400344430394064,0.0016027566294754753,0.0
P0275,mixed_frequency,1,SW1,1e-12,0.541565829478568,0.5801958680494812,0.03863003857091318,0.0014922798799902402,0.0
P0276,mixed_frequency,1,SW1,1e-12,0.47549499571041304,0.43425126660147423,0.04124372910893881,0.0017010451908115265,0.0
P0277,mixed_frequency,1,SW1,1e-12,0.6259016155758504,0.6813224182546447,0.055420802678794234,0.003071465369561846,0.015513158189294107
P0278,mixed_frequency,1,SW1,1e-12,0.2724502845220179,0.29829739986517656,0.025847115343158644,0.000668073371562547,0.0
P0279,mixed_frequency,1,SW1,1e-12,0.4491914469446295,0.45224178202853027,0.0030503350839007903,9.304544124076042e-06,0.0
P0280,mixed_frequency,1,SW1,1e-12,0.5832879772379856,0.48763067251845843,0.09565730471952721,0.009150319946204483,0.0
P0281,mixed_frequency,1,SW1,1e-12,0.49616473713076936,0.5701012749830773,0.07393653785230792,0.005466611629585761,0.0
P0282,mixed_frequency,1,SW1,1e-12,0.5295030549981636,0.5623229858879404,0.03281993088977675,0.001077147863609722,0.0
P0283,mixed_frequency,1,SW1,1e-12,0.5875149805026855,0.7666319644998695,0.179116983997184,0.03208289395624747,0.0
P0284,mixed_frequency,1,SW1,1e-12,0.49852727774799616,0.5391611189168729,0.04063384116887675,0.001651109048137503,0.0
P0285,mixed_frequency,1,SW1,1e-12,0.6766429805777994,0.6887178293753018,0.012074848797502424,0.00014580197348254575,0.0
P0286,mixed_frequency,1,SW1,1e-12,0.32584059055501197,0.2988924441998043,0.026948146355207647,0.0007262025919816912,0.0
P0287,mixed_frequency,1,SW1,1e-12,0.4269701964865738,0.4271356910831181,0.0001654945965443022,2.7388461485361365e-08,0.0
P0288,mixed_frequency,1,SW1,1e-12,0.3750363810264181,0.2645103235299279,0.1105260574964902,0.012216009385717456,0.0
P0289,mixed_frequency,1,SW1,1e-12,0.5138142259365004,0.43919422396993496,0.07462000196656543,0.0055681446934902285,0.0
P0290,mixed_frequency,1,SW1,1e-12,0.33131303800137635,0.35253116173124965,0.021218123729873306,0.0004502087746162127,0.0
P0291,mixed_frequency,1,SW1,1e-12,0.34450359804569997,0.3719201334216269,0.02741653537592692,0.0007516664120194523,0.0
P0292,mixed_frequency,1,SW1,1e-12,0.5269419961787937,0.5405693019751132,0.013627305796319544,0.00018570346326640425,0.0
P0293,mixed_frequency,1,SW1,1e-12,0.5195568854102279,0.5848295787523584,0.06527269334213048,0.004260524496135805,0.0
P0294,mixed_frequency,1,SW1,1e-12,0.5289294276689247,0.5409906345655865,0.012061206896661791,0.00014547271180408196,0.0
P0295,mixed_frequency,1,SW1,1e-12,0.6064704285106205,0.6740210161891979,0.06755058767857736,0.004563081895721167,0.018431706143068216
P0296,mixed_frequency,1,SW1,1e-12,0.4738487692759779,0.43882666894757716,0.03502210032840075,0.001226547511412568,0.0
P0297,mixed_frequency,1,SW1,1e-12,0.4175505153993352,0.4085314772238543,0.009019038175480887,8.13430496107816e-05,0.0
P0298,mixed_frequency,1,SW1,1e-12,0.5687053643318646,0.5515396754151357,0.017165688916728872,0.0002946608759859084,0.0
P0299,mixed_frequency,1,SW1,1e-12,0.46129298518292083,0.45758380838567025,0.0037091767972505796,1.3757992513262067e-05,0.0
P0300,mixed_frequency,1,SW1,1e-12,0.5985966373235718,0.6005499470896327,0.0019533097660608956,3.815419042188871e-06,0.0
P0301,mixed_frequency,1,SW1,1e-12,0.2600809061311491,0.2456362579031397,0.014444648228009394,0.00020864786243093492,0.019123559405938906
P0302,mixed_frequency,1,SW1,1e-12,0.3486067239124031,0.3270528513166872,0.021553872595715895,0.00046456942387235265,0.0
P0303,mixed_frequency,1,SW1,1e-12,0.469001661690726,0.4633290863928645,0.005672575297861471,3.217811050990815e-05,0.0
P0304,mixed_frequency,1,SW1,1e-12,0.4821197076447715,0.4944074046768252,0.01228769703205368,0.0001509874983515408,0.0
P0305,mixed_frequency,1,SW1,1e-12,0.5482363331651021,0.535141282,0.013095051165102123,0.00017148036501664246,0.0
P0306,mixed_frequency,1,SW1,1e-12,0.5548742969450198,0.4813603793968585,0.07351391754816128,0.0054042960732778545,0.0
P0307,mixed_frequency,1,SW1,1e-12,0.4466637474201818,0.44916240885229025,0.0024986614321084732,6.243308952306366e-06,0.0
P0308,mixed_frequency,1,SW1,1e-12,0.4079192430207615,0.3619738362318022,0.04594540678895931,0.002110980405002948,0.0
P0309,mixed_frequency,1,SW1,1e-12,0.5279415118319681,0.5383224304502269,0.010380918618258739,0.00010776347135891092,0.0
P0310,mixed_frequency,1,SW1,1e-12,0.3165100723043764,0.3926499743554235,0.07613990205104709,0.0057972846843430455,0.0
P0311,mixed_frequency,1,SW1,1e-12,0.42408012772486425,0.42040974436429945,0.0036703833605647995,1.3471714013510951e-05,0.0
P0312,mixed_frequency,1,SW1,1e-12,0.5878606392447174,0.6101470394713223,0.022286400226604886,0.0004966836350604143,0.0
P0313,mixed_frequency,1,SW1,1e-12,0.5423977738626204,0.5479313452317733,0.00553357136915289,3.0620412097508585e-05,0.0
P0314,mixed_frequency,1,SW1,1e-12,0.845962859149489,0.8500388285880128,0.004075969438523841,1.6613526863780354e-05,0.009839992195786462
P0315,mixed_frequency,1,SW1,1e-12,0.42246245573918023,0.41205449093146773,0.0104079648077125,0.00010832573143858189,0.0043630130555538105
P0316,mixed_frequency,1,SW1,1e-12,0.5910622930310443,0.6085826163686509,0.017520323337606558,0.000306961729854281,0.0
P0317,mixed_frequency,1,SW1,1e-12,0.43589945872166,0.429892434580156,0.006007024141504003,3.60843390366119e-05,0.0
P0318,mixed_frequency,1,SW1,1e-12,0.4350307371232528,0.39204653808406975,0.042984199039183046,0.0018476413670401048,0.0
P0319,mixed_frequency,2,SW1,1e-12,0.7015162570909538,0.8140327948345307,0.11251653774357695,0.012659971265801777,0.0
P0320,mixed_frequency,2,SW1,1e-12,0.5535968930430333,0.5548865092370293,0.0012896161939960349,1.6631099278168188e-06,0.0
P0321,mixed_frequency,2,SW1,1e-12,0.3143742438902425,0.3967439560775554,0.08236971218731293,0.006784769485820768,0.0
P0322,mixed_frequency,2,SW1,1e-12,0.6315913281703353,0.6303496925970249,0.0012416355733103623,1.541658896909752e-06,0.0
P0323,mixed_frequency,2,SW1,1e-12,0.26328782412128127,0.276272829973252,0.01298500585197071,0.00016861037697571358,0.0
P0324,mixed_frequency,2,SW1,1e-12,0.4728276061547464,0.3680034887100495,0.10482411744469688,0.010988095598059605,0.0
P0325,mixed_frequency,2,SW1,1e-12,0.7152363388866793,0.6634508837330682,0.051785455153611104,0.002681733365466667,0.0
P0326,mixed_frequency,2,SW1,1e-12,0.6314019240788651,0.6508270799207778,0.019425155841912733,0.0003773366794825964,0.0
P0327,mixed_frequency,2,SW1,1e-12,0.5146652467579514,0.5333568294057774,0.018691582647826,0.00034937526188051,0.0
P0328,mixed_frequency,2,SW1,1e-12,0.6142683155451322,0.6678860836431736,0.05361776809804142,0.002874865055815348,0.0
P0329,mixed_frequency,2,SW1,1e-12,0.4729618755989008,0.48087471401390125,0.007912838415000456,6.261301178190693e-05,0.0
P0330,mixed_frequency,2,SW1,1e-12,0.37266706167661984,0.3476791051625945,0.024987956514025356,0.0006243979707468222,0.0
P0331,mixed_frequency,2,SW1,1e-12,0.30925488767271214,0.20720898854505576,0.10204589912765638,0.01041336552877182,0.0
P0332,mixed_frequency,2,SW1,1e-12,0.5854547183827622,0.6153000035934494,0.02984528521068719,0.0008907410493072635,0.0
P0333,mixed_frequency,2,SW1,1e-12,0.13772867396293187,0.0649946518336959,0.07273402212923596,0.005290237975096187,0.0
P0334,mixed_frequency,2,SW1,1e-12,0.4707055902455398,0.5226072573180978,0.051901667072557944,0.0026937830449106455,0.0
P0335,mixed_frequency,2,SW1,1e-12,0.4831151577537335,0.3957690317599277,0.08734612599380576,0.00762934572612579,0.0
P0336,mixed_frequency,2,SW1,1e-12,0.6168856298495957,0.7552761193165396,0.13839048946694388,0.019151927574900304,0.0
P0337,mixed_frequency,2,SW1,1e-12,0.39323132301341895,0.48475446913807674,0.09152314612465778,0.008376486276555462,0.0
P0338,mixed_frequency,2,SW1,1e-12,0.6601199578494495,0.6651371781040039,0.005017220254554311,2.5172499082710023e-05,0.0
P0339,mixed_frequency,2,SW1,1e-12,0.6816701205177034,0.7408408381328755,0.05917071761517212,0.00350117382309444,0.015059565404864306
P0340,mixed_frequency,2,SW1,1e-12,0.506912638390012,0.5689577717014875,0.06204513331147554,0.003849598567638772,0.0
P0341,mixed_frequency,2,SW1,1e-12,0.4100522024093808,0.2574974214481519,0.15255478096122888,0.02327296119412852,0.0
P0342,mixed_frequency,2,SW1,1e-12,0.5282974817465421,0.5173737037104447,0.010923778036097453,0.00011932892658192514,0.0
P0343,mixed_frequency,2,SW1,1e-12,0.4008786801370185,0.48324739685668694,0.08236871671966844,0.006784605494044988,0.0
P0344,mixed_frequency,2,SW1,1e-12,0.34963027697320703,0.270052112801759,0.07957816417144803,0.006332684212897934,0.0
P0345,mixed_frequency,2,SW1,1e-12,0.5051451708052901,0.49531618841216574,0.009828982393124353,9.660889488434853e-05,0.0
P0346,mixed_frequency,2,SW1,1e-12,0.21574615348907064,0.16971157929838276,0.04603457419068788,0.0021191820209179465,0.04040080756903228
P0347,mixed_frequency,2,SW1,1e-12,0.6463746732545866,0.6635927865275683,0.017218113272981617,0.00029646342468122574,0.0
P0348,mixed_frequency,2,SW1,1e-12,0.4314837444983797,0.3179991471566734,0.1134845973417063,0.01287875383380921,0.0
P0349,mixed_frequency,2,SW1,1e-12,0.6059115487510801,0.6303959865910851,0.02448443784000498,0.0005994876963410677,0.0
P0350,mixed_frequency,2,SW1,1e-12,0.4291581147947697,0.35492709939749145,0.07423101539727822,0.005510243646910957,0.0
P0351,mixed_frequency,2,SW1,1e-12,0.4204245173431929,0.3906606716516097,0.02976384569158319,0.0008858865103523753,0.0
P0352,mixed_frequency,2,SW1,1e-12,0.42916030545847983,0.4275323977379478,0.001627907720532007,2.650083546567715e-06,0.0
P0353,mixed_frequency,2,SW1,1e-12,0.5128423218395503,0.6041255480496204,0.09128322621007012,0.008332627387318834,0.0
P0354,mixed_frequency,2,SW1,1e-12,0.4602544297551922,0.4412332367188725,0.019021193036319717,0.00036180578452493767,0.0
P0355,mixed_frequency,2,SW1,1e-12,0.521202092872974,0.609299498114648,0.08809740524167398,0.0077611528103157254,0.0
P0356,mixed_frequency,2,SW1,1e-12,0.7173547010317409,0.7689757838647319,0.05162108283299094,0.0026647361928505116,0.0
P0357,mixed_frequency,2,SW1,1e-12,0.49000451310008025,0.5332989647948638,0.043294451694783576,0.0018744095475519485,0.0
P0358,mixed_frequency,2,SW1,1e-12,0.44242239680753087,0.41575437560416867,0.026668021203362202,0.000711183354902976,0.0
P0359,mixed_frequency,2,SW1,1e-12,0.12905352235789966,0.04017781537158405,0.08887570698631561,0.007898891292317429,0.0
P0360,mixed_frequency,2,SW1,1e-12,0.564524994296143,0.5542356586168614,0.010289335679281586,0.00010587042872093706,0.0
P0361,mixed_frequency,2,SW1,1e-12,0.44086965726713867,0.6474451945759677,0.20657553730882905,0.04267345261443142,0.0
P0362,mixed_frequency,2,SW1,1e-12,0.5630473263908058,0.5504878096411179,0.012559516749687916,0.0001577414609856913,0.0
P0363,mixed_frequency,2,SW1,1e-12,0.32617619104658924,0.2947314072873603,0.031444783759228934,0.0009887744256646678,0.0
P0364,mixed_frequency,2,SW1,1e-12,0.7035875563661693,0.718965854204543,0.015378297838373634,0.00023649204440572718,0.0
P0365,mixed_frequency,2,SW1,1e-12,0.24501574202116977,0.2420960937654339,0.002919648255735874,8.524345937221531e-06,0.0
P0366,mixed_frequency,2,SW1,1e-12,0.36577587664249117,0.3304965060026291,0.035279370639862084,0.001244633992744763,0.0
P0367,mixed_frequency,2,SW1,1e-12,0.5316959072175741,0.3705258094086487,0.16117009780892538,0.025975800427738574,0.0
P0368,mixed_frequency,2,SW1,1e-12,0.6415563919993459,0.6512758947908197,0.009719502791473822,9.446873451346741e-05,0.0
P0369,mixed_frequency,2,SW1,1e-12,0.6752162270788196,0.6719703535433057,0.0032458735355138657,1.0535695008549283e-05,0.0
P0370,mixed_frequency,2,SW1,1e-12,0.44401098899450486,0.46107812920209956,0.0170671402075947,0.0002912872748656957,0.0
P0371,mixed_frequency,2,SW1,1e-12,0.7068346669520754,0.791170460656414,0.08433579370433864,0.007112526099740764,0.0
P0372,mixed_frequency,2,SW1,1e-12,0.5619296355473333,0.533951223416073,0.02797841213126029,0.0007827915453866529,0.0
P0373,mixed_frequency,2,SW1,1e-12,0.3505521783321104,0.31761767180206096,0.03293450653004942,0.0010846817203778681,0.0
P0374,mixed_frequency,2,SW1,1e-12,0.6012122001413274,0.6098001802240762,0.008587980082748858,7.375340190169108e-05,0.0
P0375,mixed_frequency,2,SW1,1e-12,0.696437036502316,0.7417467047610486,0.045309668258732616,0.002052966037716402,0.0
P0376,mixed_frequency,2,SW1,1e-12,0.42337459529601246,0.3436031187899571,0.07977147650605537,0.006363488463956144,0.0
P0377,mixed_frequency,2,SW1,1e-12,0.49802039495571776,0.5015638929582081,0.003543498002490375,1.2556378093653277e-05,0.0
P0378,mixed_frequency,2,SW1,1e-12,0.73849264911018,0.7714303015145285,0.03293765240434854,0.0010848889459096872,0.0
P0379,mixed_frequency,2,SW1,1e-12,0.3216580297760959,0.33214085095807067,0.010482821181974744,0.00010988953993325837,0.0
P0380,mixed_frequency,2,SW1,1e-12,0.5619558603969848,0.5278122067042186,0.034143653692766174,0.0011657890874915452,0.0
P0381,mixed_frequency,2,SW1,1e-12,0.5027151333412171,0.3212502519429321,0.18146488139828498,0.03292950318089363,0.0
P0382,mixed_frequency,2,SW1,1e-12,0.38661263007222246,0.2252611572341287,0.16135147283809376,0.02603429778702211,0.0
P0001,smooth_polynomial,1,SW1,1e-10,-0.2722222222222222,-0.2722222222222222,0.0,0.0,0.0
P0002,smooth_polynomial,1,SW1,1e-10,0.027777777777777846,0.02777777777777779,5.551115123125783e-17,3.0814879110195774e-33,0.0
P0003,smooth_polynomial,1,SW1,1e-10,0.47777777777777786,0.4777777777777778,5.551115123125783e-17,3.0814879110195774e-33,0.0
P0004,smooth_polynomial,1,SW1,1e-10,-0.08888888888888889,-0.08888888888888888,1.3877787807814457e-17,1.925929944387236e-34,0.0
P0005,smooth_polynomial,1,SW1,1e-10,0.21111111111111108,0.2111111111111111,2.7755575615628914e-17,7.703719777548943e-34,0.0
P0006,smooth_polynomial,1,SW1,1e-10,0.6611111111111111,0.6611111111111111,0.0,0.0,0.0
P0007,smooth_polynomial,1,SW1,1e-10,0.09444444444444446,0.09444444444444444,1.3877787807814457e-17,1.925929944387236e-34,0.04444444444444441
P0008,smooth_polynomial,1,SW1,1e-10,0.3944444444444444,0.39444444444444443,5.551115123125783e-17,3.0814879110195774e-33,0.04444444444444434
P0009,smooth_polynomial,1,SW1,1e-10,0.8444444444444443,0.8444444444444444,1.1102230246251565e-16,1.232595164407831e-32,0.04444444444444429
P0010,smooth_polynomial,1,SW1,1e-10,0.26111111111111107,0.2611111111111111,5.551115123125783e-17,3.0814879110195774e-33,0.0
P0011,smooth_polynomial,1,SW1,1e-10,0.561111111111111,0.5611111111111111,1.1102230246251565e-16,1.232595164407831e-32,0.0
P0012,smooth_polynomial,1,SW1,1e-10,1.011111111111111,1.011111111111111,0.0,0.0,0.0
P0013,smooth_polynomial,1,SW1,1e-10,-0.23333333333333328,-0.2333333333333333,2.7755575615628914e-17,7.703719777548943e-34,0.0
P0014,smooth_polynomial,1,SW1,1e-10,0.06666666666666667,0.06666666666666668,1.3877787807814457e-17,1.925929944387236e-34,0.0
P0015,smooth_polynomial,1,SW1,1e-10,0.5166666666666667,0.5166666666666667,0.0,0.0,0.0
P0016,smooth_polynomial,1,SW1,1e-10,-0.04999999999999999,-0.049999999999999996,6.938893903907228e-18,4.81482486096809e-35,0.0
P0017,smooth_polynomial,1,SW1,1e-10,0.25,0.25,0.0,0.0,0.0
P0018,smooth_polynomial,1,SW1,1e-10,0.7,0.7,0.0,0.0,0.0
P0019,smooth_polynomial,1,SW1,1e-10,0.13333333333333336,0.13333333333333333,2.7755575615628914e-17,7.703719777548943e-34,0.0
P0020,smooth_polynomial,1,SW1,1e-10,0.4333333333333333,0.43333333333333335,5.551115123125783e-17,3.0814879110195774e-33,0.0
P0021,smooth_polynomial,1,SW1,1e-10,0.8833333333333333,0.8833333333333333,0.0,0.0,0.0
P0022,smooth_polynomial,1,SW1,1e-10,0.3,0.3,0.0,0.0,0.0
P0023,smooth_polynomial,1,SW1,1e-10,0.6,0.6,0.0,0.0,0.0
P0024,smooth_polynomial,1,SW1,1e-10,1.0499999999999998,1.05,2.220446049250313e-16,4.930380657631324e-32,0.0
P0025,smooth_polynomial,1,SW1,1e-10,-0.20555555555555555,-0.20555555555555555,0.0,0.0,0.0
P0026,smooth_polynomial,1,SW1,1e-10,0.09444444444444444,0.09444444444444444,0.0,0.0,0.0
P0027,smooth_polynomial,1,SW1,1e-10,0.5444444444444445,0.5444444444444445,0.0,0.0,0.0
P0028,smooth_polynomial,1,SW1,1e-10,-0.02222222222222222,-0.02222222222222222,0.0,0.0,0.02222222222222222
P0029,smooth_polynomial,1,SW1,1e-10,0.2777777777777778,0.2777777777777778,0.0,0.0,0.0222222222222222
P0030,smooth_polynomial,1,SW1,1e-10,0.7277777777777777,0.7277777777777777,0.0,0.0,0.022222222222222254
P0031,smooth_polynomial,1,SW1,1e-10,0.1611111111111111,0.1611111111111111,0.0,0.0,0.0
P0032,smooth_polynomial,1,SW1,1e-10,0.46111111111111114,0.4611111111111111,5.551115123125783e-17,3.0814879110195774e-33,0.0
P0033,smooth_polynomial,1,SW1,1e-10,0.911111111111111,0.9111111111111111,1.1102230246251565e-16,1.232595164407831e-32,0.0
P0034,smooth_polynomial,1,SW1,1e-10,0.3277777777777777,0.3277777777777778,5.551115123125783e-17,3.0814879110195774e-33,0.0
P0035,smooth_polynomial,1,SW1,1e-10,0.6277777777777778,0.6277777777777778,0.0,0.0,0.0
P0036,smooth_polynomial,1,SW1,1e-10,1.0777777777777777,1.0777777777777777,0.0,0.0,0.0
P0037,smooth_polynomial,2,SW1,1e-10,-0.622222222222222,-0.6222222222222221,1.1102230246251565e-16,1.232595164407831e-32,0.0
P0038,smooth_polynomial,2,SW1,1e-10,-0.3222222222222221,-0.32222222222222213,5.551115123125783e-17,3.0814879110195774e-33,0.0
P0039,smooth_polynomial,2,SW1,1e-10,0.12777777777777788,0.12777777777777788,0.0,0.0,0.0
P0040,smooth_polynomial,2,SW1,1e-10,-0.25555555555555554,-0.25555555555555554,0.0,0.0,0.0
P0041,smooth_polynomial,2,SW1,1e-10,0.04444444444444443,0.04444444444444445,2.0816681711721685e-17,4.333342374871281e-34,0.0
P0042,smooth_polynomial,2,SW1,1e-10,0.49444444444444446,0.49444444444444446,0.0,0.0,0.0
P0043,smooth_polynomial,2,SW1,1e-10,0.11111111111111113,0.11111111111111113,0.0,0.0,0.06111111111111109
P0044,smooth_polynomial,2,SW1,1e-10,0.4111111111111111,0.4111111111111111,0.0,0.0,0.06111111111111106
P0045,smooth_polynomial,2,SW1,1e-10,0.861111111111111,0.8611111111111112,1.1102230246251565e-16,1.232595164407831e-32,0.061111111111111005
P0046,smooth_polynomial,2,SW1,1e-10,0.4444444444444444,0.4444444444444444,0.0,0.0,0.0
P0047,smooth_polynomial,2,SW1,1e-10,0.7444444444444445,0.7444444444444445,0.0,0.0,0.0
P0048,smooth_polynomial,2,SW1,1e-10,1.1944444444444444,1.1944444444444444,0.0,0.0,0.0
P0049,smooth_polynomial,2,SW1,1e-10,-0.46666666666666656,-0.4666666666666666,5.551115123125783e-17,3.0814879110195774e-33,0.0
P0050,smooth_polynomial,2,SW1,1e-10,-0.16666666666666663,-0.16666666666666663,0.0,0.0,0.0
P0051,smooth_polynomial,2,SW1,1e-10,0.2833333333333333,0.2833333333333334,5.551115123125783e-17,3.0814879110195774e-33,0.0
P0052,smooth_polynomial,2,SW1,1e-10,-0.09999999999999999,-0.09999999999999999,0.0,0.0,0.0
P0053,smooth_polynomial,2,SW1,1e-10,0.19999999999999998,0.2,2.7755575615628914e-17,7.703719777548943e-34,0.0
P0054,smooth_polynomial,2,SW1,1e-10,0.6499999999999999,0.65,1.1102230246251565e-16,1.232595164407831e-32,0.0
P0055,smooth_polynomial,2,SW1,1e-10,0.2666666666666667,0.26666666666666666,5.551115123125783e-17,3.0814879110195774e-33,0.0
P0056,smooth_polynomial,2,SW1,1e-10,0.5666666666666665,0.5666666666666667,1.1102230246251565e-16,1.232595164407831e-32,0.0
P0057,smooth_polynomial,2,SW1,1e-10,1.0166666666666664,1.0166666666666666,2.220446049250313e-16,4.930380657631324e-32,0.0
P0058,smooth_polynomial,2,SW1,1e-10,0.6,0.6,0.0,0.0,0.0
P0059,smooth_polynomial,2,SW1,1e-10,0.8999999999999999,0.8999999999999999,0.0,0.0,0.0
P0060,smooth_polynomial,2,SW1,1e-10,1.35,1.35,0.0,0.0,0.0
P0061,smooth_polynomial,2,SW1,1e-10,-0.3555555555555555,-0.3555555555555555,0.0,0.0,0.0
P0062,smooth_polynomial,2,SW1,1e-10,-0.055555555555555525,-0.055555555555555525,0.0,0.0,0.0
P0063,smooth_polynomial,2,SW1,1e-10,0.3944444444444444,0.3944444444444445,1.1102230246251565e-16,1.232595164407831e-32,0.0
P0064,smooth_polynomial,2,SW1,1e-10,0.011111111111111115,0.011111111111111113,1.734723475976807e-18,3.009265538105056e-36,0.0
P0065,smooth_polynomial,2,SW1,1e-10,0.3111111111111111,0.3111111111111111,0.0,0.0,0.0
P0066,smooth_polynomial,2,SW1,1e-10,0.7611111111111111,0.7611111111111111,0.0,0.0,0.0
P0067,smooth_polynomial,2,SW1,1e-10,0.37777777777777777,0.37777777777777777,0.0,0.0,0.0
P0068,smooth_polynomial,2,SW1,1e-10,0.6777777777777777,0.6777777777777778,1.1102230246251565e-16,1.232595164407831e-32,0.0
P0069,smooth_polynomial,2,SW1,1e-10,1.1277777777777778,1.1277777777777778,0.0,0.0,0.0
P0070,smooth_polynomial,2,SW1,1e-10,0.711111111111111,0.711111111111111,0.0,0.0,0.0
P0071,smooth_polynomial,2,SW1,1e-10,1.011111111111111,1.011111111111111,0.0,0.0,0.0
P0072,smooth_polynomial,2,SW1,1e-10,1.4611111111111108,1.461111111111111,2.220446049250313e-16,4.930380657631324e-32,0.0
P0073,sinusoid,1,SW1,1e-10,0.5748173974124352,0.5750459360222461,0.00022853860981086882,5.2229896174284545e-08,0.0
P0074,sinusoid,1,SW1,1e-10,0.7298890232287703,0.730415500617587,0.0005264773888167262,2.771784409352783e-07,0.0
P0075,sinusoid,1,SW1,1e-10,0.8956827004893453,0.8963605256140483,0.0006778251247030465,4.594468996787005e-07,0.0
P0076,sinusoid,1,SW1,1e-10,0.9254998546558657,0.9261899555312407,0.0006901008753750215,4.7623921819337096e-07,0.0
P0077,sinusoid,1,SW1,1e-10,0.6318713533305333,0.6390576474687264,0.00718629413819305,5.1642823440627795e-05,0.0
P0078,sinusoid,1,SW1,1e-10,0.7748943466423052,0.7844097681841611,0.009515421541855917,9.054324711921564e-05,0.0
P0079,sinusoid,1,SW1,1e-10,0.9159898222344871,0.9232342443900284,0.00724442215554133,5.248165236769809e-05,0.0
P0080,sinusoid,1,SW1,1e-10,0.8904297352304071,0.9005180993532904,0.010088364122883275,0.00010177509067587843,0.0
P0081,sinusoid,1,SW1,1e-10,0.6610420732202235,0.7000858306332174,0.03904375741299393,0.0015244149929247183,0.0
P0082,sinusoid,1,SW1,1e-10,0.7935812574047123,0.8323019291604284,0.03872067175571614,0.0014992904212139137,0.0
P0083,sinusoid,1,SW1,1e-10,0.912153908371168,0.9410273310610535,0.028873422689885464,0.0008336745378287927,0.05687722551069041
P0084,sinusoid,1,SW1,1e-10,0.8214163900992513,0.8662529935510221,0.04483660345177087,0.0020103210090913516,0.0
P0085,sinusoid,1,SW1,1e-10,0.653454460051026,0.764503363531613,0.11104890348058694,0.012331858964240713,0.0
P0086,sinusoid,1,SW1,1e-10,0.7809788403068939,0.8782525822748479,0.09727374196795402,0.009462180876448099,0.0
P0087,sinusoid,1,SW1,1e-10,0.8449504254369119,0.9497626892323064,0.10481226379539454,0.010985610641915375,0.0
P0088,sinusoid,1,SW1,1e-10,0.7299570853969937,0.8175214687028707,0.08756438330587701,0.007667521223738553,0.0
P0089,sinusoid,1,SW1,1e-10,0.6090997347666488,0.8215127058347615,0.21241297106811274,0.045119270277982904,0.0
P0090,sinusoid,1,SW1,1e-10,0.728159103775484,0.913609165108942,0.18545006133345798,0.034391725248583326,0.05958204727198435
P0091,sinusoid,1,SW1,1e-10,0.7101824869718335,0.9459011273494009,0.2357186403775674,0.055563277421448946,0.0
P0092,sinusoid,1,SW1,1e-10,0.6822127629119721,0.7598968261006515,0.07768406318867938,0.00603481367350273,0.0
P0093,sinusoid,1,SW1,1e-10,0.5394099332956928,0.8695171441101668,0.33010721081447403,0.1089707706317116,0.0
P0094,sinusoid,1,SW1,1e-10,0.5857058051373579,0.9373814131120659,0.351675607974708,0.1236757332443805,0.0
P0095,sinusoid,1,SW1,1e-10,0.6496971623978178,0.9295507997512531,0.27985363735343527,0.07831805833994807,0.0
P0096,sinusoid,1,SW1,1e-10,0.6690222005236088,0.6949930124620182,0.025970811938409333,0.0006744830727402247,0.0
P0097,sinusoid,2,SW1,1e-10,0.6477418831734394,0.6479899910323624,0.0002481078589230412,6.155750965937572e-08,0.0
P0098,sinusoid,2,SW1,1e-10,0.7911046813270419,0.7916505965928816,0.0005459152658396915,2.980234774768211e-07,0.0
P0099,sinusoid,2,SW1,1e-10,0.9256532369791513,0.9263431321527904,0.0006898951736391545,4.759553506105992e-07,0.0
P0100,sinusoid,2,SW1,1e-10,0.8954559885868578,0.8961339865207938,0.0006779979339359699,4.5968119842144373e-07,0.0
P0101,sinusoid,2,SW1,1e-10,0.7566640952231976,0.764503363531613,0.007839268308415415,6.145412761132628e-05,0.0
P0102,sinusoid,2,SW1,1e-10,0.8680294677002633,0.8782525822748479,0.01022311457458458,0.00010451207160508366,0.0
P0103,sinusoid,2,SW1,1e-10,0.9424100029397768,0.9497626892323064,0.007352686292529609,5.4061995716352804e-05,0.010144774568171089
P0104,sinusoid,2,SW1,1e-10,0.808065488647463,0.8175214687028707,0.009455980055407709,8.941555880826837e-05,0.0
P0105,sinusoid,2,SW1,1e-10,0.8142064472051843,0.8584384631108883,0.044232015905704025,0.001956471231082454,0.0
P0106,sinusoid,2,SW1,1e-10,0.8904081446424986,0.9325665474142472,0.04215840277174854,0.0017773309242649748,0.0
P0107,sinusoid,2,SW1,1e-10,0.9060018030724037,0.9347900511762953,0.02878824810389158,0.000828763228891217,0.0507251202119261
P0108,sinusoid,2,SW1,1e-10,0.6721688367892305,0.7118049992277586,0.03963616243852819,0.0015710253728533929,0.0
P0109,sinusoid,2,SW1,1e-10,0.8014011084252114,0.9279754323328191,0.1265743239076077,0.01602105947266799,0.0
P0110,sinusoid,2,SW1,1e-10,0.8468124532010652,0.9492985900688871,0.10248613686782182,0.010503408250089908,0.0
P0111,sinusoid,2,SW1,1e-10,0.7736059807990973,0.8724546351889504,0.09884865438985313,0.00977105647468463,0.0
P0112,sinusoid,2,SW1,1e-10,0.49650159932112553,0.5694513006537083,0.07294970133258277,0.005321658924513029,0.0
P0113,sinusoid,2,SW1,1e-10,0.7150949431326121,0.9499013075636804,0.23480636443106828,0.05513402877733565,0.0
P0114,sinusoid,2,SW1,1e-10,0.7303585784586935,0.9160473958699,0.18568881741120657,0.034480336911572415,0.06178152195519382
P0115,sinusoid,2,SW1,1e-10,0.5608090604170192,0.7686846617394372,0.207875601322418,0.04321226562515687,0.0
P0116,sinusoid,2,SW1,1e-10,0.37559974379348027,0.4193713352114835,0.04377159141800324,0.001915952215264615,0.0
P0117,sinusoid,2,SW1,1e-10,0.5778205183351051,0.9217768952713512,0.34395637693624614,0.11830598923510904,0.0
P0118,sinusoid,2,SW1,1e-10,0.5079974309051295,0.836512069047858,0.3285146381427285,0.10792186747404786,0.0
P0119,sinusoid,2,SW1,1e-10,0.41003924417007365,0.6350242559949993,0.2249850118249257,0.050618255545861954,0.0
P0120,sinusoid,2,SW1,1e-10,0.3281802609701738,0.2782610877661441,0.049919173204029665,0.0024919238533739133,0.0
P0121,smooth_edge,1,SW1,1e-10,0.779753193082577,0.7968410695441766,0.017087876461599594,0.00029199552196688944,0.0
P0122,smooth_edge,1,SW1,1e-10,0.9228705391320731,0.9682213690407698,0.045350829908696766,0.002056697773407545,0.0
P0123,smooth_edge,1,SW1,1e-10,0.9918512909437609,0.9997254218438986,0.007874130900137666,6.20019374325028e-05,0.0
P0124,smooth_edge,1,SW1,1e-10,0.9999691960981005,0.9999999950965821,3.079899848157375e-05,9.48578307467982e-10,0.0
P0125,smooth_edge,1,SW1,1e-10,0.680813725136086,0.7040516276171624,0.02323790248107649,0.0005400001117200208,0.0
P0126,smooth_edge,1,SW1,1e-10,0.7786314491060919,0.8972159750827483,0.11858452597665636,0.014062289801108288,0.0
P0127,smooth_edge,1,SW1,1e-10,0.8807720726580891,0.9945137011005495,0.11374162844246039,0.012937158040742714,0.0
P0128,smooth_edge,1,SW1,1e-10,0.9690676385539458,0.9999946227781964,0.030926984224250553,0.0009564783532070426,0.0
P0129,smooth_edge,1,SW1,1e-10,0.570866590260988,0.5906532827008858,0.019786692439897835,0.00039151319771111014,0.0
P0130,smooth_edge,1,SW1,1e-10,0.5413226006875429,0.7143624294910559,0.17303982880351299,0.02994278235234908,0.0
P0131,smooth_edge,1,SW1,1e-10,0.4187254923785463,0.9002495108803148,0.4815240185017685,0.23186538039409152,0.0
P0132,smooth_edge,1,SW1,1e-10,0.33109515143781776,0.9941376978036617,0.6630425463658439,0.4396254182913023,0.0
P0133,smooth_edge,1,SW1,1e-10,0.4618369180389319,0.4667159617488687,0.004879043709936803,2.3805067523473886e-05,0.0
P0134,smooth_edge,1,SW1,1e-10,0.38804779581770443,0.4174297935376853,0.029381997719980846,0.0008633017900169596,0.0
P0135,smooth_edge,1,SW1,1e-10,0.32633649065426285,0.31002551887238744,0.016310971781875405,0.00026604780046913574,0.0
P0136,smooth_edge,1,SW1,1e-10,0.3209969870798224,0.1339278883240735,0.18706909875574887,0.034994847709288124,0.0
P0137,smooth_edge,1,SW1,1e-10,0.3598102890853754,0.34675509928171655,0.013055189803658829,0.00017043798080955744,0.0
P0138,smooth_edge,1,SW1,1e-10,0.2994207220885747,0.1703239186438458,0.12909680344472887,0.01666598465964696,0.0
P0139,smooth_edge,1,SW1,1e-10,0.3166334460036826,0.02188127093613046,0.29475217506755214,0.0868788447070529,0.0
P0140,smooth_edge,1,SW1,1e-10,0.3209702904219723,0.0001409919630903207,0.320829298458882,0.10293143874961837,0.0
P0141,smooth_edge,1,SW1,1e-10,0.2668348686950238,0.2435464707695958,0.023288397925428028,0.0005423494779330805,0.0
P0142,smooth_edge,1,SW1,1e-10,0.20251989143584567,0.05554926015761178,0.1469706312782339,0.021600366458322584,0.0
P0143,smooth_edge,1,SW1,1e-10,0.24645314238739413,0.0011125360328603216,0.2453406063545338,0.060192013126410315,0.0
P0144,smooth_edge,1,SW1,1e-10,0.3029402142254195,1.2858614151064257e-07,0.302940085639278,0.09177269548713309,0.0
P0145,smooth_edge,1,SW1,1e-10,0.18454487081810167,0.16337423951337943,0.021170631304722243,0.0004481956298404854,0.0
P0146,smooth_edge,1,SW1,1e-10,0.07257998347522794,0.016571944094738476,0.05600803938048947,0.003136900475246459,0.0
P0147,smooth_edge,1,SW1,1e-10,0.028011359135043927,5.5448524722794907e-05,0.02795591061032113,0.0007815329380522656,0.0
P0148,smooth_edge,1,SW1,1e-10,0.0032452775491532723,1.1725539852746633e-10,0.0032452774318978738,1.0531825609985659e-05,0.0
P0149,smooth_edge,2,SW1,1e-10,0.8697316374702011,0.8842526814109779,0.014521043940776801,0.00021086071712997064,0.0
P0150,smooth_edge,2,SW1,1e-10,0.9698904001679549,0.9938389829390936,0.02394858277113865,0.0005735346167460789,0.0
P0151,smooth_edge,2,SW1,1e-10,0.9967546555502547,0.9999949695696981,0.0032403140194434688,1.0499634944601888e-05,0.0
P0152,smooth_edge,2,SW1,1e-10,0.999987678639414,0.9999999999995663,1.2321360152389715e-05,1.518159160048971e-10,0.0
P0153,smooth_edge,2,SW1,1e-10,0.8000585603124966,0.8224934972879262,0.022434936975429642,0.0005033263970915001,0.0
P0154,smooth_edge,2,SW1,1e-10,0.9046938553228522,0.9788208895449324,0.07412703422208022,0.005494817202561453,0.0
P0155,smooth_edge,2,SW1,1e-10,0.955218105503486,0.9998989708060922,0.04468086530260629,0.0019963797241896466,0.0
P0156,smooth_edge,2,SW1,1e-10,0.9878486135442491,0.9999999995245059,0.01215138598025678,0.000147656181241181,0.0
P0157,smooth_edge,2,SW1,1e-10,0.7153364376421296,0.7375616214876249,0.022225183845495322,0.0004939587969660662,0.0
P0158,smooth_edge,2,SW1,1e-10,0.7747516489357302,0.9297812081694472,0.15502955923371697,0.02403416423620056,0.0
P0159,smooth_edge,2,SW1,1e-10,0.7240583878054672,0.9979746796109501,0.27391629180548294,0.07503013491646648,0.0
P0160,smooth_edge,2,SW1,1e-10,0.6836465285409146,0.9999994785576881,0.31635295001677355,0.10007918898431523,0.0
P0161,smooth_edge,2,SW1,1e-10,0.62047840801755,0.6302602229177513,0.009781814900201247,9.568390274179913e-05,0.0
P0162,smooth_edge,2,SW1,1e-10,0.6843375396702673,0.791391472673955,0.1070539330036877,0.011460544571558056,0.0
P0163,smooth_edge,2,SW1,1e-10,0.6810613367768221,0.9608342772032357,0.27977294042641354,0.07827289819484154,0.0
P0164,smooth_edge,2,SW1,1e-10,0.6790165952609212,0.9994284955764196,0.3204119003154984,0.10266378586378887,0.0
P0165,smooth_edge,2,SW1,1e-10,0.5167974806725439,0.5083325618141193,0.008464918858424597,7.165485127971239e-05,0.0
P0166,smooth_edge,2,SW1,1e-10,0.5887202790480023,0.5208212853727429,0.06789899367525942,0.004610273342112919,0.0
P0167,smooth_edge,2,SW1,1e-10,0.6690332117802855,0.5498339973124777,0.11919921446780779,0.014208452729742438,0.0
P0168,smooth_edge,2,SW1,1e-10,0.6789744406508518,0.6145944982675491,0.06437994238330269,0.004144776981277374,0.0
P0169,smooth_edge,2,SW1,1e-10,0.406922979733906,0.3854055017324505,0.021517478001455537,0.000463001859543123,0.0
P0170,smooth_edge,2,SW1,1e-10,0.41592551194445254,0.23745802834390245,0.1784674836005501,0.031850642702712616,0.0
P0171,smooth_edge,2,SW1,1e-10,0.5183638611041781,0.05732417589886871,0.46103968520530936,0.21255759133421076,0.0
P0172,smooth_edge,2,SW1,1e-10,0.639711429884976,0.0014520391100099098,0.6382593907749661,0.40737504991243084,0.0
P0173,smooth_edge,2,SW1,1e-10,0.2980444952995204,0.2755454045751979,0.02249909072432249,0.0005062090834212944,0.0
P0174,smooth_edge,2,SW1,1e-10,0.1780569926317525,0.0819105771553252,0.09614641547642731,0.009244133208965782,0.0
P0175,smooth_edge,2,SW1,1e-10,0.07348395997972999,0.003018416324708427,0.07046554365502157,0.004965392842597751,0.0
P0176,smooth_edge,2,SW1,1e-10,0.008148681289545776,1.326011943142785e-06,0.008147355277602634,6.637939801947949e-05,0.0
P0177,hard_step,1,SW1,1e-10,1.0000000000128206,1.0,1.2820633443766383e-11,1.6436864189942106e-22,1.2820633443766383e-11
P0178,hard_step,1,SW1,1e-10,1.0000000000128206,1.0,1.2820633443766383e-11,1.6436864189942106e-22,1.2820633443766383e-11
P0179,hard_step,1,SW1,1e-10,0.32098765432098764,1.0,0.6790123456790124,0.46105776558451456,0.0
P0180,hard_step,1,SW1,1e-10,0.32098765432098764,1.0,0.6790123456790124,0.46105776558451456,0.0
P0181,hard_step,1,SW1,1e-10,0.32098765432098764,0.0,0.32098765432098764,0.10303307422648986,0.0
P0182,hard_step,1,SW1,1e-10,0.32098765432098764,0.0,0.32098765432098764,0.10303307422648986,0.0
P0183,hard_step,1,SW1,1e-10,0.32098765432098764,0.0,0.32098765432098764,0.10303307422648986,0.0
P0184,hard_step,1,SW1,1e-10,0.32098765432098764,0.0,0.32098765432098764,0.10303307422648986,0.0
P0185,hard_step,1,SW1,1e-10,-8.205127935114989e-12,0.0,8.205127935114989e-12,6.732412443160436e-23,8.205127935114989e-12
P0186,hard_step,2,SW1,1e-10,1.0000000000082052,1.0,8.205214285794682e-12,6.732554147580913e-23,8.205214285794682e-12
P0187,hard_step,2,SW1,1e-10,1.0000000000082052,1.0,8.205214285794682e-12,6.732554147580913e-23,8.205214285794682e-12
P0188,hard_step,2,SW1,1e-10,0.6790123456790123,1.0,0.32098765432098775,0.10303307422648993,0.0
P0189,hard_step,2,SW1,1e-10,0.6790123456790123,1.0,0.32098765432098775,0.10303307422648993,0.0
P0190,hard_step,2,SW1,1e-10,0.6790123456790123,1.0,0.32098765432098775,0.10303307422648993,0.0
P0191,hard_step,2,SW1,1e-10,0.6790123456790123,1.0,0.32098765432098775,0.10303307422648993,0.0
P0192,hard_step,2,SW1,1e-10,0.6790123456790123,0.0,0.6790123456790123,0.46105776558451445,0.0
P0193,hard_step,2,SW1,1e-10,0.6790123456790123,0.0,0.6790123456790123,0.46105776558451445,0.0
P0194,hard_step,2,SW1,1e-10,-1.2820510085652534e-11,0.0,1.2820510085652534e-11,1.6436547885631834e-22,1.2820510085652534e-11
P0195,kink,1,SW1,1e-10,0.4239600140803961,0.4533333333333333,0.029373319252937236,0.0008627918839349733,0.0
P0196,kink,1,SW1,1e-10,-0.12443305207305715,-0.13333333333333333,0.008900281260276185,7.921500651202344e-05,0.0
P0197,kink,1,SW1,1e-10,0.2688703563264726,0.29333333333333333,0.02446297700686073,0.0005984372440381968,0.0
P0198,kink,1,SW1,1e-10,0.19276970008753674,0.15583333333333332,0.03693636675420342,0.0013642951890010238,0.0
P0199,kink,1,SW1,1e-10,-0.11664297709915775,-0.04583333333333333,0.07080964376582441,0.005014005650242956,0.0
P0200,kink,1,SW1,1e-10,0.16888734738643021,0.10083333333333333,0.06805401405309688,0.004631348828739108,0.0
P0201,kink,1,SW1,1e-10,0.07910608204656783,-0.014000000000000004,0.09310608204656783,0.00866874251406222,0.0
P0202,kink,1,SW1,1e-10,-0.19117785999645276,-0.07583333333333335,0.11534452666311941,0.013304359831139064,0.0
P0203,kink,1,SW1,1e-10,0.18073143437000921,0.05250000000000001,0.1282314343700092,0.016443300760589974,0.0217685656299908
P0204,kink,1,SW1,1e-10,-0.01743098079766707,-0.05,0.03256901920233293,0.0010607410118019312,0.0
P0205,kink,1,SW1,1e-10,-0.3099142303349235,-0.27083333333333337,0.03908089700159012,0.0015273165104488957,0.0
P0206,kink,1,SW1,1e-10,0.23654737626776084,0.1875,0.049047376267760845,0.0024056451187513097,0.0
P0207,kink,1,SW1,1e-10,-0.09370393571243915,-0.09200000000000001,0.001703935712439139,2.9033969121254767e-06,0.0
P0208,kink,1,SW1,1e-10,-0.47765738899697313,-0.49833333333333346,0.02067594433636033,0.0004274946742002708,0.0
P0209,kink,1,SW1,1e-10,0.33195652173457957,0.3450000000000001,0.013043478265420516,0.00017013232526049739,0.0
P0210,kink,2,SW1,1e-10,0.714207812267689,0.7366666666666667,0.022458854398977657,0.000504400140914478,0.0
P0211,kink,2,SW1,1e-10,-0.21073282894921833,-0.21666666666666667,0.005933837717448348,3.521043005701262e-05,0.0
P0212,kink,2,SW1,1e-10,0.45928863156628086,0.47666666666666674,0.01737803510038588,0.00030199610395024366,0.0
P0213,kink,2,SW1,1e-10,0.445474779287355,0.4391666666666666,0.006308112620688422,3.979228483528855e-05,0.0
P0214,kink,2,SW1,1e-10,-0.15642577127518384,-0.12916666666666665,0.027259104608517187,0.000743058784058083,0.0
P0215,kink,2,SW1,1e-10,0.30697703674996335,0.2841666666666667,0.02281037008329667,0.0005203129833369558,0.0
P0216,kink,2,SW1,1e-10,0.2538363995720453,0.18416666666666662,0.06966973290537867,0.004853871683106804,0.0
P0217,kink,2,SW1,1e-10,-0.1405872669297163,-0.054166666666666655,0.08642060026304964,0.007468520149825815,0.0
P0218,kink,2,SW1,1e-10,0.21525481653174244,0.11916666666666664,0.0960881498650758,0.009232932544493266,0.0
P0219,kink,2,SW1,1e-10,0.0801543950447211,-0.010000000000000004,0.09015439504472111,0.008127814945879636,0.0
P0220,kink,2,SW1,1e-10,-0.16397207097912972,-0.05416666666666669,0.10980540431246302,0.012057226816223473,0.0
P0221,kink,2,SW1,1e-10,0.16684852409760276,0.03750000000000002,0.12934852409760272,0.01673104068622811,0.0
P0222,kink,2,SW1,1e-10,-0.054627896215166956,-0.05200000000000001,0.0026278962151669444,6.905838517688751e-06,0.0
P0223,kink,2,SW1,1e-10,-0.2530575117341923,-0.28166666666666673,0.028609154932474457,0.0008184837459503275,0.0
P0224,kink,2,SW1,1e-10,0.17601265822167628,0.19500000000000006,0.018987341778323785,0.00036051914780687986,0.0
P0225,thin_feature,1,SW1,1e-10,0.4032924771528012,8.364834722972767e-05,0.40320882880557146,0.16257735962676065,0.0
P0226,thin_feature,1,SW1,1e-10,0.5698317928984276,0.0551441169483479,0.5146876759500797,0.26490340377489424,0.0
P0227,thin_feature,1,SW1,1e-10,0.6296156112991029,0.3523219549954969,0.27729365630360603,0.0768917718262224,0.0
P0228,thin_feature,1,SW1,1e-10,0.08998671502885632,0.4111122905071876,0.3211255754783313,0.10312163522628946,0.0
P0229,thin_feature,1,SW1,1e-10,0.35867708681252086,0.7600672046071238,0.401390117794603,0.16111402666316527,0.0
P0230,thin_feature,1,SW1,1e-10,0.5413440028698976,0.9059551911095096,0.364611188239612,0.13294131858950178,0.0
P0231,thin_feature,1,SW1,1e-10,4.140725746754079e-06,0.24935220877729616,0.2493480680515494,0.06217445904104012,4.140725746754078e-07
P0232,thin_feature,1,SW1,1e-10,0.023455173837412194,0.651375231630207,0.6279200577927948,0.3942835989785068,0.0023455173837411344
P0233,thin_feature,1,SW1,1e-10,0.2770575956799766,0.8569968914352788,0.5799392957553022,0.33632958676115593,0.027705386902680457
P0234,thin_feature,1,SW1,1e-10,0.040815402893961135,1.8664469113520537e-05,0.040796738424847614,0.0016643738661054378,0.0
P0235,thin_feature,1,SW1,1e-10,0.16271428261853255,0.0347085864128538,0.12800569620567875,0.01638545826110052,0.0
P0236,thin_feature,1,SW1,1e-10,0.26148864104109815,0.29823409618142144,0.03674545514032329,0.0013502284734695114,0.0
P0237,thin_feature,1,SW1,1e-10,0.18292194499561487,1.7241209390354996e-13,0.18292194499544245,0.033460437960915676,0.0
P0238,thin_feature,1,SW1,1e-10,0.2584594698838353,0.00011499237699560167,0.2583444775068397,0.066741869058282,0.0
P0239,thin_feature,1,SW1,1e-10,0.28638092372249146,0.03818043380053571,0.24820048992195576,0.061603483197498865,0.0
P0240,thin_feature,2,SW1,1e-10,0.18292194499561504,1.724120939035518e-13,0.18292194499544262,0.03346043796091574,0.0
P0241,thin_feature,2,SW1,1e-10,0.2584594698838354,0.00011499237699560208,0.2583444775068398,0.06674186905828206,0.0
P0242,thin_feature,2,SW1,1e-10,0.28638092372249146,0.03818043380053579,0.24820048992195567,0.06160348319749882,0.0
P0243,thin_feature,2,SW1,1e-10,0.0408154028939611,1.8664469113520635e-05,0.04079673842484758,0.001664373866105435,0.0
P0244,thin_feature,2,SW1,1e-10,0.1627142826185325,0.03470858641285385,0.12800569620567864,0.01638545826110049,0.0
P0245,thin_feature,2,SW1,1e-10,0.2614886410410981,0.29823409618142166,0.03674545514032357,0.0013502284734695318,0.0
P0246,thin_feature,2,SW1,1e-10,4.140725746754079e-06,0.24935220877729639,0.24934806805154963,0.06217445904104023,4.140725746754078e-07
P0247,thin_feature,2,SW1,1e-10,0.023455173837412194,0.6513752316302073,0.627920057792795,0.39428359897850707,0.0023455173837411344
P0248,thin_feature,2,SW1,1e-10,0.2770575956799767,0.8569968914352789,0.5799392957553022,0.33632958676115593,0.027705386902680512
P0249,thin_feature,2,SW1,1e-10,0.0899867150288564,0.411112290507187,0.3211255754783306,0.103121635226289,0.0
P0250,thin_feature,2,SW1,1e-10,0.358677086812521,0.7600672046071234,0.40139011779460243,0.16111402666316482,0.0
P0251,thin_feature,2,SW1,1e-10,0.5413440028698977,0.9059551911095095,0.3646111882396118,0.13294131858950164,0.0
P0252,thin_feature,2,SW1,1e-10,0.4032924771528008,8.364834722972738e-05,0.4032088288055711,0.16257735962676031,0.0
P0253,thin_feature,2,SW1,1e-10,0.5698317928984273,0.055144116948347775,0.5146876759500796,0.26490340377489413,0.0
P0254,thin_feature,2,SW1,1e-10,0.6296156112991029,0.35232195499549673,0.2772936563036062,0.07689177182622248,0.0
P0255,mixed_frequency,1,SW1,1e-10,0.5018692150309041,0.49935542472536626,0.002513790305537833,6.319141700215992e-06,0.0
P0256,mixed_frequency,1,SW1,1e-10,0.43237834246905615,0.45555610868671437,0.023177766217658213,0.0005372088468404183,0.0
P0257,mixed_frequency,1,SW1,1e-10,0.2776341156224708,0.155213372665013,0.1224207429574578,0.014986838306255955,0.0
P0258,mixed_frequency,1,SW1,1e-10,0.6865131831439167,0.7427118258953607,0.05619864275144393,0.0031582874471044213,0.0
P0259,mixed_frequency,1,SW1,1e-10,0.7013984912151563,0.5406964779017696,0.16070201331338674,0.02582513708297593,0.0
P0260,mixed_frequency,1,SW1,1e-10,0.4550844444049131,0.4170475535071272,0.03803689089778589,0.0014468050691700673,0.0
P0261,mixed_frequency,1,SW1,1e-10,0.5322815026601682,0.47535988945488694,0.05692161320528122,0.0032400700498916453,0.0
P0262,mixed_frequency,1,SW1,1e-10,0.589358464657038,0.6686000035176052,0.07924153886056717,0.006279221480990777,0.0
P0263,mixed_frequency,1,SW1,1e-10,0.3640402315502009,0.28032091330418796,0.08371931824601292,0.007008924247577192,0.0
P0264,mixed_frequency,1,SW1,1e-10,0.4931250406444144,0.4747727588702795,0.01835228177413495,0.00033680624631724583,0.0
P0265,mixed_frequency,1,SW1,1e-10,0.5284517973890748,0.4673856494865241,0.06106614790255066,0.0037290744196561924,0.0
P0266,mixed_frequency,1,SW1,1e-10,0.48082321631291536,0.4334862851454516,0.047336931167463736,0.0022407850523532,0.0
P0267,mixed_frequency,1,SW1,1e-10,0.6959913665799301,0.6773719504742064,0.018619416105723707,0.0003466826561180834,0.0
P0268,mixed_frequency,1,SW1,1e-10,0.5533666778350749,0.4548365472979632,0.09853013053711168,0.009708186623660268,0.0
P0269,mixed_frequency,1,SW1,1e-10,0.6865683165564329,0.6986226099788257,0.012054293422392837,0.00014530598991314322,0.0
P0270,mixed_frequency,1,SW1,1e-10,0.2962292529920278,0.23943781507349454,0.05679143791853325,0.0032252674208546163,4.848290443987269e-05
P0271,mixed_frequency,1,SW1,1e-10,0.4856599881856323,0.4664184217464979,0.019241566439134383,0.00037023787903162265,0.0
P0272,mixed_frequency,1,SW1,1e-10,0.4602839338246201,0.4844869960552387,0.024203062230618633,0.0005857882213391982,0.0
P0273,mixed_frequency,1,SW1,1e-10,0.6844783731065547,0.7668339405122937,0.08235556740573902,0.006782439482721223,0.0
P0274,mixed_frequency,1,SW1,1e-10,0.5636426296752575,0.6036770727120775,0.04003444303682002,0.001602756629268387,0.0
P0275,mixed_frequency,1,SW1,1e-10,0.5415658294870329,0.5801958680494812,0.03863003856244829,0.0014922798793362418,0.0
P0276,mixed_frequency,1,SW1,1e-10,0.4754949956887078,0.43425126660147423,0.04124372908723356,0.0017010451890211156,0.0
P0277,mixed_frequency,1,SW1,1e-10,0.6259016155812726,0.6813224182546447,0.05542080267337213,0.0030714653689608512,0.015513158194716214
P0278,mixed_frequency,1,SW1,1e-10,0.27245028446983716,0.29829739986517656,0.025847115395339404,0.0006680733742599912,0.0
P0279,mixed_frequency,1,SW1,1e-10,0.4491914469378812,0.45224178202853027,0.003050335090649059,9.304544165245002e-06,0.0
P0280,mixed_frequency,1,SW1,1e-10,0.5832879772363149,0.48763067251845843,0.09565730471785644,0.00915031994588484,0.0
P0281,mixed_frequency,1,SW1,1e-10,0.49616473713646303,0.5701012749830773,0.07393653784661425,0.005466611628743821,0.0
P0282,mixed_frequency,1,SW1,1e-10,0.5295030549971882,0.5623229858879404,0.03281993089075219,0.00107714786367375,0.0
P0283,mixed_frequency,1,SW1,1e-10,0.5875149805107682,0.7666319644998695,0.17911698398910125,0.032082893953351954,0.0
P0284,mixed_frequency,1,SW1,1e-10,0.49852727775369243,0.5391611189168729,0.04063384116318047,0.0016511090476745798,0.0
P0285,mixed_frequency,1,SW1,1e-10,0.6766429805987042,0.6887178293753018,0.012074848776597591,0.00014580197297770034,0.0
P0286,mixed_frequency,1,SW1,1e-10,0.32584059049407227,0.2988924441998043,0.02694814629426795,0.0007262025886972674,0.0
P0287,mixed_frequency,1,SW1,1e-10,0.4269701964830628,0.4271356910831181,0.000165494600055327,2.7388462647472645e-08,0.0
P0288,mixed_frequency,1,SW1,1e-10,0.375036381009696,0.2645103235299279,0.11052605747976807,0.012216009382020995,0.0
P0289,mixed_frequency,1,SW1,1e-10,0.5138142259293463,0.43919422396993496,0.07462000195941138,0.005568144692422557,0.0
P0290,mixed_frequency,1,SW1,1e-10,0.3313130380012272,0.35253116173124965,0.021218123730022465,0.00045020877462254244,0.0
P0291,mixed_frequency,1,SW1,1e-10,0.3445035980205577,0.3719201334216269,0.027416535401069198,0.0007516664133980805,0.0
P0292,mixed_frequency,1,SW1,1e-10,0.5269419961859492,0.5405693019751132,0.013627305789164046,0.00018570346307138393,0.0
P0293,mixed_frequency,1,SW1,1e-10,0.5195568854281608,0.5848295787523584,0.0652726933241976,0.004260524493794751,0.0
P0294,mixed_frequency,1,SW1,1e-10,0.5289294277234041,0.5409906345655865,0.01206120684218237,0.00014547271048990682,0.0
P0295,mixed_frequency,1,SW1,1e-10,0.606470428512039,0.6740210161891979,0.06755058767715882,0.004563081895529521,0.018431706144486748
P0296,mixed_frequency,1,SW1,1e-10,0.47384876926234754,0.43882666894757716,0.03502210031477038,0.0012265475104578393,0.0
P0297,mixed_frequency,1,SW1,1e-10,0.41755051539192334,0.4085314772238543,0.009019038168069038,8.134304947708611e-05,0.0
P0298,mixed_frequency,1,SW1,1e-10,0.5687053643291695,0.5515396754151357,0.017165688914033805,0.0002946608758933831,0.0
P0299,mixed_frequency,1,SW1,1e-10,0.46129298517931383,0.45758380838567025,0.003709176793643576,1.375799248650404e-05,0.0
P0300,mixed_frequency,1,SW1,1e-10,0.5985966373239284,0.6005499470896327,0.001953309765704292,3.815419040795756e-06,0.0
P0301,mixed_frequency,1,SW1,1e-10,0.2600809061310246,0.2456362579031397,0.014444648227884882,0.00020864786242733786,0.019123559406063417
P0302,mixed_frequency,1,SW1,1e-10,0.3486067239012292,0.3270528513166872,0.021553872584542,0.0004645694233906712,0.0
P0303,mixed_frequency,1,SW1,1e-10,0.46900166168583945,0.4633290863928645,0.005672575292974935,3.217811045446967e-05,0.0
P0304,mixed_frequency,1,SW1,1e-10,0.48211970763822454,0.4944074046768252,0.012287697038600665,0.00015098749851243554,0.0
P0305,mixed_frequency,1,SW1,1e-10,0.5482363331625311,0.535141282,0.013095051162531068,0.0001714803649493063,0.0
P0306,mixed_frequency,1,SW1,1e-10,0.5548742969520809,0.4813603793968585,0.07351391755522241,0.005404296074316037,0.0
P0307,mixed_frequency,1,SW1,1e-10,0.44666374742057363,0.44916240885229025,0.00249866143171662,6.24330895034815e-06,0.0
P0308,mixed_frequency,1,SW1,1e-10,0.40791924301357185,0.3619738362318022,0.04594540678176967,0.0021109804043422864,0.0
P0309,mixed_frequency,1,SW1,1e-10,0.5279415118461396,0.5383224304502269,0.010380918604087297,0.00010776347106468576,0.0
P0310,mixed_frequency,1,SW1,1e-10,0.3165100723043094,0.3926499743554235,0.0761399020511141,0.005797284684353248,0.0
P0311,mixed_frequency,1,SW1,1e-10,0.42408012770719283,0.42040974436429945,0.0036703833428933796,1.347171388378918e-05,0.0
P0312,mixed_frequency,1,SW1,1e-10,0.5878606392452346,0.6101470394713223,0.022286400226087744,0.0004966836350373639,0.0
P0313,mixed_frequency,1,SW1,1e-10,0.5423977738624238,0.5479313452317733,0.00553357136934951,3.062041209968461e-05,0.0
P0314,mixed_frequency,1,SW1,1e-10,0.8459628591498123,0.8500388285880128,0.004075969438200544,1.661352686114486e-05,0.00983999219610976
P0315,mixed_frequency,1,SW1,1e-10,0.4224624557384412,0.41205449093146773,0.01040796480697348,0.0001083257314231985,0.00436301305629283
P0316,mixed_frequency,1,SW1,1e-10,0.5910622930437294,0.6085826163686509,0.017520323324921483,0.00030696172940978774,0.0
P0317,mixed_frequency,1,SW1,1e-10,0.4358994587063681,0.429892434580156,0.006007024126212068,3.608433885289386e-05,0.0
P0318,mixed_frequency,1,SW1,1e-10,0.43503073709276713,0.39204653808406975,0.04298419900869738,0.0018476413644193006,0.0
P0319,mixed_frequency,2,SW1,1e-10,0.701516257102562,0.8140327948345307,0.11251653773196868,0.012659971263189532,0.0
P0320,mixed_frequency,2,SW1,1e-10,0.5535968930429276,0.5548865092370293,0.0012896161941017281,1.6631099280894262e-06,0.0
P0321,mixed_frequency,2,SW1,1e-10,0.31437424388998947,0.3967439560775554,0.08236971218756595,0.00678476948586245,0.0
P0322,mixed_frequency,2,SW1,1e-10,0.6315913281933804,0.6303496925970249,0.0012416355963554837,1.5416589541370376e-06,0.0
P0323,mixed_frequency,2,SW1,1e-10,0.2632878241212716,0.276272829973252,0.012985005851980369,0.00016861037697596444,0.0
P0324,mixed_frequency,2,SW1,1e-10,0.4728276061469846,0.3680034887100495,0.1048241174369351,0.01098809559643236,0.0
P0325,mixed_frequency,2,SW1,1e-10,0.7152363388953916,0.6634508837330682,0.05178545516232347,0.0026817333663690145,0.0
P0326,mixed_frequency,2,SW1,1e-10,0.6314019240824765,0.6508270799207778,0.01942515583830129,0.0003773366793422907,0.0
P0327,mixed_frequency,2,SW1,1e-10,0.5146652467808036,0.5333568294057774,0.018691582624973835,0.00034937526102622377,0.0
P0328,mixed_frequency,2,SW1,1e-10,0.6142683155464818,0.6678860836431736,0.05361776809669183,0.0028748650556706242,0.0
P0329,mixed_frequency,2,SW1,1e-10,0.4729618755955979,0.48087471401390125,0.00791283841830337,6.261301183417777e-05,0.0
P0330,mixed_frequency,2,SW1,1e-10,0.3726670616730299,0.3476791051625945,0.024987956510435394,0.0006243979705674106,0.0
P0331,mixed_frequency,2,SW1,1e-10,0.3092548876714405,0.20720898854505576,0.10204589912638473,0.010413365528512289,0.0
P0332,mixed_frequency,2,SW1,1e-10,0.5854547184010621,0.6153000035934494,0.029845285192387272,0.000890741048214931,0.0
P0333,mixed_frequency,2,SW1,1e-10,0.13772867395985444,0.0649946518336959,0.07273402212615854,0.00529023797464852,0.0
P0334,mixed_frequency,2,SW1,1e-10,0.4707055902503793,0.5226072573180978,0.05190166706771848,0.0026937830444082934,0.0
P0335,mixed_frequency,2,SW1,1e-10,0.48311515774447167,0.3957690317599277,0.08734612598454394,0.007629345724507823,0.0
P0336,mixed_frequency,2,SW1,1e-10,0.616885629856067,0.7552761193165396,0.1383904894604726,0.01915192757310918,0.0
P0337,mixed_frequency,2,SW1,1e-10,0.39323132304310643,0.48475446913807674,0.09152314609497031,0.008376486271121279,0.0
P0338,mixed_frequency,2,SW1,1e-10,0.6601199578500098,0.6651371781040039,0.0050172202539940924,2.5172499077088547e-05,0.0
P0339,mixed_frequency,2,SW1,1e-10,0.6816701205337158,0.7408408381328755,0.059170717599159706,0.003501173821199508,0.01505956542087672
P0340,mixed_frequency,2,SW1,1e-10,0.5069126383991627,0.5689577717014875,0.06204513330232486,0.0038495985665032615,0.0
P0341,mixed_frequency,2,SW1,1e-10,0.41005220240136775,0.2574974214481519,0.15255478095321584,0.023272961191683667,0.0
P0342,mixed_frequency,2,SW1,1e-10,0.5282974817592011,0.5173737037104447,0.010923778048756438,0.00011932892685849302,0.0
P0343,mixed_frequency,2,SW1,1e-10,0.4008786801413214,0.48324739685668694,0.08236871671536555,0.006784605493336141,0.0
P0344,mixed_frequency,2,SW1,1e-10,0.3496302769553883,0.270052112801759,0.07957816415362928,0.006332684210061969,0.0
P0345,mixed_frequency,2,SW1,1e-10,0.5051451708067884,0.49531618841216574,0.00982898239462271,9.660889491380317e-05,0.0
P0346,mixed_frequency,2,SW1,1e-10,0.21574615348713827,0.16971157929838276,0.046034574188755506,0.0021191820207400345,0.04040080757096465
P0347,mixed_frequency,2,SW1,1e-10,0.6463746732646123,0.6635927865275683,0.01721811326295597,0.00029646342433598026,0.0
P0348,mixed_frequency,2,SW1,1e-10,0.4314837444797321,0.3179991471566734,0.11348459732305871,0.012878753829576784,0.0
P0349,mixed_frequency,2,SW1,1e-10,0.6059115487527085,0.6303959865910851,0.024484437838376616,0.0005994876962613285,0.0
P0350,mixed_frequency,2,SW1,1e-10,0.4291581147889802,0.35492709939749145,0.07423101539148874,0.005510243646051439,0.0
P0351,mixed_frequency,2,SW1,1e-10,0.42042451732223074,0.3906606716516097,0.029763845670621014,0.0008858865091045453,0.0
P0352,mixed_frequency,2,SW1,1e-10,0.42916030545750483,0.4275323977379478,0.001627907719557009,2.650083543393302e-06,0.0
P0353,mixed_frequency,2,SW1,1e-10,0.5128423218714234,0.6041255480496204,0.09128322617819695,0.008332627381499862,0.0
P0354,mixed_frequency,2,SW1,1e-10,0.460254429722592,0.4412332367188725,0.019021193003719516,0.0003618057832847483,0.0
P0355,mixed_frequency,2,SW1,1e-10,0.5212020928763739,0.609299498114648,0.08809740523827414,0.007761152809716692,0.0
P0356,mixed_frequency,2,SW1,1e-10,0.717354701037404,0.7689757838647319,0.05162108282732791,0.0026647361922658487,0.0
P0357,mixed_frequency,2,SW1,1e-10,0.4900045131044016,0.5332989647948638,0.043294451690462255,0.00187440954717777,0.0
P0358,mixed_frequency,2,SW1,1e-10,0.44242239680347695,0.41575437560416867,0.02666802119930828,0.0007111833546867558,0.0
P0359,mixed_frequency,2,SW1,1e-10,0.12905352234541917,0.04017781537158405,0.08887570697383512,0.007898891290099005,0.0
P0360,mixed_frequency,2,SW1,1e-10,0.5645249942769597,0.5542356586168614,0.010289335660098264,0.00010587042832616978,0.0
P0361,mixed_frequency,2,SW1,1e-10,0.44086965727990296,0.6474451945759677,0.20657553729606476,0.04267345260915784,0.0
P0362,mixed_frequency,2,SW1,1e-10,0.5630473263844128,0.5504878096411179,0.012559516743294918,0.0001577414608251054,0.0
P0363,mixed_frequency,2,SW1,1e-10,0.3261761910394045,0.2947314072873603,0.03144478375204418,0.0009887744252128218,0.0
P0364,mixed_frequency,2,SW1,1e-10,0.7035875563758696,0.718965854204543,0.015378297828673393,0.0002364920441073808,0.0
P0365,mixed_frequency,2,SW1,1e-10,0.24501574201865756,0.2420960937654339,0.002919648253223661,8.524345922551976e-06,0.0
P0366,mixed_frequency,2,SW1,1e-10,0.3657758766363015,0.3304965060026291,0.035279370633672424,0.0012446339923080283,0.0
P0367,mixed_frequency,2,SW1,1e-10,0.5316959072123357,0.3705258094086487,0.16117009780368702,0.02597580042605004,0.0
P0368,mixed_frequency,2,SW1,1e-10,0.6415563919998597,0.6512758947908197,0.00971950279096001,9.446873450347943e-05,0.0
P0369,mixed_frequency,2,SW1,1e-10,0.6752162270801094,0.6719703535433057,0.003245873536803723,1.0535695016922708e-05,0.0
P0370,mixed_frequency,2,SW1,1e-10,0.4440109889862407,0.46107812920209956,0.017067140215858867,0.00029128727514778703,0.0
P0371,mixed_frequency,2,SW1,1e-10,0.7068346669560819,0.791170460656414,0.08433579370033217,0.007112526099064988,0.0
P0372,mixed_frequency,2,SW1,1e-10,0.561929635564077,0.533951223416073,0.027978412148004006,0.0007827915463235781,0.0
P0373,mixed_frequency,2,SW1,1e-10,0.350552178327689,0.31761767180206096,0.032934506525628016,0.0010846817200866343,0.0
P0374,mixed_frequency,2,SW1,1e-10,0.6012122001413318,0.6098001802240762,0.008587980082744417,7.375340190161481e-05,0.0
P0375,mixed_frequency,2,SW1,1e-10,0.6964370365141004,0.7417467047610486,0.045309668246948265,0.0020529660366485117,0.0
P0376,mixed_frequency,2,SW1,1e-10,0.42337459529311594,0.3436031187899571,0.07977147650315886,0.006363488463494026,0.0
P0377,mixed_frequency,2,SW1,1e-10,0.4980203949718787,0.5015638929582081,0.0035434979863294136,1.255637797912061e-05,0.0
P0378,mixed_frequency,2,SW1,1e-10,0.7384926491176438,0.7714303015145285,0.03293765239688473,0.0010848889454180065,0.0
P0379,mixed_frequency,2,SW1,1e-10,0.32165802976724295,0.33214085095807067,0.010482821190827718,0.00010988954011886666,0.0
P0380,mixed_frequency,2,SW1,1e-10,0.5619558603956192,0.5278122067042186,0.0341436536914006,0.0011657890873982939,0.0
P0381,mixed_frequency,2,SW1,1e-10,0.5027151333381258,0.3212502519429321,0.18146488139519368,0.03292950317977171,0.0
P0382,mixed_frequency,2,SW1,1e-10,0.3866126300660492,0.2252611572341287,0.16135147283192047,0.02603429778502997,0.0
P0001,smooth_polynomial,1,SW1,1e-08,-0.2722222222222222,-0.2722222222222222,0.0,0.0,0.0
P0002,smooth_polynomial,1,SW1,1e-08,0.027777777777777846,0.02777777777777779,5.551115123125783e-17,3.0814879110195774e-33,0.0
P0003,smooth_polynomial,1,SW1,1e-08,0.47777777777777786,0.4777777777777778,5.551115123125783e-17,3.0814879110195774e-33,0.0
P0004,smooth_polynomial,1,SW1,1e-08,-0.08888888888888889,-0.08888888888888888,1.3877787807814457e-17,1.925929944387236e-34,0.0
P0005,smooth_polynomial,1,SW1,1e-08,0.21111111111111108,0.2111111111111111,2.7755575615628914e-17,7.703719777548943e-34,0.0
P0006,smooth_polynomial,1,SW1,1e-08,0.6611111111111111,0.6611111111111111,0.0,0.0,0.0
P0007,smooth_polynomial,1,SW1,1e-08,0.09444444444444446,0.09444444444444444,1.3877787807814457e-17,1.925929944387236e-34,0.04444444444444441
P0008,smooth_polynomial,1,SW1,1e-08,0.3944444444444444,0.39444444444444443,5.551115123125783e-17,3.0814879110195774e-33,0.04444444444444434
P0009,smooth_polynomial,1,SW1,1e-08,0.8444444444444443,0.8444444444444444,1.1102230246251565e-16,1.232595164407831e-32,0.04444444444444429
P0010,smooth_polynomial,1,SW1,1e-08,0.26111111111111107,0.2611111111111111,5.551115123125783e-17,3.0814879110195774e-33,0.0
P0011,smooth_polynomial,1,SW1,1e-08,0.561111111111111,0.5611111111111111,1.1102230246251565e-16,1.232595164407831e-32,0.0
P0012,smooth_polynomial,1,SW1,1e-08,1.011111111111111,1.011111111111111,0.0,0.0,0.0
P0013,smooth_polynomial,1,SW1,1e-08,-0.23333333333333328,-0.2333333333333333,2.7755575615628914e-17,7.703719777548943e-34,0.0
P0014,smooth_polynomial,1,SW1,1e-08,0.06666666666666667,0.06666666666666668,1.3877787807814457e-17,1.925929944387236e-34,0.0
P0015,smooth_polynomial,1,SW1,1e-08,0.5166666666666667,0.5166666666666667,0.0,0.0,0.0
P0016,smooth_polynomial,1,SW1,1e-08,-0.04999999999999999,-0.049999999999999996,6.938893903907228e-18,4.81482486096809e-35,0.0
P0017,smooth_polynomial,1,SW1,1e-08,0.25,0.25,0.0,0.0,0.0
P0018,smooth_polynomial,1,SW1,1e-08,0.7,0.7,0.0,0.0,0.0
P0019,smooth_polynomial,1,SW1,1e-08,0.13333333333333336,0.13333333333333333,2.7755575615628914e-17,7.703719777548943e-34,0.0
P0020,smooth_polynomial,1,SW1,1e-08,0.4333333333333333,0.43333333333333335,5.551115123125783e-17,3.0814879110195774e-33,0.0
P0021,smooth_polynomial,1,SW1,1e-08,0.8833333333333333,0.8833333333333333,0.0,0.0,0.0
P0022,smooth_polynomial,1,SW1,1e-08,0.3,0.3,0.0,0.0,0.0
P0023,smooth_polynomial,1,SW1,1e-08,0.6,0.6,0.0,0.0,0.0
P0024,smooth_polynomial,1,SW1,1e-08,1.0499999999999998,1.05,2.220446049250313e-16,4.930380657631324e-32,0.0
P0025,smooth_polynomial,1,SW1,1e-08,-0.20555555555555555,-0.20555555555555555,0.0,0.0,0.0
P0026,smooth_polynomial,1,SW1,1e-08,0.09444444444444444,0.09444444444444444,0.0,0.0,0.0
P0027,smooth_polynomial,1,SW1,1e-08,0.5444444444444445,0.5444444444444445,0.0,0.0,0.0
P0028,smooth_polynomial,1,SW1,1e-08,-0.02222222222222222,-0.02222222222222222,0.0,0.0,0.02222222222222222
P0029,smooth_polynomial,1,SW1,1e-08,0.2777777777777778,0.2777777777777778,0.0,0.0,0.0222222222222222
P0030,smooth_polynomial,1,SW1,1e-08,0.7277777777777777,0.7277777777777777,0.0,0.0,0.022222222222222254
P0031,smooth_polynomial,1,SW1,1e-08,0.1611111111111111,0.1611111111111111,0.0,0.0,0.0
P0032,smooth_polynomial,1,SW1,1e-08,0.46111111111111114,0.4611111111111111,5.551115123125783e-17,3.0814879110195774e-33,0.0
P0033,smooth_polynomial,1,SW1,1e-08,0.911111111111111,0.9111111111111111,1.1102230246251565e-16,1.232595164407831e-32,0.0
P0034,smooth_polynomial,1,SW1,1e-08,0.3277777777777777,0.3277777777777778,5.551115123125783e-17,3.0814879110195774e-33,0.0
P0035,smooth_polynomial,1,SW1,1e-08,0.6277777777777778,0.6277777777777778,0.0,0.0,0.0
P0036,smooth_polynomial,1,SW1,1e-08,1.0777777777777777,1.0777777777777777,0.0,0.0,0.0
P0037,smooth_polynomial,2,SW1,1e-08,-0.622222222222222,-0.6222222222222221,1.1102230246251565e-16,1.232595164407831e-32,0.0
P0038,smooth_polynomial,2,SW1,1e-08,-0.3222222222222221,-0.32222222222222213,5.551115123125783e-17,3.0814879110195774e-33,0.0
P0039,smooth_polynomial,2,SW1,1e-08,0.12777777777777788,0.12777777777777788,0.0,0.0,0.0
P0040,smooth_polynomial,2,SW1,1e-08,-0.25555555555555554,-0.25555555555555554,0.0,0.0,0.0
P0041,smooth_polynomial,2,SW1,1e-08,0.04444444444444443,0.04444444444444445,2.0816681711721685e-17,4.333342374871281e-34,0.0
P0042,smooth_polynomial,2,SW1,1e-08,0.49444444444444446,0.49444444444444446,0.0,0.0,0.0
P0043,smooth_polynomial,2,SW1,1e-08,0.11111111111111113,0.11111111111111113,0.0,0.0,0.06111111111111109
P0044,smooth_polynomial,2,SW1,1e-08,0.4111111111111111,0.4111111111111111,0.0,0.0,0.06111111111111106
P0045,smooth_polynomial,2,SW1,1e-08,0.861111111111111,0.8611111111111112,1.1102230246251565e-16,1.232595164407831e-32,0.061111111111111005
P0046,smooth_polynomial,2,SW1,1e-08,0.4444444444444444,0.4444444444444444,0.0,0.0,0.0
P0047,smooth_polynomial,2,SW1,1e-08,0.7444444444444445,0.7444444444444445,0.0,0.0,0.0
P0048,smooth_polynomial,2,SW1,1e-08,1.1944444444444444,1.1944444444444444,0.0,0.0,0.0
P0049,smooth_polynomial,2,SW1,1e-08,-0.46666666666666656,-0.4666666666666666,5.551115123125783e-17,3.0814879110195774e-33,0.0
P0050,smooth_polynomial,2,SW1,1e-08,-0.16666666666666663,-0.16666666666666663,0.0,0.0,0.0
P0051,smooth_polynomial,2,SW1,1e-08,0.2833333333333333,0.2833333333333334,5.551115123125783e-17,3.0814879110195774e-33,0.0
P0052,smooth_polynomial,2,SW1,1e-08,-0.09999999999999998,-0.09999999999999999,1.3877787807814457e-17,1.925929944387236e-34,0.0
P0053,smooth_polynomial,2,SW1,1e-08,0.19999999999999996,0.2,5.551115123125783e-17,3.0814879110195774e-33,0.0
P0054,smooth_polynomial,2,SW1,1e-08,0.6499999999999999,0.65,1.1102230246251565e-16,1.232595164407831e-32,0.0
P0055,smooth_polynomial,2,SW1,1e-08,0.2666666666666667,0.26666666666666666,5.551115123125783e-17,3.0814879110195774e-33,0.0
P0056,smooth_polynomial,2,SW1,1e-08,0.5666666666666665,0.5666666666666667,1.1102230246251565e-16,1.232595164407831e-32,0.0
P0057,smooth_polynomial,2,SW1,1e-08,1.0166666666666664,1.0166666666666666,2.220446049250313e-16,4.930380657631324e-32,0.0
P0058,smooth_polynomial,2,SW1,1e-08,0.6,0.6,0.0,0.0,0.0
P0059,smooth_polynomial,2,SW1,1e-08,0.8999999999999999,0.8999999999999999,0.0,0.0,0.0
P0060,smooth_polynomial,2,SW1,1e-08,1.3499999999999999,1.35,2.220446049250313e-16,4.930380657631324e-32,0.0
P0061,smooth_polynomial,2,SW1,1e-08,-0.35555555555555557,-0.3555555555555555,5.551115123125783e-17,3.0814879110195774e-33,0.0
P0062,smooth_polynomial,2,SW1,1e-08,-0.05555555555555553,-0.055555555555555525,6.938893903907228e-18,4.81482486096809e-35,0.0
P0063,smooth_polynomial,2,SW1,1e-08,0.39444444444444443,0.3944444444444445,5.551115123125783e-17,3.0814879110195774e-33,0.0
P0064,smooth_polynomial,2,SW1,1e-08,0.011111111111111115,0.011111111111111113,1.734723475976807e-18,3.009265538105056e-36,0.0
P0065,smooth_polynomial,2,SW1,1e-08,0.3111111111111111,0.3111111111111111,0.0,0.0,0.0
P0066,smooth_polynomial,2,SW1,1e-08,0.7611111111111111,0.7611111111111111,0.0,0.0,0.0
P0067,smooth_polynomial,2,SW1,1e-08,0.37777777777777777,0.37777777777777777,0.0,0.0,0.0
P0068,smooth_polynomial,2,SW1,1e-08,0.6777777777777777,0.6777777777777778,1.1102230246251565e-16,1.232595164407831e-32,0.0
P0069,smooth_polynomial,2,SW1,1e-08,1.1277777777777775,1.1277777777777778,2.220446049250313e-16,4.930380657631324e-32,0.0
P0070,smooth_polynomial,2,SW1,1e-08,0.7111111111111111,0.711111111111111,1.1102230246251565e-16,1.232595164407831e-32,0.0
P0071,smooth_polynomial,2,SW1,1e-08,1.011111111111111,1.011111111111111,0.0,0.0,0.0
P0072,smooth_polynomial,2,SW1,1e-08,1.4611111111111108,1.461111111111111,2.220446049250313e-16,4.930380657631324e-32,0.0
P0073,sinusoid,1,SW1,1e-08,0.5748173974315501,0.5750459360222461,0.00022853859069593696,5.2229887437285006e-08,0.0
P0074,sinusoid,1,SW1,1e-08,0.7298890232798705,0.730415500617587,0.0005264773377164911,2.771783871290442e-07,0.0
P0075,sinusoid,1,SW1,1e-08,0.8956827005682517,0.8963605256140483,0.0006778250457966095,4.594467927091758e-07,0.0
P0076,sinusoid,1,SW1,1e-08,0.9254998547394409,0.9261899555312407,0.0006901007917998747,4.7623910284281404e-07,0.0
P0077,sinusoid,1,SW1,1e-08,0.6318713535586334,0.6390576474687264,0.007186293910092956,5.16428201622391e-05,0.0
P0078,sinusoid,1,SW1,1e-08,0.7748943469269193,0.7844097681841611,0.009515421257241807,9.054324170276925e-05,0.0
P0079,sinusoid,1,SW1,1e-08,0.9159898222848093,0.9232342443900284,0.007244422105219139,5.248165163858771e-05,0.0
P0080,sinusoid,1,SW1,1e-08,0.8904297355485727,0.9005180993532904,0.01008836380471767,0.00010177508425633759,0.0
P0081,sinusoid,1,SW1,1e-08,0.6610420736463026,0.7000858306332174,0.03904375698691476,0.0015244149596532548,0.0
P0082,sinusoid,1,SW1,1e-08,0.7935812577387585,0.8323019291604284,0.038720671421669905,0.0014992903953449245,0.0
P0083,sinusoid,1,SW1,1e-08,0.9121539083734331,0.9410273310610535,0.028873422687620387,0.0008336745376979917,0.05687722551295549
P0084,sinusoid,1,SW1,1e-08,0.8214163906611538,0.8662529935510221,0.04483660288986835,0.002010320958703751,0.0
P0085,sinusoid,1,SW1,1e-08,0.653454460520696,0.764503363531613,0.11104890301091697,0.012331858859928043,0.0
P0086,sinusoid,1,SW1,1e-08,0.7809788405470997,0.8782525822748479,0.09727374172774828,0.009462180829716676,0.0
P0087,sinusoid,1,SW1,1e-08,0.8449504257951075,0.9497626892323064,0.10481226343719896,0.010985610566828794,0.0
P0088,sinusoid,1,SW1,1e-08,0.7299570857395783,0.8175214687028707,0.08756438296329239,0.00766752116374213,0.0
P0089,sinusoid,1,SW1,1e-08,0.6090997353545089,0.8215127058347615,0.21241297048025265,0.04511927002824468,0.0
P0090,sinusoid,1,SW1,1e-08,0.7281591037765665,0.913609165108942,0.18545006133237552,0.03439172524818184,0.05958204727306682
P0091,sinusoid,1,SW1,1e-08,0.7101824876781564,0.9459011273494009,0.2357186396712445,0.05556327708846201,0.0
P0092,sinusoid,1,SW1,1e-08,0.6822127629859247,0.7598968261006515,0.07768406311472675,0.00603481366201285,0.0
P0093,sinusoid,1,SW1,1e-08,0.5394099347996104,0.8695171441101668,0.33010720931055637,0.10897076963880348,0.0
P0094,sinusoid,1,SW1,1e-08,0.5857058063881108,0.9373814131120659,0.35167560672395515,0.12367573236466196,0.0
P0095,sinusoid,1,SW1,1e-08,0.6496971625338582,0.9295507997512531,0.27985363721739487,0.07831805826380525,0.0
P0096,sinusoid,1,SW1,1e-08,0.6690222005204572,0.6949930124620182,0.025970811941560923,0.0006744830729039235,0.0
P0097,sinusoid,2,SW1,1e-08,0.6477418831928288,0.6479899910323624,0.0002481078395336622,6.155750003806148e-08,0.0
P0098,sinusoid,2,SW1,1e-08,0.7911046813800081,0.7916505965928816,0.0005459152128735045,2.9802341964672377e-07,0.0
P0099,sinusoid,2,SW1,1e-08,0.925653237062622,0.9263431321527904,0.0006898950901683687,4.7595523543842156e-07,0.0
P0100,sinusoid,2,SW1,1e-08,0.8954559886658613,0.8961339865207938,0.0006779978549324994,4.596810912930705e-07,0.0
P0101,sinusoid,2,SW1,1e-08,0.7566640954802852,0.764503363531613,0.00783926805132773,6.145412358056767e-05,0.0
P0102,sinusoid,2,SW1,1e-08,0.8680294680388124,0.8782525822748479,0.010223114236035502,0.00010451206468303175,0.0
P0103,sinusoid,2,SW1,1e-08,0.9424100029943925,0.9497626892323064,0.0073526862379139635,5.406199491320939e-05,0.010144774622786734
P0104,sinusoid,2,SW1,1e-08,0.8080654889145359,0.8175214687028707,0.00945597978833479,8.941555375739605e-05,0.0
P0105,sinusoid,2,SW1,1e-08,0.8142064477588725,0.8584384631108883,0.04423201535201582,0.001956471182100963,0.0
P0106,sinusoid,2,SW1,1e-08,0.8904081450810186,0.9325665474142472,0.04215840233322854,0.0017773308872903696,0.0
P0107,sinusoid,2,SW1,1e-08,0.9060018030746189,0.9347900511762953,0.02878824810167646,0.0008287632287636784,0.05072512021414122
P0108,sinusoid,2,SW1,1e-08,0.6721688372190039,0.7118049992277586,0.03963616200875475,0.0015710253387842532,0.0
P0109,sinusoid,2,SW1,1e-08,0.8014011090923945,0.9279754323328191,0.1265743232404246,0.016021059303771495,0.0
P0110,sinusoid,2,SW1,1e-08,0.8468124535154137,0.9492985900688871,0.10248613655347338,0.010503408185657193,0.0
P0111,sinusoid,2,SW1,1e-08,0.7736059810684504,0.8724546351889504,0.09884865412050003,0.009771056421434249,0.0
P0112,sinusoid,2,SW1,1e-08,0.49650159960283025,0.5694513006537083,0.07294970105087806,0.005321658883412479,0.0
P0113,sinusoid,2,SW1,1e-08,0.715094943997575,0.9499013075636804,0.2348063635661054,0.05513402837113807,0.0
P0114,sinusoid,2,SW1,1e-08,0.730358578459793,0.9160473958699,0.185688817410107,0.03448033691116406,0.061781521956293384
P0115,sinusoid,2,SW1,1e-08,0.5608090609198004,0.7686846617394372,0.20787560081963674,0.04321226541612496,0.0
P0116,sinusoid,2,SW1,1e-08,0.37559974386318457,0.4193713352114835,0.043771591348298944,0.0019159522091624788,0.0
P0117,sinusoid,2,SW1,1e-08,0.5778205205752304,0.9217768952713512,0.34395637469612084,0.11830598769409828,0.0
P0118,sinusoid,2,SW1,1e-08,0.5079974318299926,0.836512069047858,0.32851463721786545,0.10792186686638575,0.0
P0119,sinusoid,2,SW1,1e-08,0.4100392442944378,0.6350242559949993,0.22498501170056157,0.05061825548990182,0.0
P0120,sinusoid,2,SW1,1e-08,0.3281802609670126,0.2782610877661441,0.04991917320086847,0.002491923853058305,0.0
P0121,smooth_edge,1,SW1,1e-08,0.7797531930902151,0.7968410695441766,0.01708787645396148,0.00029199552170585123,0.0
P0122,smooth_edge,1,SW1,1e-08,0.9228705401837884,0.9682213690407698,0.045350828856981384,0.0020566976780152153,0.0
P0123,smooth_edge,1,SW1,1e-08,0.9918512922299766,0.9997254218438986,0.007874129613921976,6.200191717684305e-05,0.0
P0124,smooth_edge,1,SW1,1e-08,0.9999691973674016,0.9999999950965821,3.079772918046508e-05,9.485001226732704e-10,0.0
P0125,smooth_edge,1,SW1,1e-08,0.6808137252837081,0.7040516276171624,0.023237902333454352,0.0005400001048591632,0.0
P0126,smooth_edge,1,SW1,1e-08,0.778631449155927,0.8972159750827483,0.11858452592682134,0.014062289789288963,0.0
P0127,smooth_edge,1,SW1,1e-08,0.880772073076286,0.9945137011005495,0.11374162802426346,0.012937157945609916,0.0
P0128,smooth_edge,1,SW1,1e-08,0.969067639852615,0.9999946227781964,0.03092698292558138,0.0009564782728792023,0.0
P0129,smooth_edge,1,SW1,1e-08,0.5708665904202367,0.5906532827008858,0.01978669228064911,0.0003915131914090991,0.0
P0130,smooth_edge,1,SW1,1e-08,0.5413226008435792,0.7143624294910559,0.1730398286474767,0.029942782298348094,0.0
P0131,smooth_edge,1,SW1,1e-08,0.4187254924293694,0.9002495108803148,0.4815240184509454,0.2318653803451464,0.0
P0132,smooth_edge,1,SW1,1e-08,0.3310951514419399,0.9941376978036617,0.6630425463617218,0.43962541828583596,0.0
P0133,smooth_edge,1,SW1,1e-08,0.4618369180919458,0.4667159617488687,0.004879043656922877,2.380506700615936e-05,0.0
P0134,smooth_edge,1,SW1,1e-08,0.38804779584510535,0.4174297935376853,0.02938199769257993,0.0008633017884067724,0.0
P0135,smooth_edge,1,SW1,1e-08,0.3263364906563092,0.31002551887238744,0.01631097178392177,0.0002660478005358921,0.0
P0136,smooth_edge,1,SW1,1e-08,0.32099698707982605,0.1339278883240735,0.18706909875575253,0.03499484770928949,0.0
P0137,smooth_edge,1,SW1,1e-08,0.35981028900411327,0.34675509928171655,0.01305518972239672,0.00017043797868777298,0.0
P0138,smooth_edge,1,SW1,1e-08,0.2994207220434553,0.1703239186438458,0.12909680339960952,0.016665984647997432,0.0
P0139,smooth_edge,1,SW1,1e-08,0.31663344599965754,0.02188127093613046,0.2947521750635271,0.08687884470468012,0.0
P0140,smooth_edge,1,SW1,1e-08,0.3209702904219573,0.0001409919630903207,0.320829298458867,0.10293143874960875,0.0
P0141,smooth_edge,1,SW1,1e-08,0.2668348685085417,0.2435464707695958,0.02328839773894592,0.0005423494692473414,0.0
P0142,smooth_edge,1,SW1,1e-08,0.2025198912141136,0.05554926015761178,0.14697063105650182,0.02160036639314638,0.0
P0143,smooth_edge,1,SW1,1e-08,0.24645314228181664,0.0011125360328603216,0.24534060624895632,0.06019201307460542,0.0
P0144,smooth_edge,1,SW1,1e-08,0.302940214207794,1.2858614151064257e-07,0.3029400856216525,0.09177269547645413,0.0
P0145,smooth_edge,1,SW1,1e-08,0.18454487068338393,0.16337423951337943,0.021170631170004506,0.00044819562413636637,0.0
P0146,smooth_edge,1,SW1,1e-08,0.07257998347090051,0.016571944094738476,0.05600803937616204,0.0031369004747617175,0.0
P0147,smooth_edge,1,SW1,1e-08,0.028011358408312783,5.5448524722794907e-05,0.027955909883589987,0.0007815328974194043,0.0
P0148,smooth_edge,1,SW1,1e-08,0.0032452767259862005,1.1725539852746633e-10,0.003245276608730802,1.0531820267175294e-05,0.0
P0149,smooth_edge,2,SW1,1e-08,0.8697316374780301,0.8842526814109779,0.014521043932947841,0.0002108607169026013,0.0
P0150,smooth_edge,2,SW1,1e-08,0.9698904008919609,0.9938389829390936,0.023948582047132683,0.0005735345820682458,0.0
P0151,smooth_edge,2,SW1,1e-08,0.996754656373763,0.9999949695696981,0.003240313195935096,1.0499629607751116e-05,0.0
P0152,smooth_edge,2,SW1,1e-08,0.9999876794517667,0.9999999999995663,1.2320547799649084e-05,1.517958980834379e-10,0.0
P0153,smooth_edge,2,SW1,1e-08,0.8000585604755366,0.8224934972879262,0.022434936812389616,0.0005033263897759148,0.0
P0154,smooth_edge,2,SW1,1e-08,0.9046938553767703,0.9788208895449324,0.07412703416816213,0.0054948171945678765,0.0
P0155,smooth_edge,2,SW1,1e-08,0.9552181058334434,0.9998989708060922,0.04468086497264889,0.001996379694704083,0.0
P0156,smooth_edge,2,SW1,1e-08,0.9878486143813774,0.9999999995245059,0.012151385143128524,0.0001476561608966446,0.0
P0157,smooth_edge,2,SW1,1e-08,0.7153364378149278,0.7375616214876249,0.022225183672697102,0.0004939587892851218,0.0
P0158,smooth_edge,2,SW1,1e-08,0.7747516491080084,0.9297812081694472,0.15502955906143878,0.024034164182784135,0.0
P0159,smooth_edge,2,SW1,1e-08,0.7240583878582608,0.9979746796109501,0.2739162917526893,0.0750301348875444,0.0
P0160,smooth_edge,2,SW1,1e-08,0.6836465285450513,0.9999994785576881,0.31635295001263686,0.10007918898169792,0.0
P0161,smooth_edge,2,SW1,1e-08,0.6204784080719208,0.6302602229177513,0.009781814845830517,9.56839016781103e-05,0.0
P0162,smooth_edge,2,SW1,1e-08,0.6843375396982133,0.791391472673955,0.10705393297574173,0.011460544565574602,0.0
P0163,smooth_edge,2,SW1,1e-08,0.681061336778872,0.9608342772032357,0.2797729404243636,0.07827289819369451,0.0
P0164,smooth_edge,2,SW1,1e-08,0.6790165952609248,0.9994284955764196,0.3204119003154947,0.10266378586378652,0.0
P0165,smooth_edge,2,SW1,1e-08,0.5167974805942845,0.5083325618141193,0.008464918780165198,7.165484995479347e-05,0.0
P0166,smooth_edge,2,SW1,1e-08,0.5887202790042602,0.5208212853727429,0.0678989936315173,0.004610273336172827,0.0
P0167,smooth_edge,2,SW1,1e-08,0.6690332117762741,0.5498339973124777,0.11919921446379633,0.014208452728786113,0.0
P0168,smooth_edge,2,SW1,1e-08,0.6789744406508369,0.6145944982675491,0.06437994238328781,0.004144776981275459,0.0
P0169,smooth_edge,2,SW1,1e-08,0.4069229795634656,0.3854055017324505,0.021517477831015153,0.00046300185220822857,0.0
P0170,smooth_edge,2,SW1,1e-08,0.4159255117481937,0.23745802834390245,0.17846748340429125,0.03185064263266097,0.0
P0171,smooth_edge,2,SW1,1e-08,0.518363861005561,0.05732417589886871,0.46103968510669224,0.21255759124327794,0.0
P0172,smooth_edge,2,SW1,1e-08,0.6397114298675963,0.0014520391100099098,0.6382593907575864,0.40737504989024537,0.0
P0173,smooth_edge,2,SW1,1e-08,0.2980444951767782,0.2755454045751979,0.02249909060158034,0.0005062090778981208,0.0
P0174,smooth_edge,2,SW1,1e-08,0.17805699262732044,0.0819105771553252,0.09614641547199525,0.009244133208113526,0.0
P0175,smooth_edge,2,SW1,1e-08,0.07348395891137283,0.003018416324708427,0.0704655425866644,0.004965392692033015,0.0
P0176,smooth_edge,2,SW1,1e-08,0.008148680003862733,1.326011943142785e-06,0.008147353991919591,6.63793770696481e-05,0.0
P0177,hard_step,1,SW1,1e-08,1.0000000012820514,1.0,1.2820513539679723e-09,1.643655674211111e-18,1.2820513539679723e-09
P0178,hard_step,1,SW1,1e-08,1.0000000012820514,1.0,1.2820513539679723e-09,1.643655674211111e-18,1.2820513539679723e-09
P0179,hard_step,1,SW1,1e-08,0.32098765432098764,1.0,0.6790123456790124,0.46105776558451456,0.0
P0180,hard_step,1,SW1,1e-08,0.32098765432098764,1.0,0.6790123456790124,0.46105776558451456,0.0
P0181,hard_step,1,SW1,1e-08,0.32098765432098764,0.0,0.32098765432098764,0.10303307422648986,0.0
P0182,hard_step,1,SW1,1e-08,0.32098765432098764,0.0,0.32098765432098764,0.10303307422648986,0.0
P0183,hard_step,1,SW1,1e-08,0.32098765432098764,0.0,0.32098765432098764,0.10303307422648986,0.0
P0184,hard_step,1,SW1,1e-08,0.32098765432098764,0.0,0.32098765432098764,0.10303307422648986,0.0
P0185,hard_step,1,SW1,1e-08,-8.205128181831216e-10,0.0,8.205128181831216e-10,6.732412848028084e-19,8.205128181831216e-10
P0186,hard_step,2,SW1,1e-08,1.0000000008205128,1.0,8.205127688398761e-10,6.7324120382928e-19,8.205127688398761e-10
P0187,hard_step,2,SW1,1e-08,1.0000000008205128,1.0,8.205127688398761e-10,6.7324120382928e-19,8.205127688398761e-10
P0188,hard_step,2,SW1,1e-08,0.6790123456790123,1.0,0.32098765432098775,0.10303307422648993,0.0
P0189,hard_step,2,SW1,1e-08,0.6790123456790123,1.0,0.32098765432098775,0.10303307422648993,0.0
P0190,hard_step,2,SW1,1e-08,0.6790123456790123,1.0,0.32098765432098775,0.10303307422648993,0.0
P0191,hard_step,2,SW1,1e-08,0.6790123456790123,1.0,0.32098765432098775,0.10303307422648993,0.0
P0192,hard_step,2,SW1,1e-08,0.6790123456790123,0.0,0.6790123456790123,0.46105776558451445,0.0
P0193,hard_step,2,SW1,1e-08,0.6790123456790123,0.0,0.6790123456790123,0.46105776558451445,0.0
P0194,hard_step,2,SW1,1e-08,-1.2820512552814811e-09,0.0,1.2820512552814811e-09,1.6436554211688215e-18,1.2820512552814811e-09
P0195,kink,1,SW1,1e-08,0.4239600140058589,0.4533333333333333,0.02937331932747439,0.0008627918883137805,0.0
P0196,kink,1,SW1,1e-08,-0.12443305094557491,-0.13333333333333333,0.008900282387758418,7.921502658184269e-05,0.0
P0197,kink,1,SW1,1e-08,0.2688703559224668,0.29333333333333333,0.02446297741086656,0.0005984372638045675,0.0
P0198,kink,1,SW1,1e-08,0.19276969998537175,0.15583333333333332,0.03693636665203842,0.001364295181453816,0.0
P0199,kink,1,SW1,1e-08,-0.11664297597644353,-0.04583333333333333,0.07080964264311021,0.005014005491244972,0.0
P0200,kink,1,SW1,1e-08,0.1688873468561154,0.10083333333333333,0.06805401352278206,0.004631348756559004,0.0
P0201,kink,1,SW1,1e-08,0.07910608203990642,-0.014000000000000004,0.09310608203990642,0.008668742512821785,0.0
P0202,kink,1,SW1,1e-08,-0.1911778599594352,-0.07583333333333335,0.11534452662610185,0.01330435982259952,0.0
P0203,kink,1,SW1,1e-08,0.18073143433180588,0.05250000000000001,0.12823143433180587,0.01644330075079224,0.02176856566819413
P0204,kink,1,SW1,1e-08,-0.017430981142786822,-0.05,0.03256901885721318,0.0010607409893215076,0.0
P0205,kink,1,SW1,1e-08,-0.30991423010141667,-0.27083333333333337,0.039080896768083295,0.0015273164921975834,0.0
P0206,kink,1,SW1,1e-08,0.23654737582723617,0.1875,0.04904737582723617,0.0024056450755381513,0.0
P0207,kink,1,SW1,1e-08,-0.09370393682237173,-0.09200000000000001,0.0017039368223717155,2.903400694634219e-06,0.0
P0208,kink,1,SW1,1e-08,-0.4776573887629213,-0.49833333333333346,0.020675944570412164,0.00042749468387875625,0.0
P0209,kink,1,SW1,1e-08,0.331956521284044,0.3450000000000001,0.01304347871595607,0.000170132337013599,0.0
P0210,kink,2,SW1,1e-08,0.7142078121996023,0.7366666666666667,0.022458854467064415,0.0005044001439727792,0.0
P0211,kink,2,SW1,1e-08,-0.21073282816616093,-0.21666666666666667,0.005933838500505745,3.5210439350084264e-05,0.0
P0212,kink,2,SW1,1e-08,0.4592886312477215,0.47666666666666674,0.017378035418945226,0.0003019961150221148,0.0
P0213,kink,2,SW1,1e-08,0.44547477919653167,0.4391666666666666,0.006308112529865073,3.9792283689440735e-05,0.0
P0214,kink,2,SW1,1e-08,-0.15642577052464654,-0.12916666666666665,0.02725910385797989,0.0007430587431401341,0.0
P0215,kink,2,SW1,1e-08,0.30697703635693685,0.2841666666666667,0.02281036969027017,0.0005203129654067962,0.0
P0216,kink,2,SW1,1e-08,0.25383639956558535,0.18416666666666662,0.06966973289891873,0.004853871682206678,0.0
P0217,kink,2,SW1,1e-08,-0.14058726689552464,-0.054166666666666655,0.08642060022885799,0.007468520143916089,0.0
P0218,kink,2,SW1,1e-08,0.2152548164966493,0.11916666666666664,0.09608814982998265,0.009232932537749195,0.0
P0219,kink,2,SW1,1e-08,0.08015439460766233,-0.010000000000000004,0.09015439460766234,0.008127814867074095,0.0
P0220,kink,2,SW1,1e-08,-0.16397207068973937,-0.05416666666666669,0.10980540402307268,0.012057226752670226,0.0
P0221,kink,2,SW1,1e-08,0.1668485234917583,0.03750000000000002,0.1293485234917583,0.016731040529497948,0.0
P0222,kink,2,SW1,1e-08,-0.05462789790477736,-0.05200000000000001,0.0026278979047773474,6.905847397933172e-06,0.0
P0223,kink,2,SW1,1e-08,-0.2530575114473974,-0.28166666666666673,0.028609155219269322,0.0008184837623602451,0.0
P0224,kink,2,SW1,1e-08,0.1760126576106631,0.19500000000000006,0.01898734238933697,0.00036051917100991257,0.0
P0225,thin_feature,1,SW1,1e-08,0.4032924775036234,8.364834722972767e-05,0.40320882915639367,0.16257735990966984,0.0
P0226,thin_feature,1,SW1,1e-08,0.5698317931467177,0.0551441169483479,0.5146876761983699,0.264903404030478,0.0
P0227,thin_feature,1,SW1,1e-08,0.6296156115232552,0.3523219549954969,0.2772936565277583,0.07689177195053438,0.0
P0228,thin_feature,1,SW1,1e-08,0.08998671660113214,0.4111122905071876,0.32112557390605545,0.10312163421649348,0.0
P0229,thin_feature,1,SW1,1e-08,0.35867708720709623,0.7600672046071238,0.4013901174000276,0.16111402634640795,0.0
P0230,thin_feature,1,SW1,1e-08,0.5413440031611141,0.9059551911095096,0.36461118794839553,0.1329413183771402,0.0
P0231,thin_feature,1,SW1,1e-08,4.140725746754079e-06,0.24935220877729616,0.2493480680515494,0.06217445904104012,4.140725746754078e-07
P0232,thin_feature,1,SW1,1e-08,0.023455173837412194,0.651375231630207,0.6279200577927948,0.3942835989785068,0.0023455173837411344
P0233,thin_feature,1,SW1,1e-08,0.2770575956799766,0.8569968914352788,0.5799392957553022,0.33632958676115593,0.027705386902680457
P0234,thin_feature,1,SW1,1e-08,0.04081540418779976,1.8664469113520537e-05,0.04079673971868624,0.0016643739716742316,0.0
P0235,thin_feature,1,SW1,1e-08,0.16271428294322154,0.0347085864128538,0.12800569653036775,0.016385458344224602,0.0
P0236,thin_feature,1,SW1,1e-08,0.2614886412778696,0.29823409618142144,0.036745454903551855,0.0013502284560689632,0.0
P0237,thin_feature,1,SW1,1e-08,0.18292194528430936,1.7241209390354996e-13,0.18292194528413694,0.03346043806653279,0.0
P0238,thin_feature,1,SW1,1e-08,0.2584594700881554,0.00011499237699560167,0.2583444777111598,0.06674186916385196,0.0
P0239,thin_feature,1,SW1,1e-08,0.28638092390718806,0.03818043380053571,0.24820049010665235,0.06160348328918243,0.0
P0240,thin_feature,2,SW1,1e-08,0.18292194528430952,1.724120939035518e-13,0.1829219452841371,0.03346043806653285,0.0
P0241,thin_feature,2,SW1,1e-08,0.2584594700881555,0.00011499237699560208,0.2583444777111599,0.06674186916385201,0.0
P0242,thin_feature,2,SW1,1e-08,0.28638092390718806,0.03818043380053579,0.24820049010665227,0.06160348328918239,0.0
P0243,thin_feature,2,SW1,1e-08,0.04081540418779973,1.8664469113520635e-05,0.040796739718686206,0.0016643739716742287,0.0
P0244,thin_feature,2,SW1,1e-08,0.1627142829432215,0.03470858641285385,0.12800569653036764,0.016385458344224575,0.0
P0245,thin_feature,2,SW1,1e-08,0.2614886412778695,0.29823409618142166,0.03674545490355213,0.0013502284560689836,0.0
P0246,thin_feature,2,SW1,1e-08,4.140725746754079e-06,0.24935220877729639,0.24934806805154963,0.06217445904104023,4.140725746754078e-07
P0247,thin_feature,2,SW1,1e-08,0.023455173837412198,0.6513752316302073,0.627920057792795,0.39428359897850707,0.002345517383741138
P0248,thin_feature,2,SW1,1e-08,0.2770575956799767,0.8569968914352789,0.5799392957553022,0.33632958676115593,0.027705386902680512
P0249,thin_feature,2,SW1,1e-08,0.08998671660113222,0.411112290507187,0.3211255739060548,0.10312163421649305,0.0
P0250,thin_feature,2,SW1,1e-08,0.3586770872070964,0.7600672046071234,0.401390117400027,0.16111402634640745,0.0
P0251,thin_feature,2,SW1,1e-08,0.5413440031611142,0.9059551911095095,0.3646111879483953,0.13294131837714004,0.0
P0252,thin_feature,2,SW1,1e-08,0.403292477503623,8.364834722972738e-05,0.4032088291563933,0.16257735990966954,0.0
P0253,thin_feature,2,SW1,1e-08,0.5698317931467176,0.055144116948347775,0.5146876761983699,0.264903404030478,0.0
P0254,thin_feature,2,SW1,1e-08,0.6296156115232552,0.35232195499549673,0.27729365652775845,0.07689177195053447,0.0
P0255,mixed_frequency,1,SW1,1e-08,0.5018692139761574,0.49935542472536626,0.0025137892507910986,6.3191363973928725e-06,0.0
P0256,mixed_frequency,1,SW1,1e-08,0.4323783347432756,0.45555610868671437,0.023177773943438784,0.0005372092049731499,0.0
P0257,mixed_frequency,1,SW1,1e-08,0.2776341150710221,0.155213372665013,0.12242074240600909,0.014986838171238432,0.0
P0258,mixed_frequency,1,SW1,1e-08,0.686513184456596,0.7427118258953607,0.05619864143876463,0.003158287299562833,0.0
P0259,mixed_frequency,1,SW1,1e-08,0.701398490770425,0.5406964779017696,0.16070201286865549,0.025825136940037515,0.0
P0260,mixed_frequency,1,SW1,1e-08,0.45508444431104456,0.4170475535071272,0.03803689080391737,0.0014468050620291336,0.0
P0261,mixed_frequency,1,SW1,1e-08,0.5322815034414765,0.47535988945488694,0.05692161398658957,0.003240070138838309,0.0
P0262,mixed_frequency,1,SW1,1e-08,0.5893584660978661,0.6686000035176052,0.07924153741973905,0.006279221252643904,0.0
P0263,mixed_frequency,1,SW1,1e-08,0.364040231373741,0.28032091330418796,0.08371931806955302,0.007008924218030986,0.0
P0264,mixed_frequency,1,SW1,1e-08,0.49312504110017086,0.4747727588702795,0.01835228222989138,0.000336806263045587,0.0
P0265,mixed_frequency,1,SW1,1e-08,0.5284517975752313,0.4673856494865241,0.061066148088707195,0.0037290744423919176,0.0
P0266,mixed_frequency,1,SW1,1e-08,0.4808232158932551,0.4334862851454516,0.047336930747803485,0.002240785012622343,0.0
P0267,mixed_frequency,1,SW1,1e-08,0.6959913666203043,0.6773719504742064,0.018619416146097856,0.0003466826576215695,0.0
P0268,mixed_frequency,1,SW1,1e-08,0.5533666776165462,0.4548365472979632,0.09853013031858304,0.009708186580596957,0.0
P0269,mixed_frequency,1,SW1,1e-08,0.6865683184772639,0.6986226099788257,0.012054291501561898,0.00014530594360462738,0.0
P0270,mixed_frequency,1,SW1,1e-08,0.29622925298861524,0.23943781507349454,0.0567914379151207,0.0032252674204670093,4.848290785242071e-05
P0271,mixed_frequency,1,SW1,1e-08,0.4856599884885414,0.4664184217464979,0.019241566742043525,0.0003702378906885155,0.0
P0272,mixed_frequency,1,SW1,1e-08,0.4602839376844442,0.4844869960552387,0.024203058370794506,0.000585788034500086,0.0
P0273,mixed_frequency,1,SW1,1e-08,0.6844783737446265,0.7668339405122937,0.0823555667676672,0.00678243937762369,0.0
P0274,mixed_frequency,1,SW1,1e-08,0.5636426299338964,0.6036770727120775,0.040034442778181134,0.0016027566085594597,0.0
P0275,mixed_frequency,1,SW1,1e-08,0.5415658303335237,0.5801958680494812,0.03863003771595752,0.0014922798139363005,0.0
P0276,mixed_frequency,1,SW1,1e-08,0.47549499351818025,0.43425126660147423,0.041243726916706025,0.001701045009979821,0.0
P0277,mixed_frequency,1,SW1,1e-08,0.6259016161234825,0.6813224182546447,0.05542080213116218,0.003071465308861431,0.015513158736926158
P0278,mixed_frequency,1,SW1,1e-08,0.27245027925176585,0.29829739986517656,0.025847120613410712,0.0006680736440042009,0.0
P0279,mixed_frequency,1,SW1,1e-08,0.4491914462630497,0.45224178202853027,0.003050335765480583,9.304548282170014e-06,0.0
P0280,mixed_frequency,1,SW1,1e-08,0.5832879770692432,0.48763067251845843,0.09565730455078475,0.009150319913921585,0.0
P0281,mixed_frequency,1,SW1,1e-08,0.49616473770582514,0.5701012749830773,0.07393653727725213,0.005466611544550495,0.0
P0282,mixed_frequency,1,SW1,1e-08,0.5295030548996471,0.5623229858879404,0.03281993098829328,0.0010771478700763333,0.0
P0283,mixed_frequency,1,SW1,1e-08,0.587514981319053,0.7666319644998695,0.17911698318081648,0.032082893663796894,0.0
P0284,mixed_frequency,1,SW1,1e-08,0.4985272783233262,0.5391611189168729,0.04063384059354669,0.0016511090013817628,0.0
P0285,mixed_frequency,1,SW1,1e-08,0.676642982689192,0.6887178293753018,0.012074846686109808,0.00014580192249305702,0.0
P0286,mixed_frequency,1,SW1,1e-08,0.32584058440010616,0.2988924441998043,0.02694814020030184,0.0007262022602551241,0.0
P0287,mixed_frequency,1,SW1,1e-08,0.42697019613195475,0.4271356910831181,0.00016549495116335855,2.738857886056243e-08,0.0
P0288,mixed_frequency,1,SW1,1e-08,0.37503637933748674,0.2645103235299279,0.11052605580755881,0.012216009012375604,0.0
P0289,mixed_frequency,1,SW1,1e-08,0.5138142252139324,0.43919422396993496,0.07462000124399742,0.005568144585654178,0.0
P0290,mixed_frequency,1,SW1,1e-08,0.3313130379863143,0.35253116173124965,0.02121812374493537,0.0004502087752553901,0.0
P0291,mixed_frequency,1,SW1,1e-08,0.3445035955063322,0.3719201334216269,0.027416537915294692,0.0007516665512607914,0.0
P0292,mixed_frequency,1,SW1,1e-08,0.5269419969014968,0.5405693019751132,0.013627305073616425,0.00018570344356941195,0.0
P0293,mixed_frequency,1,SW1,1e-08,0.5195568872214558,0.5848295787523584,0.06527269153090265,0.0042605242596883705,0.0
P0294,mixed_frequency,1,SW1,1e-08,0.5289294331713281,0.5409906345655865,0.01206120139425837,0.00014547257907286004,0.0
P0295,mixed_frequency,1,SW1,1e-08,0.6064704286538866,0.6740210161891979,0.06755058753531129,0.0045630818763657535,0.018431706286334282
P0296,mixed_frequency,1,SW1,1e-08,0.4738487678993073,0.43882666894757716,0.03502209895173014,0.0012265474149847774,0.0
P0297,mixed_frequency,1,SW1,1e-08,0.4175505146507376,0.4085314772238543,0.009019037426883314,8.134303610752198e-05,0.0
P0298,mixed_frequency,1,SW1,1e-08,0.5687053640596715,0.5515396754151357,0.017165688644535826,0.0002946608666411462,0.0
P0299,mixed_frequency,1,SW1,1e-08,0.46129298481861825,0.45758380838567025,0.0037091764329479915,1.3757989810736785e-05,0.0
P0300,mixed_frequency,1,SW1,1e-08,0.5985966373595848,0.6005499470896327,0.001953309730047925,3.815418901499898e-06,0.0
P0301,mixed_frequency,1,SW1,1e-08,0.26008090611857576,0.2456362579031397,0.014444648215436062,0.00020864786206770022,0.019123559418512237
P0302,mixed_frequency,1,SW1,1e-08,0.3486067227838376,0.3270528513166872,0.021553871467150376,0.00046456937522243913,0.0
P0303,mixed_frequency,1,SW1,1e-08,0.4690016611971878,0.4633290863928645,0.0056725748043232604,3.2178104910643076e-05,0.0
P0304,mixed_frequency,1,SW1,1e-08,0.48211970698352574,0.4944074046768252,0.01228769769329946,0.00015098751460191687,0.0
P0305,mixed_frequency,1,SW1,1e-08,0.5482363329054207,0.535141282,0.013095050905420735,0.0001714803582155604,0.0
P0306,mixed_frequency,1,SW1,1e-08,0.554874297658191,0.4813603793968585,0.07351391826133247,0.005404296178133871,0.0
P0307,mixed_frequency,1,SW1,1e-08,0.44666374745975845,0.44916240885229025,0.002498661392531798,6.2433087545289435e-06,0.0
P0308,mixed_frequency,1,SW1,1e-08,0.40791924229461257,0.3619738362318022,0.04594540606281039,0.0021109803382765337,0.0
P0309,mixed_frequency,1,SW1,1e-08,0.5279415132632831,0.5383224304502269,0.010380917186943783,0.00010776344164218484,0.0
P0310,mixed_frequency,1,SW1,1e-08,0.3165100722976044,0.3926499743554235,0.07613990205781906,0.00579728468537428,0.0
P0311,mixed_frequency,1,SW1,1e-08,0.42408012594005284,0.42040974436429945,0.0036703815757533897,1.3471700911629936e-05,0.0
P0312,mixed_frequency,1,SW1,1e-08,0.5878606392969419,0.6101470394713223,0.02228640017438044,0.0004966836327326245,0.0
P0313,mixed_frequency,1,SW1,1e-08,0.5423977738427637,0.5479313452317733,0.005533571389009673,3.062041231726644e-05,0.0
P0314,mixed_frequency,1,SW1,1e-08,0.8459628591821525,0.8500388285880128,0.004075969405860302,1.6613526597509188e-05,0.00983999222845
P0315,mixed_frequency,1,SW1,1e-08,0.42246245566454776,0.41205449093146773,0.010407964733080033,0.00010832572988503772,0.004363013130186277
P0316,mixed_frequency,1,SW1,1e-08,0.5910622943122412,0.6085826163686509,0.017520322056409632,0.00030696168496031385,0.0
P0317,mixed_frequency,1,SW1,1e-08,0.43589945717717726,0.429892434580156,0.006007022597021239,3.6084320481123785e-05,0.0
P0318,mixed_frequency,1,SW1,1e-08,0.4350307340441972,0.39204653808406975,0.042984195960127425,0.0018476411023386349,0.0
P0319,mixed_frequency,2,SW1,1e-08,0.7015162582634062,0.8140327948345307,0.11251653657112448,0.012659971001961192,0.0
P0320,mixed_frequency,2,SW1,1e-08,0.5535968930323631,0.5548865092370293,0.0012896162046661663,1.6631099553375674e-06,0.0
P0321,mixed_frequency,2,SW1,1e-08,0.31437424386468416,0.3967439560775554,0.08236971221287126,0.006784769490031233,0.0
P0322,mixed_frequency,2,SW1,1e-08,0.6315913304978967,0.6303496925970249,0.0012416379008718392,1.5416646768814273e-06,0.0
P0323,mixed_frequency,2,SW1,1e-08,0.2632878241203048,0.276272829973252,0.012985005852947151,0.00016861037700107177,0.0
P0324,mixed_frequency,2,SW1,1e-08,0.472827605370809,0.3680034887100495,0.10482411666075947,0.010988095433708512,0.0
P0325,mixed_frequency,2,SW1,1e-08,0.715236339766618,0.6634508837330682,0.05178545603354989,0.002681733456602729,0.0
P0326,mixed_frequency,2,SW1,1e-08,0.6314019244436158,0.6508270799207778,0.01942515547716206,0.00037733666531191914,0.0
P0327,mixed_frequency,2,SW1,1e-08,0.5146652490660194,0.5333568294057774,0.01869158033975804,0.0003493751755976293,0.0
P0328,mixed_frequency,2,SW1,1e-08,0.6142683156814396,0.6678860836431736,0.05361776796173401,0.0028748650411983497,0.0
P0329,mixed_frequency,2,SW1,1e-08,0.47296187526531047,0.48087471401390125,0.007912838748590778,6.261301706119967e-05,0.0
P0330,mixed_frequency,2,SW1,1e-08,0.37266706131403776,0.3476791051625945,0.02498795615144328,0.0006243979526264521,0.0
P0331,mixed_frequency,2,SW1,1e-08,0.3092548875442759,0.20720898854505576,0.10204589899922012,0.010413365502559033,0.0
P0332,mixed_frequency,2,SW1,1e-08,0.5854547202310502,0.6153000035934494,0.029845283362399222,0.0008907409389819038,0.0
P0333,mixed_frequency,2,SW1,1e-08,0.13772867365211056,0.0649946518336959,0.07273402181841465,0.0052902379298816185,0.0
P0334,mixed_frequency,2,SW1,1e-08,0.4707055907343272,0.5226072573180978,0.051901666583770545,0.002693782994172884,0.0
P0335,mixed_frequency,2,SW1,1e-08,0.4831151568182935,0.3957690317599277,0.08734612505836575,0.00762934556271167,0.0
P0336,mixed_frequency,2,SW1,1e-08,0.6168856305031933,0.7552761193165396,0.13839048881334626,0.019151927393996914,0.0
P0337,mixed_frequency,2,SW1,1e-08,0.393231326011856,0.48475446913807674,0.09152314312622073,0.008376485727702684,0.0
P0338,mixed_frequency,2,SW1,1e-08,0.6601199579060277,0.6651371781040039,0.005017220197976124,2.517249851497958e-05,0.0
P0339,mixed_frequency,2,SW1,1e-08,0.6816701221349496,0.7408408381328755,0.05917071599792589,0.0035011736317072033,0.015059567022110532
P0340,mixed_frequency,2,SW1,1e-08,0.506912639314232,0.5689577717014875,0.06204513238725551,0.0038495984529520622,0.0
P0341,mixed_frequency,2,SW1,1e-08,0.4100522016000607,0.2574974214481519,0.15255478015190876,0.023272960947197215,0.0
P0342,mixed_frequency,2,SW1,1e-08,0.5282974830251035,0.5173737037104447,0.010923779314658821,0.00011932895451536794,0.0
P0343,mixed_frequency,2,SW1,1e-08,0.4008786805716104,0.48324739685668694,0.08236871628507653,0.006784605422451431,0.0
P0344,mixed_frequency,2,SW1,1e-08,0.34963027517351025,0.270052112801759,0.07957816237175125,0.006332683926464806,0.0
P0345,mixed_frequency,2,SW1,1e-08,0.5051451709566336,0.49531618841216574,0.009828982544467846,9.660889785945361e-05,0.0
P0346,mixed_frequency,2,SW1,1e-08,0.2157461532939008,0.16971157929838276,0.046034573995518024,0.002119182002948824,0.04040080776420213
P0347,mixed_frequency,2,SW1,1e-08,0.6463746742671731,0.6635927865275683,0.017218112260395158,0.00029646338981157,0.0
P0348,mixed_frequency,2,SW1,1e-08,0.4314837426149765,0.3179991471566734,0.11348459545830314,0.012878753406334717,0.0
P0349,mixed_frequency,2,SW1,1e-08,0.6059115489155431,0.6303959865910851,0.02448443767554198,0.0005994876882874996,0.0
P0350,mixed_frequency,2,SW1,1e-08,0.4291581142100311,0.35492709939749145,0.07423101481253963,0.005510243560099478,0.0
P0351,mixed_frequency,2,SW1,1e-08,0.4204245152260107,0.3906606716516097,0.029763843574400983,0.0008858863843214108,0.0
P0352,mixed_frequency,2,SW1,1e-08,0.42916030536000943,0.4275323977379478,0.0016279076220616084,2.6500832259662807e-06,0.0
P0353,mixed_frequency,2,SW1,1e-08,0.5128423250587408,0.6041255480496204,0.09128322299087954,0.00833262679960264,0.0
P0354,mixed_frequency,2,SW1,1e-08,0.4602544264625743,0.4412332367188725,0.019021189743701816,0.00036180565926590715,0.0
P0355,mixed_frequency,2,SW1,1e-08,0.5212020932163655,0.609299498114648,0.08809740489828255,0.0077611527498119386,0.0
P0356,mixed_frequency,2,SW1,1e-08,0.7173547016036975,0.7689757838647319,0.051621082261034346,0.0026647361338004746,0.0
P0357,mixed_frequency,2,SW1,1e-08,0.4900045135365336,0.5332989647948638,0.0432944512583302,0.0018744095097599296,0.0
P0358,mixed_frequency,2,SW1,1e-08,0.44242239639808534,0.41575437560416867,0.02666802079391667,0.0007111833330647718,0.0
P0359,mixed_frequency,2,SW1,1e-08,0.12905352109737075,0.04017781537158405,0.08887570572578671,0.007898891068256636,0.0
P0360,mixed_frequency,2,SW1,1e-08,0.564524992358647,0.5542356586168614,0.010289333741785534,0.00010587038884984628,0.0
P0361,mixed_frequency,2,SW1,1e-08,0.4408696585563274,0.6474451945759677,0.2065755360196403,0.042673452081801705,0.0
P0362,mixed_frequency,2,SW1,1e-08,0.5630473257451015,0.5504878096411179,0.012559516103983648,0.0001577414447662246,0.0
P0363,mixed_frequency,2,SW1,1e-08,0.32617619032092665,0.2947314072873603,0.03144478303356635,0.000988774380028062,0.0
P0364,mixed_frequency,2,SW1,1e-08,0.7035875573459055,0.718965854204543,0.015378296858637452,0.00023649201427237854,0.0
P0365,mixed_frequency,2,SW1,1e-08,0.2450157417674323,0.2420960937654339,0.0029196480019983984,8.52434445557324e-06,0.0
P0366,mixed_frequency,2,SW1,1e-08,0.36577587601733297,0.3304965060026291,0.03527937001470388,0.0012446339486343874,0.0
P0367,mixed_frequency,2,SW1,1e-08,0.5316959066884993,0.3705258094086487,0.1611700972798506,0.025975800257196504,0.0
P0368,mixed_frequency,2,SW1,1e-08,0.6415563920512403,0.6512758947908197,0.009719502739579444,9.446873350469232e-05,0.0
P0369,mixed_frequency,2,SW1,1e-08,0.6752162272090934,0.6719703535433057,0.0032458736657876575,1.0535695854253806e-05,0.0
P0370,mixed_frequency,2,SW1,1e-08,0.4440109881598191,0.46107812920209956,0.017067141042280465,0.0002912873033570943,0.0
P0371,mixed_frequency,2,SW1,1e-08,0.7068346673567172,0.791170460656414,0.08433579329969687,0.007112526031489196,0.0
P0372,mixed_frequency,2,SW1,1e-08,0.561929637238442,0.533951223416073,0.027978413822368986,0.0007827916400157279,0.0
P0373,mixed_frequency,2,SW1,1e-08,0.35055217788554965,0.31761767180206096,0.03293450608348869,0.0010846816909633535,0.0
P0374,mixed_frequency,2,SW1,1e-08,0.6012122001417701,0.6098001802240762,0.008587980082306101,7.375340189408631e-05,0.0
P0375,mixed_frequency,2,SW1,1e-08,0.6964370376925383,0.7417467047610486,0.04530966706851036,0.0020529659298592524,0.0
P0376,mixed_frequency,2,SW1,1e-08,0.423374595003468,0.3436031187899571,0.07977147621351094,0.006363488417282742,0.0
P0377,mixed_frequency,2,SW1,1e-08,0.49802039658797226,0.5015638929582081,0.003543496370235877,1.2556366525874834e-05,0.0
P0378,mixed_frequency,2,SW1,1e-08,0.7384926498640291,0.7714303015145285,0.032937651650499444,0.0010848888962496487,0.0
P0379,mixed_frequency,2,SW1,1e-08,0.3216580288819461,0.33214085095807067,0.010482822076124554,0.0001098895586796843,0.0
P0380,mixed_frequency,2,SW1,1e-08,0.5619558602590673,0.5278122067042186,0.03414365355484872,0.0011657890780735335,0.0
P0381,mixed_frequency,2,SW1,1e-08,0.5027151330289986,0.3212502519429321,0.1814648810860665,0.03292950306758026,0.0
P0382,mixed_frequency,2,SW1,1e-08,0.3866126294487273,0.2252611572341287,0.1613514722145986,0.026034297585818388,0.0
P0001,smooth_polynomial,1,SW1,1e-06,-0.2722222222222222,-0.2722222222222222,0.0,0.0,0.0
P0002,smooth_polynomial,1,SW1,1e-06,0.027777777777777846,0.02777777777777779,5.551115123125783e-17,3.0814879110195774e-33,0.0
P0003,smooth_polynomial,1,SW1,1e-06,0.47777777777777786,0.4777777777777778,5.551115123125783e-17,3.0814879110195774e-33,0.0
P0004,smooth_polynomial,1,SW1,1e-06,-0.08888888888888889,-0.08888888888888888,1.3877787807814457e-17,1.925929944387236e-34,0.0
P0005,smooth_polynomial,1,SW1,1e-06,0.21111111111111108,0.2111111111111111,2.7755575615628914e-17,7.703719777548943e-34,0.0
P0006,smooth_polynomial,1,SW1,1e-06,0.6611111111111111,0.6611111111111111,0.0,0.0,0.0
P0007,smooth_polynomial,1,SW1,1e-06,0.09444444444444446,0.09444444444444444,1.3877787807814457e-17,1.925929944387236e-34,0.04444444444444441
P0008,smooth_polynomial,1,SW1,1e-06,0.3944444444444444,0.39444444444444443,5.551115123125783e-17,3.0814879110195774e-33,0.04444444444444434
P0009,smooth_polynomial,1,SW1,1e-06,0.8444444444444443,0.8444444444444444,1.1102230246251565e-16,1.232595164407831e-32,0.04444444444444429
P0010,smooth_polynomial,1,SW1,1e-06,0.26111111111111107,0.2611111111111111,5.551115123125783e-17,3.0814879110195774e-33,0.0
P0011,smooth_polynomial,1,SW1,1e-06,0.561111111111111,0.5611111111111111,1.1102230246251565e-16,1.232595164407831e-32,0.0
P0012,smooth_polynomial,1,SW1,1e-06,1.011111111111111,1.011111111111111,0.0,0.0,0.0
P0013,smooth_polynomial,1,SW1,1e-06,-0.23333333333333328,-0.2333333333333333,2.7755575615628914e-17,7.703719777548943e-34,0.0
P0014,smooth_polynomial,1,SW1,1e-06,0.06666666666666667,0.06666666666666668,1.3877787807814457e-17,1.925929944387236e-34,0.0
P0015,smooth_polynomial,1,SW1,1e-06,0.5166666666666667,0.5166666666666667,0.0,0.0,0.0
P0016,smooth_polynomial,1,SW1,1e-06,-0.04999999999999999,-0.049999999999999996,6.938893903907228e-18,4.81482486096809e-35,0.0
P0017,smooth_polynomial,1,SW1,1e-06,0.25,0.25,0.0,0.0,0.0
P0018,smooth_polynomial,1,SW1,1e-06,0.7,0.7,0.0,0.0,0.0
P0019,smooth_polynomial,1,SW1,1e-06,0.13333333333333336,0.13333333333333333,2.7755575615628914e-17,7.703719777548943e-34,0.0
P0020,smooth_polynomial,1,SW1,1e-06,0.4333333333333333,0.43333333333333335,5.551115123125783e-17,3.0814879110195774e-33,0.0
P0021,smooth_polynomial,1,SW1,1e-06,0.8833333333333333,0.8833333333333333,0.0,0.0,0.0
P0022,smooth_polynomial,1,SW1,1e-06,0.3,0.3,0.0,0.0,0.0
P0023,smooth_polynomial,1,SW1,1e-06,0.6,0.6,0.0,0.0,0.0
P0024,smooth_polynomial,1,SW1,1e-06,1.0499999999999998,1.05,2.220446049250313e-16,4.930380657631324e-32,0.0
P0025,smooth_polynomial,1,SW1,1e-06,-0.20555555555555555,-0.20555555555555555,0.0,0.0,0.0
P0026,smooth_polynomial,1,SW1,1e-06,0.09444444444444444,0.09444444444444444,0.0,0.0,0.0
P0027,smooth_polynomial,1,SW1,1e-06,0.5444444444444445,0.5444444444444445,0.0,0.0,0.0
P0028,smooth_polynomial,1,SW1,1e-06,-0.02222222222222222,-0.02222222222222222,0.0,0.0,0.02222222222222222
P0029,smooth_polynomial,1,SW1,1e-06,0.2777777777777778,0.2777777777777778,0.0,0.0,0.0222222222222222
P0030,smooth_polynomial,1,SW1,1e-06,0.7277777777777777,0.7277777777777777,0.0,0.0,0.022222222222222254
P0031,smooth_polynomial,1,SW1,1e-06,0.1611111111111111,0.1611111111111111,0.0,0.0,0.0
P0032,smooth_polynomial,1,SW1,1e-06,0.46111111111111114,0.4611111111111111,5.551115123125783e-17,3.0814879110195774e-33,0.0
P0033,smooth_polynomial,1,SW1,1e-06,0.911111111111111,0.9111111111111111,1.1102230246251565e-16,1.232595164407831e-32,0.0
P0034,smooth_polynomial,1,SW1,1e-06,0.3277777777777777,0.3277777777777778,5.551115123125783e-17,3.0814879110195774e-33,0.0
P0035,smooth_polynomial,1,SW1,1e-06,0.6277777777777778,0.6277777777777778,0.0,0.0,0.0
P0036,smooth_polynomial,1,SW1,1e-06,1.0777777777777777,1.0777777777777777,0.0,0.0,0.0
P0037,smooth_polynomial,2,SW1,1e-06,-0.622222222222222,-0.6222222222222221,1.1102230246251565e-16,1.232595164407831e-32,0.0
P0038,smooth_polynomial,2,SW1,1e-06,-0.3222222222222221,-0.32222222222222213,5.551115123125783e-17,3.0814879110195774e-33,0.0
P0039,smooth_polynomial,2,SW1,1e-06,0.12777777777777788,0.12777777777777788,0.0,0.0,0.0
P0040,smooth_polynomial,2,SW1,1e-06,-0.25555555555555554,-0.25555555555555554,0.0,0.0,0.0
P0041,smooth_polynomial,2,SW1,1e-06,0.04444444444444443,0.04444444444444445,2.0816681711721685e-17,4.333342374871281e-34,0.0
P0042,smooth_polynomial,2,SW1,1e-06,0.49444444444444446,0.49444444444444446,0.0,0.0,0.0
P0043,smooth_polynomial,2,SW1,1e-06,0.11111111111111113,0.11111111111111113,0.0,0.0,0.06111111111111109
P0044,smooth_polynomial,2,SW1,1e-06,0.4111111111111111,0.4111111111111111,0.0,0.0,0.06111111111111106
P0045,smooth_polynomial,2,SW1,1e-06,0.861111111111111,0.8611111111111112,1.1102230246251565e-16,1.232595164407831e-32,0.061111111111111005
P0046,smooth_polynomial,2,SW1,1e-06,0.4444444444444444,0.4444444444444444,0.0,0.0,0.0
P0047,smooth_polynomial,2,SW1,1e-06,0.7444444444444445,0.7444444444444445,0.0,0.0,0.0
P0048,smooth_polynomial,2,SW1,1e-06,1.1944444444444444,1.1944444444444444,0.0,0.0,0.0
P0049,smooth_polynomial,2,SW1,1e-06,-0.46666666666666656,-0.4666666666666666,5.551115123125783e-17,3.0814879110195774e-33,0.0
P0050,smooth_polynomial,2,SW1,1e-06,-0.16666666666666663,-0.16666666666666663,0.0,0.0,0.0
P0051,smooth_polynomial,2,SW1,1e-06,0.2833333333333333,0.2833333333333334,5.551115123125783e-17,3.0814879110195774e-33,0.0
P0052,smooth_polynomial,2,SW1,1e-06,-0.09999999999999998,-0.09999999999999999,1.3877787807814457e-17,1.925929944387236e-34,0.0
P0053,smooth_polynomial,2,SW1,1e-06,0.19999999999999996,0.2,5.551115123125783e-17,3.0814879110195774e-33,0.0
P0054,smooth_polynomial,2,SW1,1e-06,0.6499999999999999,0.65,1.1102230246251565e-16,1.232595164407831e-32,0.0
P0055,smooth_polynomial,2,SW1,1e-06,0.2666666666666667,0.26666666666666666,5.551115123125783e-17,3.0814879110195774e-33,0.0
P0056,smooth_polynomial,2,SW1,1e-06,0.5666666666666665,0.5666666666666667,1.1102230246251565e-16,1.232595164407831e-32,0.0
P0057,smooth_polynomial,2,SW1,1e-06,1.0166666666666664,1.0166666666666666,2.220446049250313e-16,4.930380657631324e-32,0.0
P0058,smooth_polynomial,2,SW1,1e-06,0.6,0.6,0.0,0.0,0.0
P0059,smooth_polynomial,2,SW1,1e-06,0.8999999999999999,0.8999999999999999,0.0,0.0,0.0
P0060,smooth_polynomial,2,SW1,1e-06,1.3499999999999999,1.35,2.220446049250313e-16,4.930380657631324e-32,0.0
P0061,smooth_polynomial,2,SW1,1e-06,-0.35555555555555557,-0.3555555555555555,5.551115123125783e-17,3.0814879110195774e-33,0.0
P0062,smooth_polynomial,2,SW1,1e-06,-0.05555555555555553,-0.055555555555555525,6.938893903907228e-18,4.81482486096809e-35,0.0
P0063,smooth_polynomial,2,SW1,1e-06,0.39444444444444443,0.3944444444444445,5.551115123125783e-17,3.0814879110195774e-33,0.0
P0064,smooth_polynomial,2,SW1,1e-06,0.011111111111111115,0.011111111111111113,1.734723475976807e-18,3.009265538105056e-36,0.0
P0065,smooth_polynomial,2,SW1,1e-06,0.3111111111111111,0.3111111111111111,0.0,0.0,0.0
P0066,smooth_polynomial,2,SW1,1e-06,0.7611111111111111,0.7611111111111111,0.0,0.0,0.0
P0067,smooth_polynomial,2,SW1,1e-06,0.37777777777777777,0.37777777777777777,0.0,0.0,0.0
P0068,smooth_polynomial,2,SW1,1e-06,0.6777777777777777,0.6777777777777778,1.1102230246251565e-16,1.232595164407831e-32,0.0
P0069,smooth_polynomial,2,SW1,1e-06,1.1277777777777775,1.1277777777777778,2.220446049250313e-16,4.930380657631324e-32,0.0
P0070,smooth_polynomial,2,SW1,1e-06,0.7111111111111111,0.711111111111111,1.1102230246251565e-16,1.232595164407831e-32,0.0
P0071,smooth_polynomial,2,SW1,1e-06,1.011111111111111,1.011111111111111,0.0,0.0,0.0
P0072,smooth_polynomial,2,SW1,1e-06,1.4611111111111108,1.461111111111111,2.220446049250313e-16,4.930380657631324e-32,0.0
P0073,sinusoid,1,SW1,1e-06,0.5748173993430046,0.5750459360222461,0.0002285366792414978,5.222901375873124e-08,0.0
P0074,sinusoid,1,SW1,1e-06,0.7298890283897561,0.730415500617587,0.0005264722278308653,2.7717300667719457e-07,0.0
P0075,sinusoid,1,SW1,1e-06,0.8956827084584837,0.8963605256140483,0.0006778171555645862,4.594360963776665e-07,0.0
P0076,sinusoid,1,SW1,1e-06,0.9254998630965099,0.9261899555312407,0.0006900924347308379,4.762275684727358e-07,0.0
P0077,sinusoid,1,SW1,1e-06,0.6318713763685272,0.6390576474687264,0.007186271100199204,5.164249232555828e-05,0.0
P0078,sinusoid,1,SW1,1e-06,0.7748943753881464,0.7844097681841611,0.009515392796014654,9.054270006244759e-05,0.0
P0079,sinusoid,1,SW1,1e-06,0.9159898273169826,0.9232342443900284,0.007244417073045795,5.24815787282374e-05,0.0
P0080,sinusoid,1,SW1,1e-06,0.8904297673649056,0.9005180993532904,0.010088331988384769,0.00010177444230786738,0.0
P0081,sinusoid,1,SW1,1e-06,0.6610421162541421,0.7000858306332174,0.03904371437907528,0.0015244116325148097,0.0
P0082,sinusoid,1,SW1,1e-06,0.7935812911433087,0.8323019291604284,0.03872063801711978,0.0014992878084528216,0.0
P0083,sinusoid,1,SW1,1e-06,0.9121539085999462,0.9410273310610535,0.028873422461107356,0.0008336745246175788,0.05687722573946852
P0084,sinusoid,1,SW1,1e-06,0.8214164468512883,0.8662529935510221,0.044836546699733804,0.00201031591995741,0.0
P0085,sinusoid,1,SW1,1e-06,0.6534545074876583,0.764503363531613,0.11104885604395465,0.012331848428670963,0.0
P0086,sinusoid,1,SW1,1e-06,0.7809788645676343,0.8782525822748479,0.0972737177072136,0.009462176156582682,0.0
P0087,sinusoid,1,SW1,1e-06,0.8449504616145924,0.9497626892323064,0.10481222761771403,0.010985603058187495,0.0
P0088,sinusoid,1,SW1,1e-06,0.7299571199980236,0.8175214687028707,0.08756434870484708,0.007667515164104055,0.0
P0089,sinusoid,1,SW1,1e-06,0.6090997941404427,0.8215127058347615,0.21241291169431886,0.0451192450544585,0.0
P0090,sinusoid,1,SW1,1e-06,0.7281591038848022,0.913609165108942,0.18545006122413976,0.03439172520803718,0.05958204738130257
P0091,sinusoid,1,SW1,1e-06,0.7101825583103613,0.9459011273494009,0.23571856903903965,0.0555632437898125,0.0
P0092,sinusoid,1,SW1,1e-06,0.6822127703811957,0.7598968261006515,0.0776840557194558,0.006034812513023514,0.0
P0093,sinusoid,1,SW1,1e-06,0.5394100851902034,0.8695171441101668,0.3301070589199634,0.10897067034878818,0.0
P0094,sinusoid,1,SW1,1e-06,0.5857059314629318,0.9373814131120659,0.3516754816491341,0.12367564439315044,0.0
P0095,sinusoid,1,SW1,1e-06,0.6496971761378789,0.9295507997512531,0.2798536236133742,0.0783180506495361,0.0
P0096,sinusoid,1,SW1,1e-06,0.6690222002052971,0.6949930124620182,0.025970812256721043,0.000674483089273852,0.0
P0097,sinusoid,2,SW1,1e-06,0.6477418851317369,0.6479899910323624,0.0002481059006255171,6.155653792519895e-08,0.0
P0098,sinusoid,2,SW1,1e-06,0.7911046866764879,0.7916505965928816,0.0005459099163936942,2.9801763681697023e-07,0.0
P0099,sinusoid,2,SW1,1e-06,0.9256532454092421,0.9263431321527904,0.0006898867435483069,4.759437189236874e-07,0.0
P0100,sinusoid,2,SW1,1e-06,0.8954559965657982,0.8961339865207938,0.0006779899549955726,4.596703790748985e-07,0.0
P0101,sinusoid,2,SW1,1e-06,0.7566641211889057,0.764503363531613,0.007839242342707275,6.145372050769465e-05,0.0
P0102,sinusoid,2,SW1,1e-06,0.8680295018934787,0.8782525822748479,0.01022308038136921,0.00010451137248393602,0.0
P0103,sinusoid,2,SW1,1e-06,0.9424100084559105,0.9497626892323064,0.007352680776395948,5.406191459958252e-05,0.01014478008430475
P0104,sinusoid,2,SW1,1e-06,0.808065515621648,0.8175214687028707,0.009455953081222712,8.94150486742853e-05,0.0
P0105,sinusoid,2,SW1,1e-06,0.8142065031275659,0.8584384631108883,0.04423195998332241,0.001956466283966235,0.0
P0106,sinusoid,2,SW1,1e-06,0.8904081889329071,0.9325665474142472,0.042158358481340086,0.0017773271898411794,0.0
P0107,sinusoid,2,SW1,1e-06,0.906001803296138,0.9347900511762953,0.028788247880157325,0.0008287632160093827,0.050725120435660354
P0108,sinusoid,2,SW1,1e-06,0.6721688801962731,0.7118049992277586,0.03963611903148556,0.001571021931878092,0.0
P0109,sinusoid,2,SW1,1e-06,0.8014011758106101,0.9279754323328191,0.126574256522209,0.016021042414149967,0.0
P0110,sinusoid,2,SW1,1e-06,0.8468124849501977,0.9492985900688871,0.10248610511868939,0.010503401742399051,0.0
P0111,sinusoid,2,SW1,1e-06,0.773606008003718,0.8724546351889504,0.09884862718523235,0.009771051096405057,0.0
P0112,sinusoid,2,SW1,1e-06,0.496501627773282,0.5694513006537083,0.07294967288042631,0.005321654773361205,0.0
P0113,sinusoid,2,SW1,1e-06,0.7150950304937236,0.9499013075636804,0.23480627706995683,0.05513398775145333,0.0
P0114,sinusoid,2,SW1,1e-06,0.7303585785697403,0.9160473958699,0.18568881730015974,0.0344803368703321,0.06178152206624066
P0115,sinusoid,2,SW1,1e-06,0.5608091111978986,0.7686846617394372,0.2078755505415386,0.04321224451294777,0.0
P0116,sinusoid,2,SW1,1e-06,0.3755997508336095,0.4193713352114835,0.043771584377873984,0.0019159515989493419,0.0
P0117,sinusoid,2,SW1,1e-06,0.5778207445856457,0.9217768952713512,0.3439561506857055,0.11830583359452776,0.0
P0118,sinusoid,2,SW1,1e-06,0.5079975243160073,0.836512069047858,0.3285145447318507,0.10792180610037515,0.0
P0119,sinusoid,2,SW1,1e-06,0.4100392567308434,0.6350242559949993,0.22498499926415594,0.05061824989389225,0.0
P0120,sinusoid,2,SW1,1e-06,0.328180260650892,0.2782610877661441,0.0499191728847479,0.00249192382149735,0.0
P0121,smooth_edge,1,SW1,1e-06,0.779753193854011,0.7968410695441766,0.017087875690165566,0.0002919954956025513,0.0
P0122,smooth_edge,1,SW1,1e-06,0.9228706453549032,0.9682213690407698,0.04535072368586668,0.002056688138831829,0.0
P0123,smooth_edge,1,SW1,1e-06,0.9918514208512657,0.9997254218438986,0.007874000992632912,6.19998916319841e-05,0.0
P0124,smooth_edge,1,SW1,1e-06,0.9999693242972486,0.9999999950965821,3.06707993334987e-05,9.406979317557444e-10,0.0
P0125,smooth_edge,1,SW1,1e-06,0.6808137400458386,0.7040516276171624,0.023237887571323834,0.0005399994187774867,0.0
P0126,smooth_edge,1,SW1,1e-06,0.7786314541394108,0.8972159750827483,0.11858452094333749,0.014062288607360848,0.0
P0127,smooth_edge,1,SW1,1e-06,0.8807721148958028,0.9945137011005495,0.11374158620474673,0.01293714843237183,0.0
P0128,smooth_edge,1,SW1,1e-06,0.9690677697192037,0.9999946227781964,0.030926853058992676,0.0009564702401325246,0.0
P0129,smooth_edge,1,SW1,1e-06,0.5708666063450418,0.5906532827008858,0.01978667635584397,0.00039151256121091476,0.0
P0130,smooth_edge,1,SW1,1e-06,0.5413226164471913,0.7143624294910559,0.17303981304386462,0.02994277689825562,0.0
P0131,smooth_edge,1,SW1,1e-06,0.41872549751167654,0.9002495108803148,0.48152401336863826,0.2318653754506405,0.0
P0132,smooth_edge,1,SW1,1e-06,0.33109515185415916,0.9941376978036617,0.6630425459495025,0.43962541773919817,0.0
P0133,smooth_edge,1,SW1,1e-06,0.4618369233933226,0.4667159617488687,0.004879038355546095,2.380501527488994e-05,0.0
P0134,smooth_edge,1,SW1,1e-06,0.38804779858518773,0.4174297935376853,0.029381994952497548,0.0008633016273885914,0.0
P0135,smooth_edge,1,SW1,1e-06,0.32633649086094385,0.31002551887238744,0.01631097198855641,0.00026604780721147187,0.0
P0136,smooth_edge,1,SW1,1e-06,0.32099698708019553,0.1339278883240735,0.18706909875612202,0.034994847709427734,0.0
P0137,smooth_edge,1,SW1,1e-06,0.35981028087793987,0.34675509928171655,0.01305518159622332,0.00017043776651036807,0.0
P0138,smooth_edge,1,SW1,1e-06,0.2994207175315249,0.1703239186438458,0.12909679888767908,0.01666598348304586,0.0
P0139,smooth_edge,1,SW1,1e-06,0.31663344559715434,0.02188127093613046,0.2947521746610239,0.08687884446740272,0.0
P0140,smooth_edge,1,SW1,1e-06,0.32097029042045383,0.0001409919630903207,0.3208292984573635,0.10293143874864404,0.0
P0141,smooth_edge,1,SW1,1e-06,0.2668348498604201,0.2435464707695958,0.023288379090824318,0.0005423486006779433,0.0
P0142,smooth_edge,1,SW1,1e-06,0.202519869040944,0.05554926015761178,0.14697060888333222,0.02160035987553741,0.0
P0143,smooth_edge,1,SW1,1e-06,0.24645313172407873,0.0011125360328603216,0.2453405956912184,0.0601920078941219,0.0
P0144,smooth_edge,1,SW1,1e-06,0.30294021244524477,1.2858614151064257e-07,0.30294008385910326,0.09177269440856052,0.0
P0145,smooth_edge,1,SW1,1e-06,0.1845448572117051,0.16337423951337943,0.021170617698325678,0.00044819505372866044,0.0
P0146,smooth_edge,1,SW1,1e-06,0.07257998303815982,0.016571944094738476,0.05600803894342135,0.0031369004262878026,0.0
P0147,smooth_edge,1,SW1,1e-06,0.028011285735414025,5.5448524722794907e-05,0.02795583721069123,0.0007815288341506683,0.0
P0148,smooth_edge,1,SW1,1e-06,0.003245194409424968,1.1725539852746633e-10,0.0032451942921695696,1.0531285993929954e-05,0.0
P0149,smooth_edge,2,SW1,1e-06,0.8697316382609148,0.8842526814109779,0.014521043150063084,0.00021086069416599402,0.0
P0150,smooth_edge,2,SW1,1e-06,0.9698904732923371,0.9938389829390936,0.023948509646756433,0.0005735311143007859,0.0
P0151,smooth_edge,2,SW1,1e-06,0.9967547387244567,0.9999949695696981,0.0032402308452413875,1.0499095930453716e-05,0.0
P0152,smooth_edge,2,SW1,1e-06,0.9999877606869032,0.9999999999995663,1.2239312663142599e-05,1.4980077446616276e-10,0.0
P0153,smooth_edge,2,SW1,1e-06,0.8000585767794373,0.8224934972879262,0.022434920508488942,0.0005033256582222177,0.0
P0154,smooth_edge,2,SW1,1e-06,0.9046938607685558,0.9788208895449324,0.07412702877637656,0.005494816395213758,0.0
P0155,smooth_edge,2,SW1,1e-06,0.9552181388290599,0.9998989708060922,0.04468083197703232,0.001996376746159794,0.0
P0156,smooth_edge,2,SW1,1e-06,0.9878486980940098,0.9999999995245059,0.012151301430496142,0.00014765412645477758,0.0
P0157,smooth_edge,2,SW1,1e-06,0.7153364550946605,0.7375616214876249,0.022225166392964457,0.0004939580211949568,0.0
P0158,smooth_edge,2,SW1,1e-06,0.7747516663357947,0.9297812081694472,0.15502954183365247,0.024034158841152203,0.0
P0159,smooth_edge,2,SW1,1e-06,0.7240583931376097,0.9979746796109501,0.27391628647334043,0.0750301319953451,0.0
P0160,smooth_edge,2,SW1,1e-06,0.6836465289587019,0.9999994785576881,0.3163529495989862,0.1000791887199787,0.0
P0161,smooth_edge,2,SW1,1e-06,0.6204784135089764,0.6302602229177513,0.009781809408774933,9.56837953095978e-05,0.0
P0162,smooth_edge,2,SW1,1e-06,0.6843375424928101,0.791391472673955,0.10705393018114495,0.011460543967229458,0.0
P0163,smooth_edge,2,SW1,1e-06,0.6810613369838608,0.9608342772032357,0.2797729402193748,0.07827289807899387,0.0
P0164,smooth_edge,2,SW1,1e-06,0.6790165952612942,0.9994284955764196,0.32041190031512534,0.10266378586354982,0.0
P0165,smooth_edge,2,SW1,1e-06,0.5167974727683704,0.5083325618141193,0.00846491095425106,7.165471746339958e-05,0.0
P0166,smooth_edge,2,SW1,1e-06,0.5887202746300457,0.5208212853727429,0.06789898925730287,0.00461027274216333,0.0
P0167,smooth_edge,2,SW1,1e-06,0.6690332113751257,0.5498339973124777,0.119199214062648,0.01420845263315298,0.0
P0168,smooth_edge,2,SW1,1e-06,0.6789744406493334,0.6145944982675491,0.06437994238178435,0.004144776981081873,0.0
P0169,smooth_edge,2,SW1,1e-06,0.4069229625195054,0.3854055017324505,0.02151746078705491,0.00046300111872244566,0.0
P0170,smooth_edge,2,SW1,1e-06,0.4159254921223413,0.23745802834390245,0.17846746377843886,0.03185063562750839,0.0
P0171,smooth_edge,2,SW1,1e-06,0.5183638511438661,0.05732417589886871,0.46103967524499734,0.2125575821500126,0.0
P0172,smooth_edge,2,SW1,1e-06,0.6397114281296511,0.0014520391100099098,0.6382593890196412,0.40737504767172567,0.0
P0173,smooth_edge,2,SW1,1e-06,0.2980444829026472,0.2755454045751979,0.022499078327449296,0.0005062085255846986,0.0
P0174,smooth_edge,2,SW1,1e-06,0.17805699218411447,0.0819105771553252,0.09614641502878928,0.009244133122888196,0.0
P0175,smooth_edge,2,SW1,1e-06,0.07348385207603782,0.003018416324708427,0.0704654357513294,0.004965377635624731,0.0
P0176,smooth_edge,2,SW1,1e-06,0.00814855143584174,1.326011943142785e-06,0.008147225423898598,6.637728210781968e-05,0.0
P0177,hard_step,1,SW1,1e-06,1.0000001282048618,1.0,1.2820486183784396e-07,1.643648659886066e-14,1.2820486183784396e-07
P0178,hard_step,1,SW1,1e-06,1.0000001282048618,1.0,1.2820486183784396e-07,1.643648659886066e-14,1.2820486183784396e-07
P0179,hard_step,1,SW1,1e-06,0.32098765432098764,1.0,0.6790123456790124,0.46105776558451456,0.0
P0180,hard_step,1,SW1,1e-06,0.32098765432098764,1.0,0.6790123456790124,0.46105776558451456,0.0
P0181,hard_step,1,SW1,1e-06,0.32098765432098764,0.0,0.32098765432098764,0.10303307422648986,0.0
P0182,hard_step,1,SW1,1e-06,0.32098765432098764,0.0,0.32098765432098764,0.10303307422648986,0.0
P0183,hard_step,1,SW1,1e-06,0.32098765432098764,0.0,0.32098765432098764,0.10303307422648986,0.0
P0184,hard_step,1,SW1,1e-06,0.32098765432098764,0.0,0.32098765432098764,0.10303307422648986,0.0
P0185,hard_step,1,SW1,1e-06,-8.205114572964096e-08,0.0,8.205114572964096e-08,6.732390515546779e-15,8.205114572964096e-08
P0186,hard_step,2,SW1,1e-06,1.0000000820511457,1.0,8.20511456556261e-08,6.73239050340077e-15,8.20511456556261e-08
P0187,hard_step,2,SW1,1e-06,1.0000000820511457,1.0,8.20511456556261e-08,6.73239050340077e-15,8.20511456556261e-08
P0188,hard_step,2,SW1,1e-06,0.6790123456790123,1.0,0.32098765432098775,0.10303307422648993,0.0
P0189,hard_step,2,SW1,1e-06,0.6790123456790123,1.0,0.32098765432098775,0.10303307422648993,0.0
P0190,hard_step,2,SW1,1e-06,0.6790123456790123,1.0,0.32098765432098775,0.10303307422648993,0.0
P0191,hard_step,2,SW1,1e-06,0.6790123456790123,1.0,0.32098765432098775,0.10303307422648993,0.0
P0192,hard_step,2,SW1,1e-06,0.6790123456790123,0.0,0.6790123456790123,0.46105776558451445,0.0
P0193,hard_step,2,SW1,1e-06,0.6790123456790123,0.0,0.6790123456790123,0.46105776558451445,0.0
P0194,hard_step,2,SW1,1e-06,-1.2820486193653045e-07,0.0,1.2820486193653045e-07,1.6436486624164834e-14,1.2820486193653045e-07
P0195,kink,1,SW1,1e-06,0.4239600065521488,0.4533333333333333,0.029373326781184483,0.0008627923261942496,0.0
P0196,kink,1,SW1,1e-06,-0.12443293819771305,-0.13333333333333333,0.008900395135620284,7.921703357017322e-05,0.0
P0197,kink,1,SW1,1e-06,0.26887031552194984,0.29333333333333333,0.024463017811383492,0.000598439240440066,0.0
P0198,kink,1,SW1,1e-06,0.19276968976888456,0.15583333333333332,0.03693635643555124,0.0013642944267340874,0.0
P0199,kink,1,SW1,1e-06,-0.11664286370538988,-0.04583333333333333,0.07080953037205656,0.005013989591511201,0.0
P0200,kink,1,SW1,1e-06,0.16888729382473877,0.10083333333333333,0.06805396049140544,0.0046313415385657725,0.0
P0201,kink,1,SW1,1e-06,0.07910608137376701,-0.014000000000000004,0.09310608137376701,0.008668742388778525,0.0
P0202,kink,1,SW1,1e-06,-0.19117785625769756,-0.07583333333333335,0.11534452292436422,0.013304358968649182,0.0
P0203,kink,1,SW1,1e-06,0.1807314305114857,0.05250000000000001,0.1282314305114857,0.016443299771021984,0.0217685694885143
P0204,kink,1,SW1,1e-06,-0.017431015654641904,-0.05,0.0325689843453581,0.0010607387412881809,0.0
P0205,kink,1,SW1,1e-06,-0.3099142067507768,-0.27083333333333337,0.03908087341744343,0.0015273146670702364,0.0
P0206,kink,1,SW1,1e-06,0.23654733177487872,0.1875,0.049047331774878716,0.0024056407542350274,0.0
P0207,kink,1,SW1,1e-06,-0.09370404781522447,-0.09200000000000001,0.0017040478152244576,2.903778956571247e-06,0.0
P0208,kink,1,SW1,1e-06,-0.4776573653577627,-0.49833333333333346,0.020675967975570753,0.0004274956517268273,0.0
P0209,kink,1,SW1,1e-06,0.33195647623054975,0.3450000000000001,0.013043523769450338,0.00017013351232421595,0.0
P0210,kink,2,SW1,1e-06,0.7142078053909415,0.7366666666666667,0.02245886127572516,0.0005044004498022673,0.0
P0211,kink,2,SW1,1e-06,-0.21073274986062934,-0.21666666666666667,0.0059339168060373315,3.5211368660972286e-05,0.0
P0212,kink,2,SW1,1e-06,0.45928859939183064,0.47666666666666674,0.017378067274836095,0.00030199722220872926,0.0
P0213,kink,2,SW1,1e-06,0.44547477011420156,0.4391666666666666,0.006308103447534963,3.979216910480248e-05,0.0
P0214,kink,2,SW1,1e-06,-0.15642569547111765,-0.12916666666666665,0.027259028804450997,0.0007430546513618892,0.0
P0215,kink,2,SW1,1e-06,0.30697699705434967,0.2841666666666667,0.022810330387682987,0.0005203111723952539,0.0
P0216,kink,2,SW1,1e-06,0.2538363989195933,0.18416666666666662,0.06966973225292669,0.004853871592194494,0.0
P0217,kink,2,SW1,1e-06,-0.14058726347637235,-0.054166666666666655,0.0864205968097057,0.007468519552945714,0.0
P0218,kink,2,SW1,1e-06,0.21525481298734878,0.11916666666666664,0.09608814632068213,0.009232931863344819,0.0
P0219,kink,2,SW1,1e-06,0.08015435090195402,-0.010000000000000004,0.09015435090195403,0.00812780698655266,0.0
P0220,kink,2,SW1,1e-06,-0.16397204175077215,-0.05416666666666669,0.10980537508410546,0.012057220397361087,0.0
P0221,kink,2,SW1,1e-06,0.16684846290748703,0.03750000000000002,0.12934846290748703,0.016731024856529546,0.0
P0222,kink,2,SW1,1e-06,-0.054628066865057945,-0.05200000000000001,0.0026280668650579334,6.906735447215433e-06,0.0
P0223,kink,2,SW1,1e-06,-0.25305748276794493,-0.28166666666666673,0.0286091838987218,0.0008184854033508828,0.0
P0224,kink,2,SW1,1e-06,0.176012596509448,0.19500000000000006,0.018987403490552057,0.00036052149131302844,0.0
P0225,thin_feature,1,SW1,1e-06,0.403292512585817,8.364834722972767e-05,0.40320886423858726,0.1625773882005715,0.0
P0226,thin_feature,1,SW1,1e-06,0.5698318179757245,0.0551441169483479,0.5146877010273766,0.2649034295888462,0.0
P0227,thin_feature,1,SW1,1e-06,0.6296156339384775,0.3523219549954969,0.2772936789429806,0.07689178438173282,0.0
P0228,thin_feature,1,SW1,1e-06,0.08998687382628023,0.4111122905071876,0.3211254166809074,0.10312153323848638,0.0
P0229,thin_feature,1,SW1,1e-06,0.35867712666459545,0.7600672046071238,0.4013900779425284,0.16111399467070903,0.0
P0230,thin_feature,1,SW1,1e-06,0.5413440322827503,0.9059551911095096,0.3646111588267593,0.13294129714099231,0.0
P0231,thin_feature,1,SW1,1e-06,4.140725746754079e-06,0.24935220877729616,0.2493480680515494,0.06217445904104012,4.140725746754078e-07
P0232,thin_feature,1,SW1,1e-06,0.023455173837412194,0.651375231630207,0.6279200577927948,0.3942835989785068,0.0023455173837411344
P0233,thin_feature,1,SW1,1e-06,0.2770575956799766,0.8569968914352788,0.5799392957553022,0.33632958676115593,0.027705386902680457
P0234,thin_feature,1,SW1,1e-06,0.040815533569845394,1.8664469113520537e-05,0.040796869100731874,0.0016643845284222511,0.0
P0235,thin_feature,1,SW1,1e-06,0.1627143154120918,0.0347085864128538,0.128005728999238,0.016385466656626362,0.0
P0236,thin_feature,1,SW1,1e-06,0.261488664955003,0.29823409618142144,0.036745431226418435,0.001350226716015447,0.0
P0237,thin_feature,1,SW1,1e-06,0.1829219741537349,1.7241209390354996e-13,0.18292197415356248,0.033460448628236585,0.0
P0238,thin_feature,1,SW1,1e-06,0.2584594905201614,0.00011499237699560167,0.2583444981431658,0.0667418797208442,0.0
P0239,thin_feature,1,SW1,1e-06,0.2863809423768377,0.03818043380053571,0.248200508576302,0.06160349245753496,0.0
P0240,thin_feature,2,SW1,1e-06,0.18292197415373507,1.724120939035518e-13,0.18292197415356265,0.03346044862823664,0.0
P0241,thin_feature,2,SW1,1e-06,0.2584594905201615,0.00011499237699560208,0.2583444981431659,0.06674187972084425,0.0
P0242,thin_feature,2,SW1,1e-06,0.28638094237683764,0.03818043380053579,0.24820050857630185,0.06160349245753489,0.0
P0243,thin_feature,2,SW1,1e-06,0.04081553356984535,1.8664469113520635e-05,0.04079686910073183,0.0016643845284222477,0.0
P0244,thin_feature,2,SW1,1e-06,0.1627143154120917,0.03470858641285385,0.12800572899923784,0.01638546665662632,0.0
P0245,thin_feature,2,SW1,1e-06,0.26148866495500295,0.29823409618142166,0.03674543122641871,0.0013502267160154673,0.0
P0246,thin_feature,2,SW1,1e-06,4.140725746754079e-06,0.24935220877729639,0.24934806805154963,0.06217445904104023,4.140725746754078e-07
P0247,thin_feature,2,SW1,1e-06,0.023455173837412194,0.6513752316302073,0.627920057792795,0.39428359897850707,0.0023455173837411344
P0248,thin_feature,2,SW1,1e-06,0.2770575956799767,0.8569968914352789,0.5799392957553022,0.33632958676115593,0.027705386902680512
P0249,thin_feature,2,SW1,1e-06,0.08998687382628032,0.411112290507187,0.32112541668090666,0.10312153323848593,0.0
P0250,thin_feature,2,SW1,1e-06,0.35867712666459556,0.7600672046071234,0.40139007794252785,0.16111399467070858,0.0
P0251,thin_feature,2,SW1,1e-06,0.5413440322827504,0.9059551911095095,0.3646111588267591,0.13294129714099215,0.0
P0252,thin_feature,2,SW1,1e-06,0.40329251258581655,8.364834722972738e-05,0.4032088642385868,0.16257738820057113,0.0
P0253,thin_feature,2,SW1,1e-06,0.5698318179757244,0.055144116948347775,0.5146877010273766,0.2649034295888462,0.0
P0254,thin_feature,2,SW1,1e-06,0.6296156339384776,0.35232195499549673,0.2772936789429809,0.07689178438173297,0.0
P0255,mixed_frequency,1,SW1,1e-06,0.5018691085478277,0.49935542472536626,0.0025136838224614766,6.31860635930454e-06,0.0
P0256,mixed_frequency,1,SW1,1e-06,0.4323775623244371,0.45555610868671437,0.023178546362277286,0.0005372450114682376,0.0
P0257,mixed_frequency,1,SW1,1e-06,0.2776340599262361,0.155213372665013,0.12242068726122307,0.014986824669510184,0.0
P0258,mixed_frequency,1,SW1,1e-06,0.6865133157221611,0.7427118258953607,0.056198510173199545,0.0031582725456872126,0.0
P0259,mixed_frequency,1,SW1,1e-06,0.7013984462976067,0.5406964779017696,0.16070196839583717,0.025825122646296647,0.0
P0260,mixed_frequency,1,SW1,1e-06,0.4550844349241956,0.4170475535071272,0.0380368814170684,0.0014468043479361236,0.0
P0261,mixed_frequency,1,SW1,1e-06,0.5322815815721006,0.47535988945488694,0.05692169211721365,0.003240079033486863,0.0
P0262,mixed_frequency,1,SW1,1e-06,0.5893586101797124,0.6686000035176052,0.07924139333789282,0.006279198418130644,0.0
P0263,mixed_frequency,1,SW1,1e-06,0.36404021372777184,0.28032091330418796,0.08371930042358389,0.007008921263414293,0.0
P0264,mixed_frequency,1,SW1,1e-06,0.49312508667556687,0.4747727588702795,0.018352327805287394,0.0003368079358727248,0.0
P0265,mixed_frequency,1,SW1,1e-06,0.5284518161905466,0.4673856494865241,0.061066166704022484,0.003729076715923464,0.0
P0266,mixed_frequency,1,SW1,1e-06,0.48082317392727714,0.4334862851454516,0.047336888781825515,0.0022407810395429183,0.0
P0267,mixed_frequency,1,SW1,1e-06,0.6959913706576952,0.6773719504742064,0.018619420183488833,0.0003466828079693113,0.0
P0268,mixed_frequency,1,SW1,1e-06,0.5533666557637341,0.4548365472979632,0.09853010846577093,0.009708182274276583,0.0
P0269,mixed_frequency,1,SW1,1e-06,0.6865685105558554,0.6986226099788257,0.01205409942297031,0.00014530131289885317,0.0
P0270,mixed_frequency,1,SW1,1e-06,0.2962292526473716,0.23943781507349454,0.05679143757387706,0.003225267381707575,4.848324909606516e-05
P0271,mixed_frequency,1,SW1,1e-06,0.4856600187793606,0.4664184217464979,0.01924159703286271,0.00037023905637507113,0.0
P0272,mixed_frequency,1,SW1,1e-06,0.4602843236509273,0.4844869960552387,0.0242026724043114,0.0005857693515104165,0.0
P0273,mixed_frequency,1,SW1,1e-06,0.6844784375516832,0.7668339405122937,0.08235550296061045,0.006782428867895116,0.0
P0274,mixed_frequency,1,SW1,1e-06,0.5636426557977521,0.6036770727120775,0.04003441691432541,0.0016027545376700245,0.0
P0275,mixed_frequency,1,SW1,1e-06,0.5415659149821993,0.5801958680494812,0.0386299530672819,0.001492273273980402,0.0
P0276,mixed_frequency,1,SW1,1e-06,0.47549477646895116,0.43425126660147423,0.041243509867476935,0.0017010271061886674,0.0
P0277,mixed_frequency,1,SW1,1e-06,0.625901670343626,0.6813224182546447,0.0554207479110187,0.0030714592990166833,0.015513212957069644
P0278,mixed_frequency,1,SW1,1e-06,0.27244975747934286,0.29829739986517656,0.025847642385833702,0.0006681006169059469,0.0
P0279,mixed_frequency,1,SW1,1e-06,0.4491913787852002,0.45224178202853027,0.0030504032433300576,9.304959946918534e-06,0.0
P0280,mixed_frequency,1,SW1,1e-06,0.5832879603620964,0.48763067251845843,0.09565728784363797,0.00915031671760061,0.0
P0281,mixed_frequency,1,SW1,1e-06,0.4961647946418427,0.5701012749830773,0.07393648034123457,0.005466603125249766,0.0
P0282,mixed_frequency,1,SW1,1e-06,0.5295030451455627,0.5623229858879404,0.03281994074237771,0.0010771485103331841,0.0
P0283,mixed_frequency,1,SW1,1e-06,0.5875150621472698,0.7666319644998695,0.1791169023525997,0.03208286470839073,0.0
P0284,mixed_frequency,1,SW1,1e-06,0.49852733528656135,0.5391611189168729,0.04063378363031156,0.0016511043721149756,0.0
P0285,mixed_frequency,1,SW1,1e-06,0.6766431917353405,0.6887178293753018,0.012074637639961305,0.00014579687413637031,0.0
P0286,mixed_frequency,1,SW1,1e-06,0.32583997503294027,0.2988924441998043,0.026947530833135946,0.0007261694180028125,0.0
P0287,mixed_frequency,1,SW1,1e-06,0.4269701610218841,0.4271356910831181,0.00016553006123398717,2.7400201172127542e-08,0.0
P0288,mixed_frequency,1,SW1,1e-06,0.3750362121181973,0.2645103235299279,0.1105258885882694,0.01221597204822654,0.0
P0289,mixed_frequency,1,SW1,1e-06,0.513814153672802,0.43919422396993496,0.07461992970286707,0.005568133908860824,0.0
P0290,mixed_frequency,1,SW1,1e-06,0.3313130364950245,0.35253116173124965,0.021218125236225127,0.0004502088385401336,0.0
P0291,mixed_frequency,1,SW1,1e-06,0.344503344087905,0.3719201334216269,0.02741678933372188,0.0007516803373696859,0.0
P0292,mixed_frequency,1,SW1,1e-06,0.5269420684560885,0.5405693019751132,0.013627233519024728,0.0001857014933820311,0.0
P0293,mixed_frequency,1,SW1,1e-06,0.5195570665488792,0.5848295787523584,0.06527251220347918,0.004260500849353339,0.0
P0294,mixed_frequency,1,SW1,1e-06,0.5289299778332696,0.5409906345655865,0.012060656732316932,0.00014545944081478175,0.0
P0295,mixed_frequency,1,SW1,1e-06,0.6064704428384389,0.6740210161891979,0.06755057335075898,0.004563079960016269,0.018431720470886592
P0296,mixed_frequency,1,SW1,1e-06,0.4738486315966609,0.43882666894757716,0.03502196264908375,0.0012265378677938173,0.0
P0297,mixed_frequency,1,SW1,1e-06,0.41755044053383095,0.4085314772238543,0.009018963309976646,8.13416991867049e-05,0.0
P0298,mixed_frequency,1,SW1,1e-06,0.5687053371099715,0.5515396754151357,0.0171656616948358,0.00029465994142155303,0.0
P0299,mixed_frequency,1,SW1,1e-06,0.461292948750033,0.45758380838567025,0.003709140364362762,1.3757722242545122e-05,0.0
P0300,mixed_frequency,1,SW1,1e-06,0.598596640925214,0.6005499470896327,0.001953306164418689,3.81540497195605e-06,0.0
P0301,mixed_frequency,1,SW1,1e-06,0.2600809048737115,0.2456362579031397,0.014444646970571795,0.00020864782610444894,0.019123560663376504
P0302,mixed_frequency,1,SW1,1e-06,0.34860661104528,0.3270528513166872,0.021553759728592803,0.0004645645584379089,0.0
P0303,mixed_frequency,1,SW1,1e-06,0.4690016123325004,0.4633290863928645,0.005672525939635853,3.217755053584162e-05,0.0
P0304,mixed_frequency,1,SW1,1e-06,0.48211964151480113,0.4944074046768252,0.012287763162024068,0.00015098912352599572,0.0
P0305,mixed_frequency,1,SW1,1e-06,0.5482363071945199,0.535141282,0.013095025194519883,0.0001714796848451105,0.0
P0306,mixed_frequency,1,SW1,1e-06,0.5548743682689794,0.4813603793968585,0.0735139888721209,0.005404306559890317,0.0
P0307,mixed_frequency,1,SW1,1e-06,0.44666375137795866,0.44916240885229025,0.0024986574743315892,6.243289174033116e-06,0.0
P0308,mixed_frequency,1,SW1,1e-06,0.4079191703989349,0.3619738362318022,0.0459453341671327,0.0021109737317294916,0.0
P0309,mixed_frequency,1,SW1,1e-06,0.5279416549710387,0.5383224304502269,0.010380775479188142,0.0001077604995493138,0.0
P0310,mixed_frequency,1,SW1,1e-06,0.3165100716272552,0.3926499743554235,0.07613990272816828,0.005797284787454928,0.0
P0311,mixed_frequency,1,SW1,1e-06,0.42407994923909953,0.42040974436429945,0.003670204874800076,1.3470403823006242e-05,0.0
P0312,mixed_frequency,1,SW1,1e-06,0.5878606444676635,0.6101470394713223,0.02228639500365881,0.0004966834022591083,0.0
P0313,mixed_frequency,1,SW1,1e-06,0.5423977718767525,0.5479313452317733,0.005533573355020804,3.06204340753962e-05,0.0
P0314,mixed_frequency,1,SW1,1e-06,0.845962862416076,0.8500388285880128,0.00407596617193684,1.661350023477346e-05,0.009839995462373463
P0315,mixed_frequency,1,SW1,1e-06,0.42246244827534457,0.41205449093146773,0.010407957343876839,0.00010832557607195983,0.004363020519389471
P0316,mixed_frequency,1,SW1,1e-06,0.5910624211625717,0.6085826163686509,0.01752019520607917,0.0003069572400591195,0.0
P0317,mixed_frequency,1,SW1,1e-06,0.4358993042672511,0.429892434580156,0.006006869687095073,3.6082483437741666e-05,0.0
P0318,mixed_frequency,1,SW1,1e-06,0.4350304291930761,0.39204653808406975,0.042983891109006356,0.0018476148948709157,0.0
P0319,mixed_frequency,2,SW1,1e-06,0.7015163743473478,0.8140327948345307,0.11251642048718291,0.012659944879248554,0.0
P0320,mixed_frequency,2,SW1,1e-06,0.5535968919759089,0.5548865092370293,0.0012896172611204237,1.6631126801797432e-06,0.0
P0321,mixed_frequency,2,SW1,1e-06,0.3143742413341605,0.3967439560775554,0.08236971474339494,0.006784769906908254,0.0
P0322,mixed_frequency,2,SW1,1e-06,0.6315915609333969,0.6303496925970249,0.0012418683363719651,1.5422369648832723e-06,0.0
P0323,mixed_frequency,2,SW1,1e-06,0.263287824023644,0.276272829973252,0.012985005949607997,0.0001686103795113551,0.0
P0324,mixed_frequency,2,SW1,1e-06,0.47282752775354203,0.3680034887100495,0.10482403904349252,0.010988079161391644,0.0
P0325,mixed_frequency,2,SW1,1e-06,0.7152364268888922,0.6634508837330682,0.051785543155824065,0.0026817424799437167,0.0
P0326,mixed_frequency,2,SW1,1e-06,0.6314019605574754,0.6508270799207778,0.01942511936330238,0.00037733526227854504,0.0
P0327,mixed_frequency,2,SW1,1e-06,0.514665477581493,0.5333568294057774,0.018691351824284497,0.0003493666330191834,0.0
P0328,mixed_frequency,2,SW1,1e-06,0.6142683291772028,0.6678860836431736,0.053617754465970835,0.0028748635939731355,0.0
P0329,mixed_frequency,2,SW1,1e-06,0.4729618422366463,0.48087471401390125,0.00791287177725497,6.261353976327824e-05,0.0
P0330,mixed_frequency,2,SW1,1e-06,0.3726670254148846,0.3476791051625945,0.02498792025229013,0.0006243961585348112,0.0
P0331,mixed_frequency,2,SW1,1e-06,0.3092548748278281,0.20720898854505576,0.10204588628277234,0.010413362907236504,0.0
P0332,mixed_frequency,2,SW1,1e-06,0.5854549032268539,0.6153000035934494,0.02984510036659549,0.0008907300158921582,0.0
P0333,mixed_frequency,2,SW1,1e-06,0.13772864287782918,0.0649946518336959,0.07273399104413328,0.00529023345320806,0.0
P0334,mixed_frequency,2,SW1,1e-06,0.47070563912881036,0.5226072573180978,0.0519016181892874,0.002693777970666569,0.0
P0335,mixed_frequency,2,SW1,1e-06,0.48311506420074923,0.3957690317599277,0.08734603244082151,0.007629329383153043,0.0
P0336,mixed_frequency,2,SW1,1e-06,0.6168856952157064,0.7552761193165396,0.13839042410083324,0.019151909482808486,0.0
P0337,mixed_frequency,2,SW1,1e-06,0.3932316228732429,0.48475446913807674,0.09152284626483381,0.008376431388416405,0.0
P0338,mixed_frequency,2,SW1,1e-06,0.6601199635078201,0.6651371781040039,0.005017214596183761,2.5172442304159382e-05,0.0
P0339,mixed_frequency,2,SW1,1e-06,0.6816702822560361,0.7408408381328755,0.05917055587683939,0.003501154682774173,0.015059727143197033
P0340,mixed_frequency,2,SW1,1e-06,0.5069127308202692,0.5689577717014875,0.062045040881218316,0.003849587097952052,0.0
P0341,mixed_frequency,2,SW1,1e-06,0.4100521214696191,0.2574974214481519,0.1525547000214672,0.023272936498639846,0.0
P0342,mixed_frequency,2,SW1,1e-06,0.5282976096123717,0.5173737037104447,0.010923905901927045,0.00011933172015415652,0.0
P0343,mixed_frequency,2,SW1,1e-06,0.40087872360040366,0.48324739685668694,0.08236867325628328,0.006784598334000355,0.0
P0344,mixed_frequency,2,SW1,1e-06,0.3496300969869388,0.270052112801759,0.0795779841851798,0.006332655566976727,0.0
P0345,mixed_frequency,2,SW1,1e-06,0.5051451859409005,0.49531618841216574,0.009828997528734784,9.660919241987449e-05,0.0
P0346,mixed_frequency,2,SW1,1e-06,0.21574613397024456,0.16971157929838276,0.046034554671861794,0.0021191802238366324,0.04040082708785836
P0347,mixed_frequency,2,SW1,1e-06,0.6463747745215973,0.6635927865275683,0.01721801200597095,0.0002964599374377598,0.0
P0348,mixed_frequency,2,SW1,1e-06,0.4314835561423773,0.3179991471566734,0.11348440898570394,0.012878711082834522,0.0
P0349,mixed_frequency,2,SW1,1e-06,0.6059115651989757,0.6303959865910851,0.02448442139210938,0.0005994868909063834,0.0
P0350,mixed_frequency,2,SW1,1e-06,0.42915805631523646,0.35492709939749145,0.074230956917745,0.005510234964924115,0.0
P0351,mixed_frequency,2,SW1,1e-06,0.4204243056068965,0.3906606716516097,0.02976363395528675,0.0008858739062242984,0.0
P0352,mixed_frequency,2,SW1,1e-06,0.42916029561058366,0.4275323977379478,0.0016278978726358417,2.650051483732299e-06,0.0
P0353,mixed_frequency,2,SW1,1e-06,0.5128426437859702,0.6041255480496204,0.09128290426365016,0.00833256861080672,0.0
P0354,mixed_frequency,2,SW1,1e-06,0.4602541004696149,0.4412332367188725,0.01902086375074241,0.0003617932578243067,0.0
P0355,mixed_frequency,2,SW1,1e-06,0.5212021272152619,0.609299498114648,0.08809737089938607,0.007761146759383997,0.0
P0356,mixed_frequency,2,SW1,1e-06,0.7173547582326525,0.7689757838647319,0.051621025632079376,0.0026647302873077957,0.0
P0357,mixed_frequency,2,SW1,1e-06,0.49000455674965493,0.5332989647948638,0.0432944080452089,0.001874405767985049,0.0
P0358,mixed_frequency,2,SW1,1e-06,0.4424223558591411,0.41575437560416867,0.026667980254972412,0.0007111811708795984,0.0
P0359,mixed_frequency,2,SW1,1e-06,0.12905339629300072,0.04017781537158405,0.08887558092141667,0.007898868884119283,0.0
P0360,mixed_frequency,2,SW1,1e-06,0.564524800705218,0.5542356586168614,0.010289142088356629,0.0001058664449143918,0.0
P0361,mixed_frequency,2,SW1,1e-06,0.4408697861981874,0.6474451945759677,0.20657540837778032,0.04267339934644671,0.0
P0362,mixed_frequency,2,SW1,1e-06,0.5630472618160053,0.5504878096411179,0.012559452174887409,0.00015773983893328406,0.0
P0363,mixed_frequency,2,SW1,1e-06,0.326176118475731,0.2947314072873603,0.03144471118837072,0.000988769861720047,0.0
P0364,mixed_frequency,2,SW1,1e-06,0.703587654348123,0.718965854204543,0.015378199856419972,0.00023648903082399523,0.0
P0365,mixed_frequency,2,SW1,1e-06,0.24501571664502614,0.2420960937654339,0.002919622879592243,8.524197759038502e-06,0.0
P0366,mixed_frequency,2,SW1,1e-06,0.3657758141207951,0.3304965060026291,0.035279308118165986,0.0012446295812964924,0.0
P0367,mixed_frequency,2,SW1,1e-06,0.5316958543050343,0.3705258094086487,0.1611700448963856,0.025975783371902948,0.0
P0368,mixed_frequency,2,SW1,1e-06,0.6415563971892964,0.6512758947908197,0.009719497601523353,9.446863362601821e-05,0.0
P0369,mixed_frequency,2,SW1,1e-06,0.6752162401074774,0.6719703535433057,0.003245886564171685,1.0535779587470266e-05,0.0
P0370,mixed_frequency,2,SW1,1e-06,0.44401090551913014,0.46107812920209956,0.017067223682969423,0.0002912901242445124,0.0
P0371,mixed_frequency,2,SW1,1e-06,0.7068347074201993,0.791170460656414,0.08433575323621478,0.007112519273919712,0.0
P0372,mixed_frequency,2,SW1,1e-06,0.5619298046705883,0.533951223416073,0.027978581254515245,0.0007828010090155118,0.0
P0373,mixed_frequency,2,SW1,1e-06,0.35055213367201676,0.31761767180206096,0.0329344618699558,0.0010846787786635726,0.0
P0374,mixed_frequency,2,SW1,1e-06,0.6012122001856013,0.6098001802240762,0.00858798003847494,7.375340114124404e-05,0.0
P0375,mixed_frequency,2,SW1,1e-06,0.6964371555314626,0.7417467047610486,0.04530954922958608,0.0020529552513882843,0.0
P0376,mixed_frequency,2,SW1,1e-06,0.4233745660387271,0.3436031187899571,0.07977144724877,0.006363483796163295,0.0
P0377,mixed_frequency,2,SW1,1e-06,0.49802055817352525,0.5015638929582081,0.0035433347846828833,1.2555221396343694e-05,0.0
P0378,mixed_frequency,2,SW1,1e-06,0.7384927245022808,0.7714303015145285,0.032937577012247754,0.0010848839794377516,0.0
P0379,mixed_frequency,2,SW1,1e-06,0.32165794035330275,0.33214085095807067,0.010482910604767914,0.0001098914147475556,0.0
P0380,mixed_frequency,2,SW1,1e-06,0.5619558466038953,0.5278122067042186,0.034143639899676725,0.0011657881455987965,0.0
P0381,mixed_frequency,2,SW1,1e-06,0.5027151021163022,0.3212502519429321,0.1814648501733701,0.03292949184844366,0.0
P0382,mixed_frequency,2,SW1,1e-06,0.3866125677166915,0.2252611572341287,0.1613514104825628,0.026034277664712474,0.0
P0001,smooth_polynomial,1,SW1,1e-05,-0.2722222222222222,-0.2722222222222222,0.0,0.0,0.0
P0002,smooth_polynomial,1,SW1,1e-05,0.027777777777777846,0.02777777777777779,5.551115123125783e-17,3.0814879110195774e-33,0.0
P0003,smooth_polynomial,1,SW1,1e-05,0.47777777777777786,0.4777777777777778,5.551115123125783e-17,3.0814879110195774e-33,0.0
P0004,smooth_polynomial,1,SW1,1e-05,-0.08888888888888889,-0.08888888888888888,1.3877787807814457e-17,1.925929944387236e-34,0.0
P0005,smooth_polynomial,1,SW1,1e-05,0.21111111111111108,0.2111111111111111,2.7755575615628914e-17,7.703719777548943e-34,0.0
P0006,smooth_polynomial,1,SW1,1e-05,0.6611111111111111,0.6611111111111111,0.0,0.0,0.0
P0007,smooth_polynomial,1,SW1,1e-05,0.09444444444444446,0.09444444444444444,1.3877787807814457e-17,1.925929944387236e-34,0.04444444444444441
P0008,smooth_polynomial,1,SW1,1e-05,0.3944444444444444,0.39444444444444443,5.551115123125783e-17,3.0814879110195774e-33,0.04444444444444434
P0009,smooth_polynomial,1,SW1,1e-05,0.8444444444444443,0.8444444444444444,1.1102230246251565e-16,1.232595164407831e-32,0.04444444444444429
P0010,smooth_polynomial,1,SW1,1e-05,0.26111111111111107,0.2611111111111111,5.551115123125783e-17,3.0814879110195774e-33,0.0
P0011,smooth_polynomial,1,SW1,1e-05,0.561111111111111,0.5611111111111111,1.1102230246251565e-16,1.232595164407831e-32,0.0
P0012,smooth_polynomial,1,SW1,1e-05,1.011111111111111,1.011111111111111,0.0,0.0,0.0
P0013,smooth_polynomial,1,SW1,1e-05,-0.23333333333333328,-0.2333333333333333,2.7755575615628914e-17,7.703719777548943e-34,0.0
P0014,smooth_polynomial,1,SW1,1e-05,0.06666666666666667,0.06666666666666668,1.3877787807814457e-17,1.925929944387236e-34,0.0
P0015,smooth_polynomial,1,SW1,1e-05,0.5166666666666667,0.5166666666666667,0.0,0.0,0.0
P0016,smooth_polynomial,1,SW1,1e-05,-0.04999999999999999,-0.049999999999999996,6.938893903907228e-18,4.81482486096809e-35,0.0
P0017,smooth_polynomial,1,SW1,1e-05,0.25,0.25,0.0,0.0,0.0
P0018,smooth_polynomial,1,SW1,1e-05,0.7,0.7,0.0,0.0,0.0
P0019,smooth_polynomial,1,SW1,1e-05,0.13333333333333336,0.13333333333333333,2.7755575615628914e-17,7.703719777548943e-34,0.0
P0020,smooth_polynomial,1,SW1,1e-05,0.4333333333333333,0.43333333333333335,5.551115123125783e-17,3.0814879110195774e-33,0.0
P0021,smooth_polynomial,1,SW1,1e-05,0.8833333333333333,0.8833333333333333,0.0,0.0,0.0
P0022,smooth_polynomial,1,SW1,1e-05,0.3,0.3,0.0,0.0,0.0
P0023,smooth_polynomial,1,SW1,1e-05,0.6,0.6,0.0,0.0,0.0
P0024,smooth_polynomial,1,SW1,1e-05,1.0499999999999998,1.05,2.220446049250313e-16,4.930380657631324e-32,0.0
P0025,smooth_polynomial,1,SW1,1e-05,-0.20555555555555555,-0.20555555555555555,0.0,0.0,0.0
P0026,smooth_polynomial,1,SW1,1e-05,0.09444444444444444,0.09444444444444444,0.0,0.0,0.0
P0027,smooth_polynomial,1,SW1,1e-05,0.5444444444444445,0.5444444444444445,0.0,0.0,0.0
P0028,smooth_polynomial,1,SW1,1e-05,-0.02222222222222222,-0.02222222222222222,0.0,0.0,0.02222222222222222
P0029,smooth_polynomial,1,SW1,1e-05,0.2777777777777778,0.2777777777777778,0.0,0.0,0.0222222222222222
P0030,smooth_polynomial,1,SW1,1e-05,0.7277777777777777,0.7277777777777777,0.0,0.0,0.022222222222222254
P0031,smooth_polynomial,1,SW1,1e-05,0.1611111111111111,0.1611111111111111,0.0,0.0,0.0
P0032,smooth_polynomial,1,SW1,1e-05,0.46111111111111114,0.4611111111111111,5.551115123125783e-17,3.0814879110195774e-33,0.0
P0033,smooth_polynomial,1,SW1,1e-05,0.911111111111111,0.9111111111111111,1.1102230246251565e-16,1.232595164407831e-32,0.0
P0034,smooth_polynomial,1,SW1,1e-05,0.3277777777777777,0.3277777777777778,5.551115123125783e-17,3.0814879110195774e-33,0.0
P0035,smooth_polynomial,1,SW1,1e-05,0.6277777777777778,0.6277777777777778,0.0,0.0,0.0
P0036,smooth_polynomial,1,SW1,1e-05,1.0777777777777777,1.0777777777777777,0.0,0.0,0.0
P0037,smooth_polynomial,2,SW1,1e-05,-0.622222222222222,-0.6222222222222221,1.1102230246251565e-16,1.232595164407831e-32,0.0
P0038,smooth_polynomial,2,SW1,1e-05,-0.3222222222222221,-0.32222222222222213,5.551115123125783e-17,3.0814879110195774e-33,0.0
P0039,smooth_polynomial,2,SW1,1e-05,0.12777777777777788,0.12777777777777788,0.0,0.0,0.0
P0040,smooth_polynomial,2,SW1,1e-05,-0.25555555555555554,-0.25555555555555554,0.0,0.0,0.0
P0041,smooth_polynomial,2,SW1,1e-05,0.04444444444444443,0.04444444444444445,2.0816681711721685e-17,4.333342374871281e-34,0.0
P0042,smooth_polynomial,2,SW1,1e-05,0.4944444444444444,0.49444444444444446,5.551115123125783e-17,3.0814879110195774e-33,0.0
P0043,smooth_polynomial,2,SW1,1e-05,0.11111111111111113,0.11111111111111113,0.0,0.0,0.06111111111111109
P0044,smooth_polynomial,2,SW1,1e-05,0.4111111111111111,0.4111111111111111,0.0,0.0,0.06111111111111106
P0045,smooth_polynomial,2,SW1,1e-05,0.861111111111111,0.8611111111111112,1.1102230246251565e-16,1.232595164407831e-32,0.061111111111111005
P0046,smooth_polynomial,2,SW1,1e-05,0.4444444444444444,0.4444444444444444,0.0,0.0,0.0
P0047,smooth_polynomial,2,SW1,1e-05,0.7444444444444445,0.7444444444444445,0.0,0.0,0.0
P0048,smooth_polynomial,2,SW1,1e-05,1.1944444444444446,1.1944444444444444,2.220446049250313e-16,4.930380657631324e-32,0.0
P0049,smooth_polynomial,2,SW1,1e-05,-0.46666666666666656,-0.4666666666666666,5.551115123125783e-17,3.0814879110195774e-33,0.0
P0050,smooth_polynomial,2,SW1,1e-05,-0.16666666666666663,-0.16666666666666663,0.0,0.0,0.0
P0051,smooth_polynomial,2,SW1,1e-05,0.2833333333333333,0.2833333333333334,5.551115123125783e-17,3.0814879110195774e-33,0.0
P0052,smooth_polynomial,2,SW1,1e-05,-0.09999999999999998,-0.09999999999999999,1.3877787807814457e-17,1.925929944387236e-34,0.0
P0053,smooth_polynomial,2,SW1,1e-05,0.19999999999999996,0.2,5.551115123125783e-17,3.0814879110195774e-33,0.0
P0054,smooth_polynomial,2,SW1,1e-05,0.6499999999999999,0.65,1.1102230246251565e-16,1.232595164407831e-32,0.0
P0055,smooth_polynomial,2,SW1,1e-05,0.2666666666666667,0.26666666666666666,5.551115123125783e-17,3.0814879110195774e-33,0.0
P0056,smooth_polynomial,2,SW1,1e-05,0.5666666666666665,0.5666666666666667,1.1102230246251565e-16,1.232595164407831e-32,0.0
P0057,smooth_polynomial,2,SW1,1e-05,1.0166666666666664,1.0166666666666666,2.220446049250313e-16,4.930380657631324e-32,0.0
P0058,smooth_polynomial,2,SW1,1e-05,0.5999999999999999,0.6,1.1102230246251565e-16,1.232595164407831e-32,0.0
P0059,smooth_polynomial,2,SW1,1e-05,0.8999999999999999,0.8999999999999999,0.0,0.0,0.0
P0060,smooth_polynomial,2,SW1,1e-05,1.3499999999999999,1.35,2.220446049250313e-16,4.930380657631324e-32,0.0
P0061,smooth_polynomial,2,SW1,1e-05,-0.3555555555555555,-0.3555555555555555,0.0,0.0,0.0
P0062,smooth_polynomial,2,SW1,1e-05,-0.055555555555555525,-0.055555555555555525,0.0,0.0,0.0
P0063,smooth_polynomial,2,SW1,1e-05,0.3944444444444444,0.3944444444444445,1.1102230246251565e-16,1.232595164407831e-32,0.0
P0064,smooth_polynomial,2,SW1,1e-05,0.011111111111111115,0.011111111111111113,1.734723475976807e-18,3.009265538105056e-36,0.0
P0065,smooth_polynomial,2,SW1,1e-05,0.3111111111111111,0.3111111111111111,0.0,0.0,0.0
P0066,smooth_polynomial,2,SW1,1e-05,0.7611111111111111,0.7611111111111111,0.0,0.0,0.0
P0067,smooth_polynomial,2,SW1,1e-05,0.37777777777777777,0.37777777777777777,0.0,0.0,0.0
P0068,smooth_polynomial,2,SW1,1e-05,0.6777777777777777,0.6777777777777778,1.1102230246251565e-16,1.232595164407831e-32,0.0
P0069,smooth_polynomial,2,SW1,1e-05,1.1277777777777778,1.1277777777777778,0.0,0.0,0.0
P0070,smooth_polynomial,2,SW1,1e-05,0.711111111111111,0.711111111111111,0.0,0.0,0.0
P0071,smooth_polynomial,2,SW1,1e-05,1.011111111111111,1.011111111111111,0.0,0.0,0.0
P0072,smooth_polynomial,2,SW1,1e-05,1.4611111111111108,1.461111111111111,2.220446049250313e-16,4.930380657631324e-32,0.0
P0073,sinusoid,1,SW1,1e-05,0.574817416716302,0.5750459360222461,0.00022851930594403047,5.22210731891414e-08,0.0
P0074,sinusoid,1,SW1,1e-05,0.7298890748311411,0.730415500617587,0.0005264257864459054,2.7712410863519e-07,0.0
P0075,sinusoid,1,SW1,1e-05,0.8956827801500394,0.8963605256140483,0.0006777454640088942,4.5933891398463134e-07,0.0
P0076,sinusoid,1,SW1,1e-05,0.9254999390287224,0.9261899555312407,0.0006900165025183203,4.7612277374761505e-07,0.0
P0077,sinusoid,1,SW1,1e-05,0.631871583720105,0.6390576474687264,0.007186063748621407,5.163951219925076e-05,0.0
P0078,sinusoid,1,SW1,1e-05,0.7748946341104482,0.7844097681841611,0.00951513407371285,9.05377764407313e-05,0.0
P0079,sinusoid,1,SW1,1e-05,0.9159898730603181,0.9232342443900284,0.007244371329710342,5.2480915962729186e-05,0.0
P0080,sinusoid,1,SW1,1e-05,0.8904300565835908,0.9005180993532904,0.010088042769699657,0.00010176860692328952,0.0
P0081,sinusoid,1,SW1,1e-05,0.6610425035904893,0.7000858306332174,0.03904332704272806,0.0015243813865654203,0.0
P0082,sinusoid,1,SW1,1e-05,0.7935815948138729,0.8323019291604284,0.03872033434655553,0.0014992642919090479,0.0
P0083,sinusoid,1,SW1,1e-05,0.9121539106590963,0.9410273310610535,0.028873420401957173,0.0008336744057081567,0.0568772277986187
P0084,sinusoid,1,SW1,1e-05,0.8214169576590209,0.8662529935510221,0.04483603589200125,0.002010270114508824,0.0
P0085,sinusoid,1,SW1,1e-05,0.6534549344554976,0.764503363531613,0.11104842907611534,0.01233175360027302,0.0
P0086,sinusoid,1,SW1,1e-05,0.7809790829326335,0.8782525822748479,0.09727349934221441,0.009462133674279788,0.0
P0087,sinusoid,1,SW1,1e-05,0.8449507872404021,0.9497626892323064,0.10481190199190438,0.01098553479916057,0.0
P0088,sinusoid,1,SW1,1e-05,0.7299574314359396,0.8175214687028707,0.08756403726693107,0.007667460622484494,0.0
P0089,sinusoid,1,SW1,1e-05,0.6091003285511585,0.8215127058347615,0.21241237728360307,0.045119018023271736,0.0
P0090,sinusoid,1,SW1,1e-05,0.7281591048687364,0.913609165108942,0.1854500602402056,0.03439172484309589,0.05958204836523673
P0091,sinusoid,1,SW1,1e-05,0.710183200414511,0.9459011273494009,0.2357179269348899,0.0555629410784821,0.0
P0092,sinusoid,1,SW1,1e-05,0.682212837610692,0.7598968261006515,0.0776839884899595,0.00603480206770816,0.0
P0093,sinusoid,1,SW1,1e-05,0.5394114522718422,0.8695171441101668,0.3301056918383246,0.10896976778405894,0.0
P0094,sinusoid,1,SW1,1e-05,0.5857070684648108,0.9373814131120659,0.3516743446472551,0.12367484468307637,0.0
P0095,sinusoid,1,SW1,1e-05,0.6496972998101915,0.9295507997512531,0.27985349994106157,0.07831798142926175,0.0
P0096,sinusoid,1,SW1,1e-05,0.6690221973402126,0.6949930124620182,0.025970815121805546,0.0006744832380910036,0.0
P0097,sinusoid,2,SW1,1e-05,0.6477419027545361,0.6479899910323624,0.00024808827782629717,6.154779359481801e-08,0.0
P0098,sinusoid,2,SW1,1e-05,0.7911047348135145,0.7916505965928816,0.0005458617793671072,2.9796508217382446e-07,0.0
P0099,sinusoid,2,SW1,1e-05,0.9256533212464504,0.9263431321527904,0.000689810906340016,4.758390865056343e-07,0.0
P0100,sinusoid,2,SW1,1e-05,0.8954560683455919,0.8961339865207938,0.0006779181752019081,4.59573052269085e-07,0.0
P0101,sinusoid,2,SW1,1e-05,0.7566643548903649,0.764503363531613,0.00783900864124809,6.145005647756224e-05,0.0
P0102,sinusoid,2,SW1,1e-05,0.8680298096422512,0.8782525822748479,0.010222772632596744,0.00010450508029776897,0.0
P0103,sinusoid,2,SW1,1e-05,0.9424100581018957,0.9497626892323064,0.007352631130410736,5.406118453988506e-05,0.010144829730289961
P0104,sinusoid,2,SW1,1e-05,0.8080657583976535,0.8175214687028707,0.009455710305217191,8.941045737619058e-05,0.0
P0105,sinusoid,2,SW1,1e-05,0.8142070064679957,0.8584384631108883,0.04423145664289263,0.0019564217567520905,0.0
P0106,sinusoid,2,SW1,1e-05,0.8904085875756617,0.9325665474142472,0.0421579598385855,0.0017772935777517881,0.0
P0107,sinusoid,2,SW1,1e-05,0.9060018053098894,0.9347900511762953,0.028788245866405937,0.0008287631000646385,0.05072512244941174
P0108,sinusoid,2,SW1,1e-05,0.6721692708909125,0.7118049992277586,0.03963572833684614,0.0015709909607922684,0.0
P0109,sinusoid,2,SW1,1e-05,0.8014017823321504,0.9279754323328191,0.12657365000066867,0.01602088887449177,0.0
P0110,sinusoid,2,SW1,1e-05,0.8468127707157249,0.9492985900688871,0.10248581935316214,0.010503343168488985,0.0
P0111,sinusoid,2,SW1,1e-05,0.7736062528659586,0.8724546351889504,0.09884838232299176,0.009771002687872348,0.0
P0112,sinusoid,2,SW1,1e-05,0.4965018838664372,0.5694513006537083,0.07294941678727113,0.005321617409602995,0.0
P0113,sinusoid,2,SW1,1e-05,0.7150958168100962,0.9499013075636804,0.23480549075358426,0.05513361848803154,0.0
P0114,sinusoid,2,SW1,1e-05,0.7303585795692336,0.9160473958699,0.18568881630066647,0.03448033649914266,0.06178152306573392
P0115,sinusoid,2,SW1,1e-05,0.5608095682674297,0.7686846617394372,0.2078750934720075,0.043212054485995854,0.0
P0116,sinusoid,2,SW1,1e-05,0.37559981420088984,0.4193713352114835,0.04377152101059367,0.0019159460515808433,0.0
P0117,sinusoid,2,SW1,1e-05,0.5778227808520536,0.9217768952713512,0.3439541144192976,0.11830443282596324,0.0
P0118,sinusoid,2,SW1,1e-05,0.5079983650712855,0.836512069047858,0.32851370397657254,0.10792125370040713,0.0
P0119,sinusoid,2,SW1,1e-05,0.41003936978854905,0.6350242559949993,0.2249848862064503,0.05061819902132939,0.0
P0120,sinusoid,2,SW1,1e-05,0.3281802577770762,0.2782610877661441,0.0499191700109321,0.0024919235345803427,0.0
P0121,smooth_edge,1,SW1,1e-05,0.7797532007970158,0.7968410695441766,0.017087868747160728,0.00029199525832019236,0.0
P0122,smooth_edge,1,SW1,1e-05,0.9228716014175942,0.9682213690407698,0.04534976762317566,0.0020566014234760315,0.0
P0123,smooth_edge,1,SW1,1e-05,0.9918525901099495,0.9997254218438986,0.007872831733949037,6.1981479511075e-05,0.0
P0124,smooth_edge,1,SW1,1e-05,0.9999704781810009,0.9999999950965821,2.951691558117364e-05,8.712483054261313e-10,0.0
P0125,smooth_edge,1,SW1,1e-05,0.6808138742389873,0.7040516276171624,0.02323775337817513,0.0005399931820648896,0.0
P0126,smooth_edge,1,SW1,1e-05,0.7786314994419918,0.8972159750827483,0.11858447564075647,0.014062277862993165,0.0
P0127,smooth_edge,1,SW1,1e-05,0.8807724950563243,0.9945137011005495,0.11374120604422522,0.012937061952394895,0.0
P0128,smooth_edge,1,SW1,1e-05,0.9690689502937345,0.9999946227781964,0.030925672484461875,0.0009563972186162023,0.0
P0129,smooth_edge,1,SW1,1e-05,0.5708667511097201,0.5906532827008858,0.019786531591165724,0.0003915068324081992,0.0
P0130,smooth_edge,1,SW1,1e-05,0.5413227582963347,0.7143624294910559,0.1730396711947212,0.029942727807177223,0.0
P0131,smooth_edge,1,SW1,1e-05,0.4187255437141454,0.9002495108803148,0.4815239671661694,0.2318653309554462,0.0
P0132,smooth_edge,1,SW1,1e-05,0.3310951556015881,0.9941376978036617,0.6630425422020736,0.43962541276978856,0.0
P0133,smooth_edge,1,SW1,1e-05,0.46183697158589465,0.4667159617488687,0.004878990162974051,2.380454501039755e-05,0.0
P0134,smooth_edge,1,SW1,1e-05,0.3880478234948382,0.4174297935376853,0.029381970042847094,0.0008633001635987641,0.0
P0135,smooth_edge,1,SW1,1e-05,0.32633649272124987,0.31002551887238744,0.01631097384886243,0.00026604786789827413,0.0
P0136,smooth_edge,1,SW1,1e-05,0.320996987083554,0.1339278883240735,0.1870690987594805,0.034994847710684264,0.0
P0137,smooth_edge,1,SW1,1e-05,0.3598102070064383,0.34675509928171655,0.013055107724721737,0.00017043583770408918,0.0
P0138,smooth_edge,1,SW1,1e-05,0.2994206765143105,0.1703239186438458,0.12909675787046468,0.016665972892665384,0.0
P0139,smooth_edge,1,SW1,1e-05,0.3166334419380523,0.02188127093613046,0.29475217100192186,0.08687884231034619,0.0
P0140,smooth_edge,1,SW1,1e-05,0.32097029040678626,0.0001409919630903207,0.32082929844369595,0.10293143873987412,0.0
P0141,smooth_edge,1,SW1,1e-05,0.266834680340169,0.2435464707695958,0.023288209570573204,0.0005423407050029374,0.0
P0142,smooth_edge,1,SW1,1e-05,0.20251966747013728,0.05554926015761178,0.1469704073125255,0.02160030062560965,0.0
P0143,smooth_edge,1,SW1,1e-05,0.24645303574555733,0.0011125360328603216,0.245340499712697,0.06019196079927588,0.0
P0144,smooth_edge,1,SW1,1e-05,0.3029401964221594,1.2858614151064257e-07,0.3029400678360179,0.09177268470049113,0.0
P0145,smooth_edge,1,SW1,1e-05,0.18454473475016475,0.16337423951337943,0.021170495236785325,0.00044818986857075014,0.0
P0146,smooth_edge,1,SW1,1e-05,0.07257997910433116,0.016571944094738476,0.056008035009592685,0.00313689998563576,0.0
P0147,smooth_edge,1,SW1,1e-05,0.02801062509219081,5.5448524722794907e-05,0.027955176567468015,0.0007814918969183128,0.0
P0148,smooth_edge,1,SW1,1e-05,0.0032444460902317333,1.1725539852746633e-10,0.003244445972976335,1.0526429671562356e-05,0.0
P0149,smooth_edge,2,SW1,1e-05,0.8697316453774315,0.8842526814109779,0.014521036033546375,0.00021086048748755225,0.0
P0150,smooth_edge,2,SW1,1e-05,0.9698911314556703,0.9938389829390936,0.023947851483423266,0.0005734995906720979,0.0
P0151,smooth_edge,2,SW1,1e-05,0.9967554873539288,0.9999949695696981,0.003239482215769307,1.049424502628562e-05,0.0
P0152,smooth_edge,2,SW1,1e-05,0.9999884991758837,0.9999999999995663,1.1500823682619732e-05,1.322689453787069e-10,0.0
P0153,smooth_edge,2,SW1,1e-05,0.8000587249873877,0.8224934972879262,0.022434772300538475,0.0005033190081770085,0.0
P0154,smooth_edge,2,SW1,1e-05,0.9046939097827422,0.9788208895449324,0.07412697976219018,0.005494809128664153,0.0
P0155,smooth_edge,2,SW1,1e-05,0.9552184387773628,0.9998989708060922,0.04468053202872946,0.001996349942370319,0.0
P0156,smooth_edge,2,SW1,1e-05,0.9878494591019906,0.9999999995245059,0.012150540422515288,0.000147635632559178,0.0
P0157,smooth_edge,2,SW1,1e-05,0.7153366121760447,0.7375616214876249,0.022225009311580224,0.0004939510388998277,0.0
P0158,smooth_edge,2,SW1,1e-05,0.774751822949858,0.9297812081694472,0.1550293852195892,0.024034110281563784,0.0
P0159,smooth_edge,2,SW1,1e-05,0.7240584411313475,0.9979746796109501,0.27391623847960256,0.0750301057028145,0.0
P0160,smooth_edge,2,SW1,1e-05,0.6836465327191438,0.9999994785576881,0.31635294583854434,0.10007918634072498,0.0
P0161,smooth_edge,2,SW1,1e-05,0.6204784629349236,0.6302602229177513,0.009781759982827709,9.568282836164955e-05,0.0
P0162,smooth_edge,2,SW1,1e-05,0.6843375678980402,0.791391472673955,0.10705390477591481,0.011460538527770636,0.0
P0163,smooth_edge,2,SW1,1e-05,0.6810613388473875,0.9608342772032357,0.27977293835584816,0.07827289703626521,0.0
P0164,smooth_edge,2,SW1,1e-05,0.6790165952646527,0.9994284955764196,0.3204119003117668,0.10266378586139759,0.0
P0165,smooth_edge,2,SW1,1e-05,0.5167974016263452,0.5083325618141193,0.0084648398122259,7.16535130466446e-05,0.0
P0166,smooth_edge,2,SW1,1e-05,0.58872023486478,0.5208212853727429,0.06789894949203712,0.004610267342122208,0.0
P0167,smooth_edge,2,SW1,1e-05,0.6690332077283407,0.5498339973124777,0.11919921041586301,0.014208451763765185,0.0
P0168,smooth_edge,2,SW1,1e-05,0.6789744406356659,0.6145944982675491,0.06437994236811684,0.0041447769793220455,0.0
P0169,smooth_edge,2,SW1,1e-05,0.406922807581513,0.3854055017324505,0.02151730584906253,0.0004629944510021005,0.0
P0170,smooth_edge,2,SW1,1e-05,0.41592531370838476,0.23745802834390245,0.1784672853644823,0.03185057194536756,0.0
P0171,smooth_edge,2,SW1,1e-05,0.518363761492919,0.05732417589886871,0.4610395855940502,0.21255749948473357,0.0
P0172,smooth_edge,2,SW1,1e-05,0.6397114123302359,0.0014520391100099098,0.638259373220226,0.4073750275034757,0.0
P0173,smooth_edge,2,SW1,1e-05,0.2980443713268269,0.2755454045751979,0.02249896675162899,0.0005062035048909067,0.0
P0174,smooth_edge,2,SW1,1e-05,0.17805698815515364,0.0819105771553252,0.09614641099982844,0.009244132348147933,0.0
P0175,smooth_edge,2,SW1,1e-05,0.0734828808804642,0.003018416324708427,0.07046446455575578,0.004965240765129363,0.0
P0176,smooth_edge,2,SW1,1e-05,0.008147382661380606,1.326011943142785e-06,0.008146056649437464,6.635823893584433e-05,0.0
P0177,hard_step,1,SW1,1e-05,1.0000012820246553,1.0,1.2820246553246761e-06,1.6435872168603546e-12,1.2820246553246761e-06
P0178,hard_step,1,SW1,1e-05,1.0000012820246553,1.0,1.2820246553246761e-06,1.6435872168603546e-12,1.2820246553246761e-06
P0179,hard_step,1,SW1,1e-05,0.32098765432098764,1.0,0.6790123456790124,0.46105776558451456,0.0
P0180,hard_step,1,SW1,1e-05,0.32098765432098764,1.0,0.6790123456790124,0.46105776558451456,0.0
P0181,hard_step,1,SW1,1e-05,0.32098765432098764,0.0,0.32098765432098764,0.10303307422648986,0.0
P0182,hard_step,1,SW1,1e-05,0.32098765432098764,0.0,0.32098765432098764,0.10303307422648986,0.0
P0183,hard_step,1,SW1,1e-05,0.32098765432098764,0.0,0.32098765432098764,0.10303307422648986,0.0
P0184,hard_step,1,SW1,1e-05,0.32098765432098764,0.0,0.32098765432098764,0.10303307422648986,0.0
P0185,hard_step,1,SW1,1e-05,-8.204991876049739e-07,0.0,8.204991876049739e-07,6.732189168604222e-13,8.204991876049739e-07
P0186,hard_step,2,SW1,1e-05,1.0000008204991875,1.0,8.204991874816159e-07,6.732189166579919e-13,8.204991874816159e-07
P0187,hard_step,2,SW1,1e-05,1.0000008204991875,1.0,8.204991874816159e-07,6.732189166579919e-13,8.204991874816159e-07
P0188,hard_step,2,SW1,1e-05,0.6790123456790123,1.0,0.32098765432098775,0.10303307422648993,0.0
P0189,hard_step,2,SW1,1e-05,0.6790123456790123,1.0,0.32098765432098775,0.10303307422648993,0.0
P0190,hard_step,2,SW1,1e-05,0.6790123456790123,1.0,0.32098765432098775,0.10303307422648993,0.0
P0191,hard_step,2,SW1,1e-05,0.6790123456790123,1.0,0.32098765432098775,0.10303307422648993,0.0
P0192,hard_step,2,SW1,1e-05,0.6790123456790123,0.0,0.6790123456790123,0.46105776558451445,0.0
P0193,hard_step,2,SW1,1e-05,0.6790123456790123,0.0,0.6790123456790123,0.46105776558451445,0.0
P0194,hard_step,2,SW1,1e-05,-1.2820246553863552e-06,0.0,1.2820246553863552e-06,1.6435872170185026e-12,1.2820246553863552e-06
P0195,kink,1,SW1,1e-05,0.4239599387919112,0.4533333333333333,0.029373394541422126,0.0008627963068860472,0.0
P0196,kink,1,SW1,1e-05,-0.12443191324995817,-0.13333333333333333,0.008901420083375161,7.923527950071466e-05,0.0
P0197,kink,1,SW1,1e-05,0.26886994825053157,0.29333333333333333,0.02446338508280177,0.0005984572097094481,0.0
P0198,kink,1,SW1,1e-05,0.19276959689298062,0.15583333333333332,0.0369362635596473,0.0013642875657477289,0.0
P0199,kink,1,SW1,1e-05,-0.11664184309277105,-0.04583333333333333,0.07080850975943773,0.0050138450543523875,0.0
P0200,kink,1,SW1,1e-05,0.16888681173055117,0.10083333333333333,0.06805347839721784,0.004631275921960595,0.0
P0201,kink,1,SW1,1e-05,0.07910607531810009,-0.014000000000000004,0.09310607531810008,0.008668741261139725,0.0
P0202,kink,1,SW1,1e-05,-0.19117782260693372,-0.07583333333333335,0.11534448927360037,0.013304351205787712,0.0
P0203,kink,1,SW1,1e-05,0.18073139578255254,0.05250000000000001,0.12823139578255252,0.01644329086434163,0.021768604217447474
P0204,kink,1,SW1,1e-05,-0.017431329387894552,-0.05,0.03256867061210545,0.0010607183054398212,0.0
P0205,kink,1,SW1,1e-05,-0.3099139944766577,-0.27083333333333337,0.03908066114332431,0.0015272980753993387,0.0
P0206,kink,1,SW1,1e-05,0.2365469313086921,0.1875,0.04904693130869209,0.00240560147079956,0.0
P0207,kink,1,SW1,1e-05,-0.09370505680439623,-0.09200000000000001,0.0017050568043962128,2.907218706217825e-06,0.0
P0208,kink,1,SW1,1e-05,-0.4776571525861946,-0.49833333333333346,0.02067618074713884,0.0004275044502883548,0.0
P0209,kink,1,SW1,1e-05,0.3319560666592594,0.3450000000000001,0.013043933340740665,0.00017014419699768593,0.0
P0210,kink,2,SW1,1e-05,0.7142077434946923,0.7366666666666667,0.0224589231719744,0.0005044032300446485,0.0
P0211,kink,2,SW1,1e-05,-0.21073203801114934,-0.21666666666666667,0.005934628655517332,3.521981727888746e-05,0.0
P0212,kink,2,SW1,1e-05,0.45928830979703006,0.47666666666666674,0.01737835686963668,0.0003020072874884484,0.0
P0213,kink,2,SW1,1e-05,0.4454746875486135,0.4391666666666666,0.00630802088194693,3.979112744707852e-05,0.0
P0214,kink,2,SW1,1e-05,-0.1564250131845236,-0.12916666666666665,0.02725834651785694,0.0007430174548875636,0.0
P0215,kink,2,SW1,1e-05,0.3069766397639959,0.2841666666666667,0.02280997309732924,0.0005202948727008836,0.0
P0216,kink,2,SW1,1e-05,0.2538363930470776,0.18416666666666662,0.069669726380411,0.004853870773921336,0.0
P0217,kink,2,SW1,1e-05,-0.14058723239440915,-0.054166666666666655,0.0864205657277425,0.007468514180703061,0.0
P0218,kink,2,SW1,1e-05,0.21525478108571733,0.11916666666666664,0.09608811441905069,0.009232925732608576,0.0
P0219,kink,2,SW1,1e-05,0.08015395359284491,-0.010000000000000004,0.09015395359284492,0.008127735348420836,0.0
P0220,kink,2,SW1,1e-05,-0.16397177867535725,-0.05416666666666669,0.10980511200869056,0.01205716262324108,0.0
P0221,kink,2,SW1,1e-05,0.16684791215717454,0.03750000000000002,0.1293479121571745,0.016730882379420133,0.0
P0222,kink,2,SW1,1e-05,-0.05462960279856352,-0.05200000000000001,0.0026296027985635087,6.9148108782130365e-06,0.0
P0223,kink,2,SW1,1e-05,-0.25305722204917774,-0.28166666666666673,0.028609444617488988,0.0008185003213211697,0.0
P0224,kink,2,SW1,1e-05,0.17601204105322182,0.19500000000000006,0.01898795894677824,0.00036054258496453573,0.0
P0225,thin_feature,1,SW1,1e-05,0.4032928315123942,8.364834722972767e-05,0.40320918316516446,0.16257764538871913,0.0
P0226,thin_feature,1,SW1,1e-05,0.569832043693097,0.0551441169483479,0.5146879267447492,0.2649036619368083,0.0
P0227,thin_feature,1,SW1,1e-05,0.6296158377125765,0.3523219549954969,0.27729388271707955,0.07689189739231347,0.0
P0228,thin_feature,1,SW1,1e-05,0.08998830292485316,0.4111122905071876,0.32112398758233446,0.1031206154007793,0.0
P0229,thin_feature,1,SW1,1e-05,0.35867748536564187,0.7600672046071238,0.401389719241482,0.16111370671275574,0.0
P0230,thin_feature,1,SW1,1e-05,0.5413442970236501,0.9059551911095096,0.36461089408585956,0.1329411040860899,0.0
P0231,thin_feature,1,SW1,1e-05,4.140725746754079e-06,0.24935220877729616,0.2493480680515494,0.06217445904104012,4.140725746754078e-07
P0232,thin_feature,1,SW1,1e-05,0.023455173837412194,0.651375231630207,0.6279200577927948,0.3942835989785068,0.0023455173837411344
P0233,thin_feature,1,SW1,1e-05,0.2770575956799766,0.8569968914352788,0.5799392957553022,0.33632958676115593,0.027705386902680457
P0234,thin_feature,1,SW1,1e-05,0.04081670960531561,1.8664469113520537e-05,0.04079804513620209,0.0016644804869355829,0.0
P0235,thin_feature,1,SW1,1e-05,0.16271461058103293,0.0347085864128538,0.12800602416817913,0.01638554222334446,0.0
P0236,thin_feature,1,SW1,1e-05,0.2614888802007556,0.29823409618142144,0.036745215980665824,0.0013502108974657791,0.0
P0237,thin_feature,1,SW1,1e-05,0.18292223660122536,1.7241209390354996e-13,0.18292223660105295,0.03346054464313159,0.0
P0238,thin_feature,1,SW1,1e-05,0.2584596762650207,0.00011499237699560167,0.2583446838880251,0.06674197569320363,0.0
P0239,thin_feature,1,SW1,1e-05,0.2863811102822569,0.03818043380053571,0.24820067648172117,0.061603575805984016,0.0
P0240,thin_feature,2,SW1,1e-05,0.18292223660122553,1.724120939035518e-13,0.1829222366010531,0.033460544643131654,0.0
P0241,thin_feature,2,SW1,1e-05,0.25845967626502075,0.00011499237699560208,0.2583446838880252,0.06674197569320366,0.0
P0242,thin_feature,2,SW1,1e-05,0.2863811102822569,0.03818043380053579,0.2482006764817211,0.061603575805983975,0.0
P0243,thin_feature,2,SW1,1e-05,0.04081670960531558,1.8664469113520635e-05,0.04079804513620206,0.0016644804869355807,0.0
P0244,thin_feature,2,SW1,1e-05,0.16271461058103287,0.03470858641285385,0.12800602416817902,0.016385542223344433,0.0
P0245,thin_feature,2,SW1,1e-05,0.26148888020075556,0.29823409618142166,0.0367452159806661,0.0013502108974657995,0.0
P0246,thin_feature,2,SW1,1e-05,4.140725746754079e-06,0.24935220877729639,0.24934806805154963,0.06217445904104023,4.140725746754078e-07
P0247,thin_feature,2,SW1,1e-05,0.023455173837412194,0.6513752316302073,0.627920057792795,0.39428359897850707,0.0023455173837411344
P0248,thin_feature,2,SW1,1e-05,0.2770575956799767,0.8569968914352789,0.5799392957553022,0.33632958676115593,0.027705386902680512
P0249,thin_feature,2,SW1,1e-05,0.08998830292485324,0.411112290507187,0.32112398758233374,0.10312061540077883,0.0
P0250,thin_feature,2,SW1,1e-05,0.35867748536564203,0.7600672046071234,0.40138971924148137,0.16111370671275524,0.0
P0251,thin_feature,2,SW1,1e-05,0.5413442970236503,0.9059551911095095,0.3646108940858592,0.13294110408608967,0.0
P0252,thin_feature,2,SW1,1e-05,0.4032928315123938,8.364834722972738e-05,0.4032091831651641,0.16257764538871883,0.0
P0253,thin_feature,2,SW1,1e-05,0.5698320436930969,0.055144116948347775,0.5146879267447492,0.2649036619368083,0.0
P0254,thin_feature,2,SW1,1e-05,0.6296158377125765,0.35232195499549673,0.2772938827170797,0.07689189739231356,0.0
P0255,mixed_frequency,1,SW1,1e-05,0.5018681542996786,0.49935542472536626,0.0025127295743123113,6.313809913623729e-06,0.0
P0256,mixed_frequency,1,SW1,1e-05,0.4323705547665311,0.45555610868671437,0.02318555392018329,0.0005375699105857266,0.0
P0257,mixed_frequency,1,SW1,1e-05,0.2776335586179264,0.155213372665013,0.12242018595291337,0.014986701928745889,0.0
P0258,mixed_frequency,1,SW1,1e-05,0.6865145088304566,0.7427118258953607,0.05619731706490405,0.003158138445293356,0.0
P0259,mixed_frequency,1,SW1,1e-05,0.7013980420273962,0.5406964779017696,0.16070156412562664,0.02582499271242289,0.0
P0260,mixed_frequency,1,SW1,1e-05,0.4550843495895683,0.4170475535071272,0.03803679608244109,0.0014467978562172062,0.0
P0261,mixed_frequency,1,SW1,1e-05,0.5322822918309927,0.47535988945488694,0.056922402376105796,0.0032401598922672946,0.0
P0262,mixed_frequency,1,SW1,1e-05,0.5893599199265216,0.6686000035176052,0.07924008359108359,0.0062789908475219145,0.0
P0263,mixed_frequency,1,SW1,1e-05,0.364040053311853,0.28032091330418796,0.08371914000766506,0.007008894403623025,0.0
P0264,mixed_frequency,1,SW1,1e-05,0.4931255009747919,0.4747727588702795,0.01835274210451243,0.0003368231427547434,0.0
P0265,mixed_frequency,1,SW1,1e-05,0.5284519853899707,0.4673856494865241,0.06106633590344662,0.003729097380672574,0.0
P0266,mixed_frequency,1,SW1,1e-05,0.48082279242248194,0.4334862851454516,0.047336507277030315,0.002240744921188344,0.0
P0267,mixed_frequency,1,SW1,1e-05,0.6959914073587519,0.6773719504742064,0.01861945688454547,0.00034668417467544776,0.0
P0268,mixed_frequency,1,SW1,1e-05,0.5533664571063145,0.4548365472979632,0.0985299098083513,0.009708143126841842,0.0
P0269,mixed_frequency,1,SW1,1e-05,0.6865702563156996,0.6986226099788257,0.01205235366312618,0.00014525922882107107,0.0
P0270,mixed_frequency,1,SW1,1e-05,0.2962292495459469,0.23943781507349454,0.056791434472452385,0.0032252670294388532,4.84863505207378e-05
P0271,mixed_frequency,1,SW1,1e-05,0.48566029414149015,0.4664184217464979,0.019241872394992254,0.00037024965326516496,0.0
P0272,mixed_frequency,1,SW1,1e-05,0.46028783099044634,0.4844869960552387,0.02419916506479236,0.0005855995898330671,0.0
P0273,mixed_frequency,1,SW1,1e-05,0.6844790176046421,0.7668339405122937,0.08235492290765156,0.006782333327125232,0.0
P0274,mixed_frequency,1,SW1,1e-05,0.563642890920421,0.6036770727120775,0.04003418179165652,0.0016027357117274024,0.0
P0275,mixed_frequency,1,SW1,1e-05,0.5415666844786626,0.5801958680494812,0.03862918357081857,0.0014922138233479994,0.0
P0276,mixed_frequency,1,SW1,1e-05,0.4754928036140604,0.43425126660147423,0.04124153701258615,0.0017008643751605132,0.0
P0277,mixed_frequency,1,SW1,1e-05,0.625902163176931,0.6813224182546447,0.05542025507771364,0.003071404672878845,0.015513705790374699
P0278,mixed_frequency,1,SW1,1e-05,0.2724450172437551,0.29829739986517656,0.025852382621421477,0.0006683456872043752,0.0
P0279,mixed_frequency,1,SW1,1e-05,0.44919076583128736,0.45224178202853027,0.003051016197242906,9.308699835838565e-06,0.0
P0280,mixed_frequency,1,SW1,1e-05,0.583287808480833,0.48763067251845843,0.09565713596237452,0.009150287660524205,0.0
P0281,mixed_frequency,1,SW1,1e-05,0.4961653122241179,0.5701012749830773,0.07393596275895936,0.005466526589094226,0.0
P0282,mixed_frequency,1,SW1,1e-05,0.529502956473727,0.5623229858879404,0.03282002941421336,0.00107715433074983,0.0
P0283,mixed_frequency,1,SW1,1e-05,0.5875157969263982,0.7666319644998695,0.17911616757347126,0.03208260148620784,0.0
P0284,mixed_frequency,1,SW1,1e-05,0.4985278531216992,0.5391611189168729,0.04063326579517368,0.0016510622891812313,0.0
P0285,mixed_frequency,1,SW1,1e-05,0.6766450919157445,0.6887178293753018,0.012072737459557281,0.0001457509897673976,0.0
P0286,mixed_frequency,1,SW1,1e-05,0.3258344380048435,0.2988924441998043,0.0269419938050392,0.0007258710301907706,0.0
P0287,mixed_frequency,1,SW1,1e-05,0.42696984190563747,0.4271356910831181,0.000165849177480637,2.7505949671003826e-08,0.0
P0288,mixed_frequency,1,SW1,1e-05,0.3750346920916237,0.2645103235299279,0.11052436856169578,0.012215636045961568,0.0
P0289,mixed_frequency,1,SW1,1e-05,0.513813503322287,0.43919422396993496,0.07461927935235207,0.005568036851064356,0.0
P0290,mixed_frequency,1,SW1,1e-05,0.3313130229380679,0.35253116173124965,0.02121813879318174,0.00045020941384672384,0.0
P0291,mixed_frequency,1,SW1,1e-05,0.3445010588401905,0.3719201334216269,0.027419074581436387,0.000751805650902371,0.0
P0292,mixed_frequency,1,SW1,1e-05,0.5269427189368266,0.5405693019751132,0.013626583038286566,0.00018568376529931913,0.0
P0293,mixed_frequency,1,SW1,1e-05,0.5195586966109232,0.5848295787523584,0.06527088214143517,0.004260288055521121,0.0
P0294,mixed_frequency,1,SW1,1e-05,0.5289349174849178,0.5409906345655865,0.01205571708066866,0.00014534031432912608,0.0
P0295,mixed_frequency,1,SW1,1e-05,0.6064705717699868,0.6740210161891979,0.0675504444192111,0.004563062541232928,0.018431849402434475
P0296,mixed_frequency,1,SW1,1e-05,0.4738473926062855,0.43882666894757716,0.03502072365870834,0.001226451085579614,0.0
P0297,mixed_frequency,1,SW1,1e-05,0.41754976689503004,0.4085314772238543,0.009018289671175739,8.132954859323501e-05,0.0
P0298,mixed_frequency,1,SW1,1e-05,0.5687050921218058,0.5515396754151357,0.017165416706670045,0.00029465153071362707,0.0
P0299,mixed_frequency,1,SW1,1e-05,0.46129262094200774,0.45758380838567025,0.003708812556337482,1.3755290578046567e-05,0.0
P0300,mixed_frequency,1,SW1,1e-05,0.5985966733394206,0.6005499470896327,0.0019532737502121478,3.815278343267828e-06,0.0
P0301,mixed_frequency,1,SW1,1e-05,0.2600808935580511,0.2456362579031397,0.014444635654911386,0.0002086474992031373,0.019123571979036913
P0302,mixed_frequency,1,SW1,1e-05,0.3486055952955545,0.3270528513166872,0.021552743978867306,0.0004645207730186009,0.0
P0303,mixed_frequency,1,SW1,1e-05,0.46900116815092185,0.4633290863928645,0.005672081758057335,3.2172511470086786e-05,0.0
P0304,mixed_frequency,1,SW1,1e-05,0.48211904644981685,0.4944074046768252,0.012288358227008356,0.00015100374791528394,0.0
P0305,mixed_frequency,1,SW1,1e-05,0.5482360734709412,0.535141282,0.01309479147094117,0.0001714735636674336,0.0
P0306,mixed_frequency,1,SW1,1e-05,0.5548750101649451,0.4813603793968585,0.07351463076808662,0.005404400936968108,0.0
P0307,mixed_frequency,1,SW1,1e-05,0.44666378697207887,0.44916240885229025,0.0024986218802113824,6.2431113002710636e-06,0.0
P0308,mixed_frequency,1,SW1,1e-05,0.4079185168250003,0.3619738362318022,0.04594468059319812,0.0021109136748109956,0.0
P0309,mixed_frequency,1,SW1,1e-05,0.5279429426238965,0.5383224304502269,0.010379487826330358,0.0001077337675369401,0.0
P0310,mixed_frequency,1,SW1,1e-05,0.31651006554605754,0.3926499743554235,0.07613990880936594,0.0057972857134985616,0.0
P0311,mixed_frequency,1,SW1,1e-05,0.4240783440511564,0.42040974436429945,0.003668599686856955,1.3458623662406948e-05,0.0
P0312,mixed_frequency,1,SW1,1e-05,0.5878606914736142,0.6101470394713223,0.022286347997708122,0.0004966813070749488,0.0
P0313,mixed_frequency,1,SW1,1e-05,0.5423977540042385,0.5479313452317733,0.005533591227534829,3.0620631873450415e-05,0.0
P0314,mixed_frequency,1,SW1,1e-05,0.8459628918068283,0.8500388285880128,0.004075936781184564,1.661326064421318e-05,0.00984002485312574
P0315,mixed_frequency,1,SW1,1e-05,0.4224623811141812,0.41205449093146773,0.010407890182713486,0.00010832417805542376,0.004363087680552824
P0316,mixed_frequency,1,SW1,1e-05,0.5910635742708006,0.6085826163686509,0.017519042097850268,0.0003069168360262499,0.0
P0317,mixed_frequency,1,SW1,1e-05,0.43589791500810504,0.429892434580156,0.006005480427949017,3.606579517047871e-05,0.0
P0318,mixed_frequency,1,SW1,1e-05,0.43502765835250284,0.39204653808406975,0.04298112026843309,0.00184737669952951,0.0
P0319,mixed_frequency,2,SW1,1e-05,0.701517429613317,0.8140327948345307,0.11251536522121375,0.012659707410863117,0.0
P0320,mixed_frequency,2,SW1,1e-05,0.5535968823722124,0.5548865092370293,0.0012896268648169285,1.6631374504575402e-06,0.0
P0321,mixed_frequency,2,SW1,1e-05,0.3143742183301038,0.3967439560775554,0.0823697377474516,0.006784773696583953,0.0
P0322,mixed_frequency,2,SW1,1e-05,0.6315936543380953,0.6303496925970249,0.0012439617410704429,1.5474408132470076e-06,0.0
P0323,mixed_frequency,2,SW1,1e-05,0.26328782314607035,0.276272829973252,0.012985006827181622,0.00016861040230195333,0.0
P0324,mixed_frequency,2,SW1,1e-05,0.47282682216929706,0.3680034887100495,0.10482333345924755,0.010987931237508606,0.0
P0325,mixed_frequency,2,SW1,1e-05,0.715237218876232,0.6634508837330682,0.051786335143163886,0.002681824507560091,0.0
P0326,mixed_frequency,2,SW1,1e-05,0.6314022888588684,0.6508270799207778,0.01942479106190942,0.00037732250779883605,0.0
P0327,mixed_frequency,2,SW1,1e-05,0.5146675544403267,0.5333568294057774,0.018689274965450697,0.0003492889987342222,0.0
P0328,mixed_frequency,2,SW1,1e-05,0.6142684518646326,0.6678860836431736,0.05361763177854095,0.0028748504375392045,0.0
P0329,mixed_frequency,2,SW1,1e-05,0.47296154198347873,0.48087471401390125,0.007913172030422522,6.26182915830613e-05,0.0
P0330,mixed_frequency,2,SW1,1e-05,0.37266669906387656,0.3476791051625945,0.02498759390128208,0.0006243798489753893,0.0
P0331,mixed_frequency,2,SW1,1e-05,0.30925475922497797,0.20720898854505576,0.10204577067992221,0.010413339313659271,0.0
P0332,mixed_frequency,2,SW1,1e-05,0.5854565665520436,0.6153000035934494,0.029843437041405796,0.0008906307344443515,0.0
P0333,mixed_frequency,2,SW1,1e-05,0.13772836312122325,0.0649946518336959,0.07273371128752734,0.005290192757657382,0.0
P0334,mixed_frequency,2,SW1,1e-05,0.4707060790506471,0.5226072573180978,0.051901178267450665,0.002693732305549693,0.0
P0335,mixed_frequency,2,SW1,1e-05,0.48311422224827283,0.3957690317599277,0.0873451904883451,0.007629182301445292,0.0
P0336,mixed_frequency,2,SW1,1e-05,0.6168862834995892,0.7552761193165396,0.1383898358169504,0.01915174665744249,0.0
P0337,mixed_frequency,2,SW1,1e-05,0.39323432038123696,0.48475446913807674,0.09152014875683978,0.008375937628474082,0.0
P0338,mixed_frequency,2,SW1,1e-05,0.6601200144327514,0.6651371781040039,0.005017163671252489,2.5171931304135755e-05,0.0
P0339,mixed_frequency,2,SW1,1e-05,0.6816717376937165,0.7408408381328755,0.05916910043915902,0.0035009824467792878,0.015061182580877408
P0340,mixed_frequency,2,SW1,1e-05,0.5069135626122906,0.5689577717014875,0.062044209089196944,0.0038494838815039886,0.0
P0341,mixed_frequency,2,SW1,1e-05,0.4100513930345974,0.2574974214481519,0.1525539715864455,0.023272714246798026,0.0
P0342,mixed_frequency,2,SW1,1e-05,0.528298760135756,0.5173737037104447,0.010925056425311386,0.0001193568578962376,0.0
P0343,mixed_frequency,2,SW1,1e-05,0.40087911476159466,0.48324739685668694,0.08236828209509228,0.0067845338952967,0.0
P0344,mixed_frequency,2,SW1,1e-05,0.34962847722089846,0.270052112801759,0.07957636441913946,0.006332397774167684,0.0
P0345,mixed_frequency,2,SW1,1e-05,0.5051453221394828,0.49531618841216574,0.009829133727317085,9.661186982948226e-05,0.0
P0346,mixed_frequency,2,SW1,1e-05,0.2157459583086995,0.16971157929838276,0.046034379010316734,0.00211916405086549,0.04040100274940342
P0347,mixed_frequency,2,SW1,1e-05,0.6463756857752505,0.6635927865275683,0.01721710075231775,0.0002964285583154604,0.0
P0348,mixed_frequency,2,SW1,1e-05,0.43148186120548965,0.3179991471566734,0.11348271404881627,0.012878326387885402,0.0
P0349,mixed_frequency,2,SW1,1e-05,0.6059117132277678,0.6303959865910851,0.024484273363317266,0.0005994796421296474,0.0
P0350,mixed_frequency,2,SW1,1e-05,0.4291575300089942,0.35492709939749145,0.07423043061150275,0.005510156828769125,0.0
P0351,mixed_frequency,2,SW1,1e-05,0.42042240024095073,0.3906606716516097,0.029761728589341008,0.0008857604886255979,0.0
P0352,mixed_frequency,2,SW1,1e-05,0.4291602069896525,0.4275323977379478,0.0016278092517046927,2.6497629599353916e-06,0.0
P0353,mixed_frequency,2,SW1,1e-05,0.5128455408967063,0.6041255480496204,0.09128000715291407,0.008332039705836044,0.0
P0354,mixed_frequency,2,SW1,1e-05,0.4602511376972161,0.4412332367188725,0.019017900978343605,0.00036168055762208264,0.0
P0355,mixed_frequency,2,SW1,1e-05,0.5212024362720379,0.609299498114648,0.08809706184261012,0.007761092305300673,0.0
P0356,mixed_frequency,2,SW1,1e-05,0.7173552730046735,0.7689757838647319,0.051620510860058366,0.0026646771414534035,0.0
P0357,mixed_frequency,2,SW1,1e-05,0.4900049495891273,0.5332989647948638,0.0432940152057365,0.0018743717526345436,0.0
P0358,mixed_frequency,2,SW1,1e-05,0.44242198734286026,0.41575437560416867,0.026667611738691588,0.0007111615158456013,0.0
P0359,mixed_frequency,2,SW1,1e-05,0.1290522617509059,0.04017781537158405,0.08887444637932185,0.007898667219230954,0.0
P0360,mixed_frequency,2,SW1,1e-05,0.5645230744056308,0.5542356586168614,0.01028741578876935,0.0001058309236110209,0.0
P0361,mixed_frequency,2,SW1,1e-05,0.4408709465254217,0.6474451945759677,0.20657424805054603,0.04267291995764852,0.0
P0362,mixed_frequency,2,SW1,1e-05,0.5630466808264893,0.5504878096411179,0.012558871185371467,0.00015772524545075371,0.0
P0363,mixed_frequency,2,SW1,1e-05,0.3261754655724619,0.2947314072873603,0.031444058285101606,0.0009887288014368669,0.0
P0364,mixed_frequency,2,SW1,1e-05,0.7035885360614326,0.718965854204543,0.015377318143110386,0.00023646191327443184,0.0
P0365,mixed_frequency,2,SW1,1e-05,0.24501548827007308,0.2420960937654339,0.0029193945046391834,8.522864273717463e-06,0.0
P0366,mixed_frequency,2,SW1,1e-05,0.36577525145393625,0.3304965060026291,0.03527874545130716,0.0012445898806181255,0.0
P0367,mixed_frequency,2,SW1,1e-05,0.5316953781076358,0.3705258094086487,0.16116956869898708,0.025975629874617514,0.0
P0368,mixed_frequency,2,SW1,1e-05,0.6415564438986923,0.6512758947908197,0.009719450892127446,9.4467725644477e-05,0.0
P0369,mixed_frequency,2,SW1,1e-05,0.6752163573639678,0.6719703535433057,0.003246003820662091,1.0536540803752893e-05,0.0
P0370,mixed_frequency,2,SW1,1e-05,0.44401015437299485,0.46107812920209956,0.017067974829104715,0.00029131576476695213,0.0
P0371,mixed_frequency,2,SW1,1e-05,0.7068350716295083,0.791170460656414,0.08433538902690574,0.007112457842319533,0.0
P0372,mixed_frequency,2,SW1,1e-05,0.5619313263850161,0.533951223416073,0.027980102968943044,0.0007828861621526553,0.0
P0373,mixed_frequency,2,SW1,1e-05,0.3505517317672365,0.31761767180206096,0.03293405996517551,0.0010846523057897763,0.0
P0374,mixed_frequency,2,SW1,1e-05,0.6012122005839813,0.6098001802240762,0.008587979640094945,7.375339429868529e-05,0.0
P0375,mixed_frequency,2,SW1,1e-05,0.6964382263528208,0.7417467047610486,0.045308478408227826,0.0020528582156688472,0.0
P0376,mixed_frequency,2,SW1,1e-05,0.42337430272806253,0.3436031187899571,0.07977118393810545,0.006363441786887053,0.0
P0377,mixed_frequency,2,SW1,1e-05,0.4980220249742127,0.5015638929582081,0.003541867983995417,1.2544828816051759e-05,0.0
P0378,mixed_frequency,2,SW1,1e-05,0.7384934030070316,0.7714303015145285,0.032936898507496926,0.0010848392832931532,0.0
P0379,mixed_frequency,2,SW1,1e-05,0.3216571356417503,0.33214085095807067,0.010483715316320363,0.00010990828683365018,0.0
P0380,mixed_frequency,2,SW1,1e-05,0.561955722468141,0.5278122067042186,0.03414351576392238,0.0011657796687212162,0.0
P0381,mixed_frequency,2,SW1,1e-05,0.502714821093939,0.3212502519429321,0.18146456915100684,0.03292938985716054,0.0
P0382,mixed_frequency,2,SW1,1e-05,0.3866120065305819,0.2252611572341287,0.1613508492964532,0.026034096568686757,0.0
P0001,smooth_polynomial,1,SW1,0.0001,-0.2722222222222222,-0.2722222222222222,0.0,0.0,0.0
P0002,smooth_polynomial,1,SW1,0.0001,0.027777777777777846,0.02777777777777779,5.551115123125783e-17,3.0814879110195774e-33,0.0
P0003,smooth_polynomial,1,SW1,0.0001,0.47777777777777786,0.4777777777777778,5.551115123125783e-17,3.0814879110195774e-33,0.0
P0004,smooth_polynomial,1,SW1,0.0001,-0.08888888888888889,-0.08888888888888888,1.3877787807814457e-17,1.925929944387236e-34,0.0
P0005,smooth_polynomial,1,SW1,0.0001,0.21111111111111108,0.2111111111111111,2.7755575615628914e-17,7.703719777548943e-34,0.0
P0006,smooth_polynomial,1,SW1,0.0001,0.6611111111111111,0.6611111111111111,0.0,0.0,0.0
P0007,smooth_polynomial,1,SW1,0.0001,0.09444444444444446,0.09444444444444444,1.3877787807814457e-17,1.925929944387236e-34,0.04444444444444441
P0008,smooth_polynomial,1,SW1,0.0001,0.3944444444444444,0.39444444444444443,5.551115123125783e-17,3.0814879110195774e-33,0.04444444444444434
P0009,smooth_polynomial,1,SW1,0.0001,0.8444444444444443,0.8444444444444444,1.1102230246251565e-16,1.232595164407831e-32,0.04444444444444429
P0010,smooth_polynomial,1,SW1,0.0001,0.26111111111111107,0.2611111111111111,5.551115123125783e-17,3.0814879110195774e-33,0.0
P0011,smooth_polynomial,1,SW1,0.0001,0.561111111111111,0.5611111111111111,1.1102230246251565e-16,1.232595164407831e-32,0.0
P0012,smooth_polynomial,1,SW1,0.0001,1.011111111111111,1.011111111111111,0.0,0.0,0.0
P0013,smooth_polynomial,1,SW1,0.0001,-0.23333333333333328,-0.2333333333333333,2.7755575615628914e-17,7.703719777548943e-34,0.0
P0014,smooth_polynomial,1,SW1,0.0001,0.06666666666666667,0.06666666666666668,1.3877787807814457e-17,1.925929944387236e-34,0.0
P0015,smooth_polynomial,1,SW1,0.0001,0.5166666666666667,0.5166666666666667,0.0,0.0,0.0
P0016,smooth_polynomial,1,SW1,0.0001,-0.04999999999999999,-0.049999999999999996,6.938893903907228e-18,4.81482486096809e-35,0.0
P0017,smooth_polynomial,1,SW1,0.0001,0.25,0.25,0.0,0.0,0.0
P0018,smooth_polynomial,1,SW1,0.0001,0.7,0.7,0.0,0.0,0.0
P0019,smooth_polynomial,1,SW1,0.0001,0.13333333333333336,0.13333333333333333,2.7755575615628914e-17,7.703719777548943e-34,0.0
P0020,smooth_polynomial,1,SW1,0.0001,0.4333333333333333,0.43333333333333335,5.551115123125783e-17,3.0814879110195774e-33,0.0
P0021,smooth_polynomial,1,SW1,0.0001,0.8833333333333333,0.8833333333333333,0.0,0.0,0.0
P0022,smooth_polynomial,1,SW1,0.0001,0.3,0.3,0.0,0.0,0.0
P0023,smooth_polynomial,1,SW1,0.0001,0.6,0.6,0.0,0.0,0.0
P0024,smooth_polynomial,1,SW1,0.0001,1.0499999999999998,1.05,2.220446049250313e-16,4.930380657631324e-32,0.0
P0025,smooth_polynomial,1,SW1,0.0001,-0.20555555555555555,-0.20555555555555555,0.0,0.0,0.0
P0026,smooth_polynomial,1,SW1,0.0001,0.09444444444444444,0.09444444444444444,0.0,0.0,0.0
P0027,smooth_polynomial,1,SW1,0.0001,0.5444444444444445,0.5444444444444445,0.0,0.0,0.0
P0028,smooth_polynomial,1,SW1,0.0001,-0.02222222222222222,-0.02222222222222222,0.0,0.0,0.02222222222222222
P0029,smooth_polynomial,1,SW1,0.0001,0.2777777777777778,0.2777777777777778,0.0,0.0,0.0222222222222222
P0030,smooth_polynomial,1,SW1,0.0001,0.7277777777777777,0.7277777777777777,0.0,0.0,0.022222222222222254
P0031,smooth_polynomial,1,SW1,0.0001,0.1611111111111111,0.1611111111111111,0.0,0.0,0.0
P0032,smooth_polynomial,1,SW1,0.0001,0.46111111111111114,0.4611111111111111,5.551115123125783e-17,3.0814879110195774e-33,0.0
P0033,smooth_polynomial,1,SW1,0.0001,0.911111111111111,0.9111111111111111,1.1102230246251565e-16,1.232595164407831e-32,0.0
P0034,smooth_polynomial,1,SW1,0.0001,0.3277777777777777,0.3277777777777778,5.551115123125783e-17,3.0814879110195774e-33,0.0
P0035,smooth_polynomial,1,SW1,0.0001,0.6277777777777778,0.6277777777777778,0.0,0.0,0.0
P0036,smooth_polynomial,1,SW1,0.0001,1.0777777777777777,1.0777777777777777,0.0,0.0,0.0
P0037,smooth_polynomial,2,SW1,0.0001,-0.622222222222222,-0.6222222222222221,1.1102230246251565e-16,1.232595164407831e-32,0.0
P0038,smooth_polynomial,2,SW1,0.0001,-0.3222222222222221,-0.32222222222222213,5.551115123125783e-17,3.0814879110195774e-33,0.0
P0039,smooth_polynomial,2,SW1,0.0001,0.12777777777777788,0.12777777777777788,0.0,0.0,0.0
P0040,smooth_polynomial,2,SW1,0.0001,-0.25555555555555554,-0.25555555555555554,0.0,0.0,0.0
P0041,smooth_polynomial,2,SW1,0.0001,0.04444444444444443,0.04444444444444445,2.0816681711721685e-17,4.333342374871281e-34,0.0
P0042,smooth_polynomial,2,SW1,0.0001,0.49444444444444446,0.49444444444444446,0.0,0.0,0.0
P0043,smooth_polynomial,2,SW1,0.0001,0.11111111111111113,0.11111111111111113,0.0,0.0,0.06111111111111109
P0044,smooth_polynomial,2,SW1,0.0001,0.4111111111111111,0.4111111111111111,0.0,0.0,0.06111111111111106
P0045,smooth_polynomial,2,SW1,0.0001,0.861111111111111,0.8611111111111112,1.1102230246251565e-16,1.232595164407831e-32,0.061111111111111005
P0046,smooth_polynomial,2,SW1,0.0001,0.4444444444444444,0.4444444444444444,0.0,0.0,0.0
P0047,smooth_polynomial,2,SW1,0.0001,0.7444444444444445,0.7444444444444445,0.0,0.0,0.0
P0048,smooth_polynomial,2,SW1,0.0001,1.1944444444444444,1.1944444444444444,0.0,0.0,0.0
P0049,smooth_polynomial,2,SW1,0.0001,-0.4666666666666666,-0.4666666666666666,0.0,0.0,0.0
P0050,smooth_polynomial,2,SW1,0.0001,-0.16666666666666663,-0.16666666666666663,0.0,0.0,0.0
P0051,smooth_polynomial,2,SW1,0.0001,0.2833333333333333,0.2833333333333334,5.551115123125783e-17,3.0814879110195774e-33,0.0
P0052,smooth_polynomial,2,SW1,0.0001,-0.09999999999999998,-0.09999999999999999,1.3877787807814457e-17,1.925929944387236e-34,0.0
P0053,smooth_polynomial,2,SW1,0.0001,0.19999999999999996,0.2,5.551115123125783e-17,3.0814879110195774e-33,0.0
P0054,smooth_polynomial,2,SW1,0.0001,0.6499999999999999,0.65,1.1102230246251565e-16,1.232595164407831e-32,0.0
P0055,smooth_polynomial,2,SW1,0.0001,0.2666666666666667,0.26666666666666666,5.551115123125783e-17,3.0814879110195774e-33,0.0
P0056,smooth_polynomial,2,SW1,0.0001,0.5666666666666667,0.5666666666666667,0.0,0.0,0.0
P0057,smooth_polynomial,2,SW1,0.0001,1.0166666666666664,1.0166666666666666,2.220446049250313e-16,4.930380657631324e-32,0.0
P0058,smooth_polynomial,2,SW1,0.0001,0.6,0.6,0.0,0.0,0.0
P0059,smooth_polynomial,2,SW1,0.0001,0.8999999999999999,0.8999999999999999,0.0,0.0,0.0
P0060,smooth_polynomial,2,SW1,0.0001,1.3499999999999999,1.35,2.220446049250313e-16,4.930380657631324e-32,0.0
P0061,smooth_polynomial,2,SW1,0.0001,-0.3555555555555555,-0.3555555555555555,0.0,0.0,0.0
P0062,smooth_polynomial,2,SW1,0.0001,-0.055555555555555525,-0.055555555555555525,0.0,0.0,0.0
P0063,smooth_polynomial,2,SW1,0.0001,0.3944444444444444,0.3944444444444445,1.1102230246251565e-16,1.232595164407831e-32,0.0
P0064,smooth_polynomial,2,SW1,0.0001,0.011111111111111115,0.011111111111111113,1.734723475976807e-18,3.009265538105056e-36,0.0
P0065,smooth_polynomial,2,SW1,0.0001,0.3111111111111111,0.3111111111111111,0.0,0.0,0.0
P0066,smooth_polynomial,2,SW1,0.0001,0.7611111111111112,0.7611111111111111,1.1102230246251565e-16,1.232595164407831e-32,0.0
P0067,smooth_polynomial,2,SW1,0.0001,0.37777777777777777,0.37777777777777777,0.0,0.0,0.0
P0068,smooth_polynomial,2,SW1,0.0001,0.6777777777777777,0.6777777777777778,1.1102230246251565e-16,1.232595164407831e-32,0.0
P0069,smooth_polynomial,2,SW1,0.0001,1.1277777777777775,1.1277777777777778,2.220446049250313e-16,4.930380657631324e-32,0.0
P0070,smooth_polynomial,2,SW1,0.0001,0.711111111111111,0.711111111111111,0.0,0.0,0.0
P0071,smooth_polynomial,2,SW1,0.0001,1.011111111111111,1.011111111111111,0.0,0.0,0.0
P0072,smooth_polynomial,2,SW1,0.0001,1.4611111111111108,1.461111111111111,2.220446049250313e-16,4.930380657631324e-32,0.0
P0073,sinusoid,1,SW1,0.0001,0.5748175900970324,0.5750459360222461,0.00022834592521370212,5.214186156170164e-08,0.0
P0074,sinusoid,1,SW1,0.0001,0.7298895380469756,0.730415500617587,0.0005259625706113269,2.7663662568407504e-07,0.0
P0075,sinusoid,1,SW1,0.0001,0.8956834933366377,0.8963605256140483,0.0006770322774106718,4.583727046558809e-07,0.0
P0076,sinusoid,1,SW1,0.0001,0.9255006942957087,0.9261899555312407,0.0006892612355320349,4.7508105080714726e-07,0.0
P0077,sinusoid,1,SW1,0.0001,0.6318736561372884,0.6390576474687264,0.007183991331437989,5.1609731450176164e-05,0.0
P0078,sinusoid,1,SW1,0.0001,0.7748972197362849,0.7844097681841611,0.00951254844787619,9.048857797319172e-05,0.0
P0079,sinusoid,1,SW1,0.0001,0.9159903301277841,0.9232342443900284,0.007243914262244355,5.2474293838747184e-05,0.0
P0080,sinusoid,1,SW1,0.0001,0.8904329467201417,0.9005180993532904,0.010085152633148686,0.00010171030363390587,0.0
P0081,sinusoid,1,SW1,0.0001,0.6610463761962897,0.7000858306332174,0.03903945443692769,0.001524079002732953,0.0
P0082,sinusoid,1,SW1,0.0001,0.7935846308097049,0.8323019291604284,0.03871729835072357,0.0014990291915789422,0.0
P0083,sinusoid,1,SW1,0.0001,0.9121539312446434,0.9410273310610535,0.028873399816410128,0.0008336732169582724,0.056877248384165746
P0084,sinusoid,1,SW1,0.0001,0.8214220645799672,0.8662529935510221,0.044830928971054895,0.002009812192407769,0.0
P0085,sinusoid,1,SW1,0.0001,0.6534592036836557,0.764503363531613,0.11104415984795724,0.012330805436338677,0.0
P0086,sinusoid,1,SW1,0.0001,0.7809812662360414,0.8782525822748479,0.09727131603880657,0.009461708923921388,0.0
P0087,sinusoid,1,SW1,0.0001,0.8449540429166313,0.9497626892323064,0.1048086463156751,0.010984852342524276,0.0
P0088,sinusoid,1,SW1,0.0001,0.7299605455678444,0.8175214687028707,0.08756092313502628,0.007666915260257981,0.0
P0089,sinusoid,1,SW1,0.0001,0.609105671978186,0.8215127058347615,0.21240703385657556,0.045116748031748435,0.0
P0090,sinusoid,1,SW1,0.0001,0.7281591147053508,0.913609165108942,0.1854500504035912,0.03439172119469452,0.05958205820185114
P0091,sinusoid,1,SW1,0.0001,0.7101896207817343,0.9459011273494009,0.2357115065676666,0.05555991432839913,0.0
P0092,sinusoid,1,SW1,0.0001,0.6822135098819173,0.7598968261006515,0.07768331621873414,0.0060346976187398435,0.0
P0093,sinusoid,1,SW1,0.0001,0.5394251126344201,0.8695171441101668,0.33009203147574673,0.10896074924378536,0.0
P0094,sinusoid,1,SW1,0.0001,0.5857184343280674,0.9373814131120659,0.35166297878399855,0.12366685064723501,0.0
P0095,sinusoid,1,SW1,0.0001,0.6496985364735253,0.9295507997512531,0.27985226327772783,0.07831728926166669,0.0
P0096,sinusoid,1,SW1,0.0001,0.6690221686900524,0.6949930124620182,0.02597084377196579,0.0006744847262278543,0.0
P0097,sinusoid,2,SW1,0.0001,0.6477420786226736,0.6479899910323624,0.0002479124096887997,6.146056287770726e-08,0.0
P0098,sinusoid,2,SW1,0.0001,0.7911052149196139,0.7916505965928816,0.0005453816732676753,2.974411695362493e-07,0.0
P0099,sinusoid,2,SW1,0.0001,0.9256540755620692,0.9263431321527904,0.0006890565907211599,4.74798985216268e-07,0.0
P0100,sinusoid,2,SW1,0.0001,0.8954567824159132,0.8961339865207938,0.000677204104880591,4.586053996671225e-07,0.0
P0101,sinusoid,2,SW1,0.0001,0.7566666905904725,0.764503363531613,0.007836672941140432,6.141344278640264e-05,0.0
P0102,sinusoid,2,SW1,0.0001,0.8680328850580474,0.8782525822748479,0.010219697216800494,0.00010444221120307977,0.0
P0103,sinusoid,2,SW1,0.0001,0.9424105541480639,0.9497626892323064,0.007352135084242595,5.4053890296950866e-05,0.010145325776458103
P0104,sinusoid,2,SW1,0.0001,0.8080681845807829,0.8175214687028707,0.00945328412208779,8.936458069291713e-05,0.0
P0105,sinusoid,2,SW1,0.0001,0.8142120387499389,0.8584384631108883,0.04422642436094948,0.0019559766117547856,0.0
P0106,sinusoid,2,SW1,0.0001,0.8904125729356288,0.9325665474142472,0.04215397447861835,0.0017769575643440073,0.0
P0107,sinusoid,2,SW1,0.0001,0.9060018254416458,0.9347900511762953,0.028788225734649564,0.0008287619409491395,0.050725142581168114
P0108,sinusoid,2,SW1,0.0001,0.672173177063767,0.7118049992277586,0.03963182216399164,0.0015706813280382587,0.0
P0109,sinusoid,2,SW1,0.0001,0.801407846785286,0.9279754323328191,0.1265675855475331,0.01601935371133211,0.0
P0110,sinusoid,2,SW1,0.0001,0.8468156278521499,0.9492985900688871,0.10248296221673714,0.010502757544717172,0.0
P0111,sinusoid,2,SW1,0.0001,0.7736087011089285,0.8724546351889504,0.09884593408002185,0.009770518684152024,0.0
P0112,sinusoid,2,SW1,0.0001,0.4965044446136197,0.5694513006537083,0.0729468560400886,0.0053212438061334116,0.0
P0113,sinusoid,2,SW1,0.0001,0.7151036787599745,0.9499013075636804,0.23479762880370592,0.05512992649184287,0.0
P0114,sinusoid,2,SW1,0.0001,0.7303585895613725,0.9160473958699,0.18568880630852758,0.03448033278828587,0.06178153305787282
P0115,sinusoid,2,SW1,0.0001,0.5608141385577852,0.7686846617394372,0.207870523181652,0.04321015440781372,0.0
P0116,sinusoid,2,SW1,0.0001,0.3756004478519718,0.4193713352114835,0.043770887359511734,0.0019158905802390642,0.0
P0117,sinusoid,2,SW1,0.0001,0.5778431245156358,0.9217768952713512,0.3439337707557154,0.118290438666245,0.0
P0118,sinusoid,2,SW1,0.0001,0.5080067699815943,0.836512069047858,0.3285052990662637,0.10791573151461535,0.0
P0119,sinusoid,2,SW1,0.0001,0.41004050031334405,0.6350242559949993,0.2249837556816553,0.050617690320622764,0.0
P0120,sinusoid,2,SW1,0.0001,0.32818022903960586,0.2782610877661441,0.04991914127346175,0.0024919206654798326,0.0
P0121,smooth_edge,1,SW1,0.0001,0.7797532701681515,0.7968410695441766,0.017087799376025004,0.0002919928875152805,0.0
P0122,smooth_edge,1,SW1,0.0001,0.9228811582454114,0.9682213690407698,0.04534021079535844,0.002055734714967538,0.0
P0123,smooth_edge,1,SW1,0.0001,0.9918642801443568,0.9997254218438986,0.007861141699541774,6.179754882027452e-05,0.0
P0124,smooth_edge,1,SW1,0.0001,0.9999820146459294,0.9999999950965821,1.7980450652710367e-05,3.2329660567455264e-10,0.0
P0125,smooth_edge,1,SW1,0.0001,0.680815215374443,0.7040516276171624,0.02323641224271944,0.0005399308539136018,0.0
P0126,smooth_edge,1,SW1,0.0001,0.7786319522876777,0.8972159750827483,0.11858402279507063,0.014062170462261832,0.0
P0127,smooth_edge,1,SW1,0.0001,0.880776294987247,0.9945137011005495,0.11373740611330252,0.012936197549382305,0.0
P0128,smooth_edge,1,SW1,0.0001,0.9690807529856078,0.9999946227781964,0.03091386979258859,0.0009556673455531213,0.0
P0129,smooth_edge,1,SW1,0.0001,0.5708681981347198,0.5906532827008858,0.01978508456616601,0.0003914495712903405,0.0
P0130,smooth_edge,1,SW1,0.0001,0.5413241766019632,0.7143624294910559,0.1730382528890927,0.029942236962909596,0.0
P0131,smooth_edge,1,SW1,0.0001,0.41872600570677176,0.9002495108803148,0.48152350517354303,0.23186488603461514,0.0
P0132,smooth_edge,1,SW1,0.0001,0.3310951930740306,0.9941376978036617,0.6630425047296311,0.4396253630781429,0.0
P0133,smooth_edge,1,SW1,0.0001,0.46183745333708015,0.4667159617488687,0.004878508411788551,2.3799844323891652e-05,0.0
P0134,smooth_edge,1,SW1,0.0001,0.38804807257255935,0.4174297935376853,0.029381720965125924,0.0008632855268725202,0.0
P0135,smooth_edge,1,SW1,0.0001,0.3263365113234068,0.31002551887238744,0.016310992451019357,0.00026604847473721044,0.0
P0136,smooth_edge,1,SW1,0.0001,0.3209969871171374,0.1339278883240735,0.1870690987930639,0.0349948477232491,0.0
P0137,smooth_edge,1,SW1,0.0001,0.35980946856907003,0.34675509928171655,0.013054369287353484,0.00017041655749059793,0.0
P0138,smooth_edge,1,SW1,0.0001,0.2994202663753645,0.1703239186438458,0.1290963477315187,0.016665866997617195,0.0
P0139,smooth_edge,1,SW1,0.0001,0.31663340534884094,0.02188127093613046,0.2947521344127105,0.08687882074084854,0.0
P0140,smooth_edge,1,SW1,0.0001,0.320970290270117,0.0001409919630903207,0.32082929830702667,0.1029314386521791,0.0
P0141,smooth_edge,1,SW1,0.0001,0.2668329859426349,0.2435464707695958,0.02328651517303909,0.0005422617889041798,0.0
P0142,smooth_edge,1,SW1,0.0001,0.20251765210509676,0.05554926015761178,0.14696839194748498,0.02159970823162957,0.0
P0143,smooth_edge,1,SW1,0.0001,0.24645207605095626,0.0011125360328603216,0.24533954001809594,0.060191489896290896,0.0
P0144,smooth_edge,1,SW1,0.0001,0.3029400362001756,1.2858614151064257e-07,0.3029399076140341,0.09177258762519952,0.0
P0145,smooth_edge,1,SW1,0.0001,0.18454351095350213,0.16337423951337943,0.021169271440122706,0.00044813805330559485,0.0
P0146,smooth_edge,1,SW1,0.0001,0.0725799397836438,0.016571944094738476,0.05600799568890533,0.0031368955810884376,0.0
P0147,smooth_edge,1,SW1,0.0001,0.02800402059110528,5.5448524722794907e-05,0.027948572066382484,0.0007811226805497753,0.0
P0148,smooth_edge,1,SW1,0.0001,0.0032369642043503432,1.1725539852746633e-10,0.0032369640870949447,1.0477936501142409e-05,0.0
P0149,smooth_edge,2,SW1,0.0001,0.869731716481466,0.8842526814109779,0.014520964929511937,0.0002108584224841156,0.0
P0150,smooth_edge,2,SW1,0.0001,0.9698977109189052,0.9938389829390936,0.023941272020188364,0.0005731845059446542,0.0
P0151,smooth_edge,2,SW1,0.0001,0.9967629723409548,0.9999949695696981,0.003231997228743344,1.0445806086604656e-05,0.0
P0152,smooth_edge,2,SW1,0.0001,0.9999958828508635,0.9999999999995663,4.1171487028535125e-06,1.6950913441408362e-11,0.0
P0153,smooth_edge,2,SW1,0.0001,0.800060206142982,0.8224934972879262,0.02243329114494419,0.0005032525515938314,0.0
P0154,smooth_edge,2,SW1,0.0001,0.9046943997219021,0.9788208895449324,0.07412648982303027,0.00549473649348381,0.0
P0155,smooth_edge,2,SW1,0.0001,0.9552214370869265,0.9998989708060922,0.04467753371916572,0.00199608201922719,0.0
P0156,smooth_edge,2,SW1,0.0001,0.9878570676014486,0.9999999995245059,0.012142931923057265,0.0001474507956880032,0.0
P0157,smooth_edge,2,SW1,0.0001,0.7153381822870986,0.7375616214876249,0.022223439200526385,0.0004938812498994928,0.0
P0158,smooth_edge,2,SW1,0.0001,0.7747533888749327,0.9297812081694472,0.15502781929451448,0.024033624755212635,0.0
P0159,smooth_edge,2,SW1,0.0001,0.724058921034783,0.9979746796109501,0.2739157585761671,0.07502984279635708,0.0
P0160,smooth_edge,2,SW1,0.0001,0.6836465703217058,0.9999994785576881,0.3163529082359823,0.10007916254936382,0.0
P0161,smooth_edge,2,SW1,0.0001,0.6204789570131191,0.6302602229177513,0.009781265904632241,9.567316269712119e-05,0.0
P0162,smooth_edge,2,SW1,0.0001,0.684337821930995,0.791391472673955,0.10705365074296003,0.011460484137395666,0.0
P0163,smooth_edge,2,SW1,0.0001,0.681061357481748,0.9608342772032357,0.27977291972148766,0.07827288660948598,0.0
P0164,smooth_edge,2,SW1,0.0001,0.6790165952982363,0.9994284955764196,0.3204119002781832,0.10266378583987643,0.0
P0165,smooth_edge,2,SW1,0.0001,0.5167966904684969,0.5083325618141193,0.008464128654377512,7.164147387785446e-05,0.0
P0166,smooth_edge,2,SW1,0.0001,0.5887198372438122,0.5208212853727429,0.0678985518710693,0.004610213346188288,0.0
P0167,smooth_edge,2,SW1,0.0001,0.6690331712622896,0.5498339973124777,0.11919917394981183,0.0142084430703175,0.0
P0168,smooth_edge,2,SW1,0.0001,0.6789744404989986,0.6145944982675491,0.0643799422314495,0.004144776961724774,0.0
P0169,smooth_edge,2,SW1,0.0001,0.40692125890498015,0.3854055017324505,0.02151575717252968,0.00046292780670726243,0.0
P0170,smooth_edge,2,SW1,0.0001,0.4159235298544685,0.23745802834390245,0.17846550151056606,0.031849935229417856,0.0
P0171,smooth_edge,2,SW1,0.0001,0.5183628650652496,0.05732417589886871,0.4610386891663809,0.2125566729082548,0.0
P0172,smooth_edge,2,SW1,0.0001,0.6397112543447684,0.0014520391100099098,0.6382592152347585,0.4073748258320897,0.0
P0173,smooth_edge,2,SW1,0.0001,0.2980432562806806,0.2755454045751979,0.02249785170548274,0.0005061533313618926,0.0
P0174,smooth_edge,2,SW1,0.0001,0.178056947883787,0.0819105771553252,0.09614637072846181,0.00924412460425482,0.0
P0175,smooth_edge,2,SW1,0.0001,0.07347317236663424,0.003018416324708427,0.07045475604192582,0.004963872648927283,0.0
P0176,smooth_edge,2,SW1,0.0001,0.008135697465992204,1.326011943142785e-06,0.008134371454049062,6.616799895244825e-05,0.0
P0177,hard_step,1,SW1,0.0001,1.0000128178506515,1.0,1.2817850651547502e-05,1.6429729532537673e-10,1.2817850651547502e-05
P0178,hard_step,1,SW1,0.0001,1.0000128178506515,1.0,1.2817850651547502e-05,1.6429729532537673e-10,1.2817850651547502e-05
P0179,hard_step,1,SW1,0.0001,0.32098765432098764,1.0,0.6790123456790124,0.46105776558451456,0.0
P0180,hard_step,1,SW1,0.0001,0.32098765432098764,1.0,0.6790123456790124,0.46105776558451456,0.0
P0181,hard_step,1,SW1,0.0001,0.32098765432098764,0.0,0.32098765432098764,0.10303307422648986,0.0
P0182,hard_step,1,SW1,0.0001,0.32098765432098764,0.0,0.32098765432098764,0.10303307422648986,0.0
P0183,hard_step,1,SW1,0.0001,0.32098765432098764,0.0,0.32098765432098764,0.10303307422648986,0.0
P0184,hard_step,1,SW1,0.0001,0.32098765432098764,0.0,0.32098765432098764,0.10303307422648986,0.0
P0185,hard_step,1,SW1,0.0001,-8.203765117996574e-06,0.0,8.203765117996574e-06,6.730176211125734e-11,8.203765117996574e-06
P0186,hard_step,2,SW1,0.0001,1.0000082037651181,1.0,8.203765118119932e-06,6.730176211328135e-11,8.203765118119932e-06
P0187,hard_step,2,SW1,0.0001,1.0000082037651181,1.0,8.203765118119932e-06,6.730176211328135e-11,8.203765118119932e-06
P0188,hard_step,2,SW1,0.0001,0.6790123456790123,1.0,0.32098765432098775,0.10303307422648993,0.0
P0189,hard_step,2,SW1,0.0001,0.6790123456790123,1.0,0.32098765432098775,0.10303307422648993,0.0
P0190,hard_step,2,SW1,0.0001,0.6790123456790123,1.0,0.32098765432098775,0.10303307422648993,0.0
P0191,hard_step,2,SW1,0.0001,0.6790123456790123,1.0,0.32098765432098775,0.10303307422648993,0.0
P0192,hard_step,2,SW1,0.0001,0.6790123456790123,0.0,0.6790123456790123,0.46105776558451445,0.0
P0193,hard_step,2,SW1,0.0001,0.6790123456790123,0.0,0.6790123456790123,0.46105776558451445,0.0
P0194,hard_step,2,SW1,0.0001,-1.281785065152283e-05,0.0,1.281785065152283e-05,1.6429729532474422e-10,1.281785065152283e-05
P0195,kink,1,SW1,0.0001,0.4239592612651803,0.4533333333333333,0.029374072068153012,0.0008628361098650469,0.0
P0196,kink,1,SW1,0.0001,-0.12442166702256387,-0.13333333333333333,0.008911666310769464,7.941779643450343e-05,0.0
P0197,kink,1,SW1,0.0001,0.2688662761316823,0.29333333333333333,0.024467057201651043,0.0005986368881088642,0.0
P0198,kink,1,SW1,0.0001,0.19276866825802036,0.15583333333333332,0.036935334924687035,0.0013642189659988058,0.0
P0199,kink,1,SW1,0.0001,-0.1166316402678229,-0.04583333333333333,0.07079830693448957,0.005012400264790194,0.0
P0200,kink,1,SW1,0.0001,0.16888199170384785,0.10083333333333333,0.06804865837051452,0.0046306199060269955,0.0
P0201,kink,1,SW1,0.0001,0.07910601477588998,-0.014000000000000004,0.09310601477588998,0.008668729987448243,0.0
P0202,kink,1,SW1,0.0001,-0.19117748623763264,-0.07583333333333335,0.1153441529042993,0.013304273609210375,0.0
P0203,kink,1,SW1,0.0001,0.18073104861706352,0.05250000000000001,0.1282310486170635,0.0164432018294317,0.021768951382936497
P0204,kink,1,SW1,0.0001,-0.017434465642155644,-0.05,0.03256553435784436,0.0010605140280119413,0.0
P0205,kink,1,SW1,0.0001,-0.3099118721739042,-0.27083333333333337,0.03907853884057083,0.001527132197914003,0.0
P0206,kink,1,SW1,0.0001,0.23654292761679951,0.1875,0.049042927616799514,0.0024052087492266363,0.0
P0207,kink,1,SW1,0.0001,-0.09371514305433395,-0.09200000000000001,0.0017151430543339424,2.941715696829965e-06,0.0
P0208,kink,1,SW1,0.0001,-0.4776550251281894,-0.49833333333333346,0.020678308205144047,0.0004275924302269276,0.0
P0209,kink,1,SW1,0.0001,0.3319519715339162,0.3450000000000001,0.013048028466083883,0.00017025104685173533,0.0
P0210,kink,2,SW1,0.0001,0.7142071245982413,0.7366666666666667,0.022459542068425375,0.0005044310299233692,0.0
P0211,kink,2,SW1,0.0001,-0.21072492139763896,-0.21666666666666667,0.005941745269027715,3.530433684201323e-05,0.0
P0212,kink,2,SW1,0.0001,0.4592854142658668,0.47666666666666674,0.017381252400799962,0.00030210793502031446,0.0
P0213,kink,2,SW1,0.0001,0.44547386199673655,0.4391666666666666,0.006307195330069959,3.97807129316563e-05,0.0
P0214,kink,2,SW1,0.0001,-0.15641819212309774,-0.12916666666666665,0.027251525456431086,0.0007426456397025116,0.0
P0215,kink,2,SW1,0.0001,0.30697306744437125,0.2841666666666667,0.022806400777704572,0.0005201319164332837,0.0
P0216,kink,2,SW1,0.0001,0.25383633433572916,0.18416666666666662,0.06966966766906255,0.004853862593117619,0.0
P0217,kink,2,SW1,0.0001,-0.14058692169758244,-0.054166666666666655,0.08642025503091579,0.007468460479608525,0.0
P0218,kink,2,SW1,0.0001,0.21525446217843602,0.11916666666666664,0.09608779551176938,0.009232864446311608,0.0
P0219,kink,2,SW1,0.0001,0.08014998203834997,-0.010000000000000004,0.09014998203834998,0.008127019261514825,0.0
P0220,kink,2,SW1,0.0001,-0.16396914852609357,-0.05416666666666669,0.10980248185942687,0.012056585022489767,0.0
P0221,kink,2,SW1,0.0001,0.16684240621837085,0.03750000000000002,0.12934240621837084,0.016729458046358055,0.0
P0222,kink,2,SW1,0.0001,-0.05464495529438341,-0.05200000000000001,0.002644955294383397,6.995788509286763e-06,0.0
P0223,kink,2,SW1,0.0001,-0.2530546152110133,-0.28166666666666673,0.02861205145565343,0.0008186494885009596,0.0
P0224,kink,2,SW1,0.0001,0.17600648741890731,0.19500000000000006,0.018993512581092747,0.00036075352016812847,0.0
P0225,thin_feature,1,SW1,0.0001,0.40329602053489855,8.364834722972767e-05,0.4032123721876688,0.16258021708520715,0.0
P0226,thin_feature,1,SW1,0.0001,0.5698343007805797,0.0551441169483479,0.5146901838322319,0.26490598533325665,0.0
P0227,thin_feature,1,SW1,0.0001,0.6296178753891029,0.3523219549954969,0.27729592039360595,0.07689302746693705,0.0
P0228,thin_feature,1,SW1,0.0001,0.09000257204794951,0.4111122905071876,0.3211097184592381,0.10311145128897115,0.0
P0229,thin_feature,1,SW1,0.0001,0.35868107203011557,0.7600672046071238,0.4013861325770083,0.16111082742512767,0.0
P0230,thin_feature,1,SW1,0.0001,0.5413469443090098,0.9059551911095096,0.36460824680049986,0.1329391736349342,0.0
P0231,thin_feature,1,SW1,0.0001,4.140725746754079e-06,0.24935220877729616,0.2493480680515494,0.06217445904104012,4.140725746754078e-07
P0232,thin_feature,1,SW1,0.0001,0.023455173837412194,0.651375231630207,0.6279200577927948,0.3942835989785068,0.0023455173837411344
P0233,thin_feature,1,SW1,0.0001,0.2770575956799766,0.8569968914352788,0.5799392957553022,0.33632958676115593,0.027705386902680457
P0234,thin_feature,1,SW1,0.0001,0.040828453637065665,1.8664469113520537e-05,0.040809789167952144,0.0016654388919327041,0.0
P0235,thin_feature,1,SW1,0.0001,0.16271756201217386,0.0347085864128538,0.12800897559932006,0.016386297833987318,0.0
P0236,thin_feature,1,SW1,0.0001,0.26149103256764095,0.29823409618142144,0.03674306361378049,0.0013500527237263198,0.0
P0237,thin_feature,1,SW1,0.0001,0.18292486089452997,1.7241209390354996e-13,0.18292486089435755,0.033461504733220064,0.0
P0238,thin_feature,1,SW1,0.0001,0.258461533649233,0.00011499237699560167,0.25834654127223744,0.06674293538732788,0.0
P0239,thin_feature,1,SW1,0.0001,0.28638278928823335,0.03818043380053571,0.24820235548769765,0.06160440926964143,0.0
P0240,thin_feature,2,SW1,0.0001,0.18292486089453014,1.724120939035518e-13,0.18292486089435772,0.03346150473322012,0.0
P0241,thin_feature,2,SW1,0.0001,0.2584615336492331,0.00011499237699560208,0.2583465412722375,0.06674293538732791,0.0
P0242,thin_feature,2,SW1,0.0001,0.28638278928823335,0.03818043380053579,0.24820235548769756,0.06160440926964139,0.0
P0243,thin_feature,2,SW1,0.0001,0.04082845363706562,1.8664469113520635e-05,0.0408097891679521,0.0016654388919327009,0.0
P0244,thin_feature,2,SW1,0.0001,0.1627175620121738,0.03470858641285385,0.12800897559931995,0.01638629783398729,0.0
P0245,thin_feature,2,SW1,0.0001,0.26149103256764084,0.29823409618142166,0.036743063613780824,0.0013500527237263443,0.0
P0246,thin_feature,2,SW1,0.0001,4.140725746754079e-06,0.24935220877729639,0.24934806805154963,0.06217445904104023,4.140725746754078e-07
P0247,thin_feature,2,SW1,0.0001,0.023455173837412194,0.6513752316302073,0.627920057792795,0.39428359897850707,0.0023455173837411344
P0248,thin_feature,2,SW1,0.0001,0.2770575956799767,0.8569968914352789,0.5799392957553022,0.33632958676115593,0.027705386902680512
P0249,thin_feature,2,SW1,0.0001,0.09000257204794959,0.411112290507187,0.3211097184592374,0.10311145128897072,0.0
P0250,thin_feature,2,SW1,0.0001,0.35868107203011573,0.7600672046071234,0.40138613257700767,0.16111082742512717,0.0
P0251,thin_feature,2,SW1,0.0001,0.5413469443090098,0.9059551911095095,0.36460824680049975,0.13293917363493413,0.0
P0252,thin_feature,2,SW1,0.0001,0.4032960205348981,8.364834722972738e-05,0.40321237218766837,0.16258021708520679,0.0
P0253,thin_feature,2,SW1,0.0001,0.5698343007805797,0.055144116948347775,0.514690183832232,0.26490598533325677,0.0
P0254,thin_feature,2,SW1,0.0001,0.6296178753891029,0.35232195499549673,0.2772959203936061,0.07689302746693714,0.0
P0255,mixed_frequency,1,SW1,0.0001,0.5018590096732876,0.49935542472536626,0.0025035849479213,6.267937591458099e-06,0.0
P0256,mixed_frequency,1,SW1,0.0001,0.4323018804555454,0.45555610868671437,0.02325422823116896,0.0005407591306272955,0.0
P0257,mixed_frequency,1,SW1,0.0001,0.2776285463202074,0.155213372665013,0.12241517365519439,0.014985474741031398,0.0
P0258,mixed_frequency,1,SW1,0.0001,0.6865264186431835,0.7427118258953607,0.05618540725217713,0.003156799988092999,0.0
P0259,mixed_frequency,1,SW1,0.0001,0.701394002111758,0.5406964779017696,0.1606975242099884,0.025823694287219808,0.0
P0260,mixed_frequency,1,SW1,0.0001,0.4550834962792626,0.4170475535071272,0.0380359427721354,0.0014467329425651592,0.0
P0261,mixed_frequency,1,SW1,0.0001,0.5322893924871211,0.47535988945488694,0.05692950303223421,0.003240968315497164,0.0
P0262,mixed_frequency,1,SW1,0.0001,0.5893730086643241,0.6686000035176052,0.07922699485328111,0.006276916713481831,0.0
P0263,mixed_frequency,1,SW1,0.0001,0.36403844934907426,0.28032091330418796,0.0837175360448863,0.007008625841426836,0.0
P0264,mixed_frequency,1,SW1,0.0001,0.4931296417329323,0.4747727588702795,0.0183568828626528,0.0003369751484331561,0.0
P0265,mixed_frequency,1,SW1,0.0001,0.5284536743458357,0.4673856494865241,0.061068024859311565,0.0037293036602174955,0.0
P0266,mixed_frequency,1,SW1,0.0001,0.4808189777803584,0.4334862851454516,0.0473326926349068,0.002240383792070561,0.0
P0267,mixed_frequency,1,SW1,0.0001,0.6959917741220263,0.6773719504742064,0.01861982364781989,0.00034669783267591274,0.0
P0268,mixed_frequency,1,SW1,0.0001,0.5533644709788714,0.4548365472979632,0.09852792368090824,0.009707751744870877,0.0
P0269,mixed_frequency,1,SW1,0.0001,0.6865876734604914,0.6986226099788257,0.012034936518334316,0.0001448396970003369,0.0
P0270,mixed_frequency,1,SW1,0.0001,0.29622921860983176,0.23943781507349454,0.056791403536337215,0.003225263515627095,4.8517286635907375e-05
P0271,mixed_frequency,1,SW1,0.0001,0.48566304687577455,0.4664184217464979,0.01924462512927666,0.0003703555963663867,0.0
P0272,mixed_frequency,1,SW1,0.0001,0.4603227616093144,0.4844869960552387,0.024164234445924304,0.0005839102263575947,0.0
P0273,mixed_frequency,1,SW1,0.0001,0.6844848170252256,0.7668339405122937,0.08234912348706813,0.006781378139088396,0.0
P0274,mixed_frequency,1,SW1,0.0001,0.5636452418209886,0.6036770727120775,0.04003183089108886,0.0016025474844927363,0.0
P0275,mixed_frequency,1,SW1,0.0001,0.541574375783252,0.5801958680494812,0.03862149226622924,0.001491619664870405,0.0
P0276,mixed_frequency,1,SW1,0.0001,0.4754731067174885,0.43425126660147423,0.04122184011601426,0.001699240102550243,0.0
P0277,mixed_frequency,1,SW1,0.0001,0.6259070838823217,0.6813224182546447,0.05541533437232293,0.0030708592835963556,0.015518626495765409
P0278,mixed_frequency,1,SW1,0.0001,0.2723979249949482,0.29829739986517656,0.025899474870228367,0.0006707827985535907,0.0
P0279,mixed_frequency,1,SW1,0.0001,0.44918468359541297,0.45224178202853027,0.0030570984331173,9.345850829768252e-06,0.0
P0280,mixed_frequency,1,SW1,0.0001,0.5832862898553783,0.48763067251845843,0.09565561733691991,0.009149997128107252,0.0
P0281,mixed_frequency,1,SW1,0.0001,0.4961704862751656,0.5701012749830773,0.0739307887079117,0.005465761518973884,0.0
P0282,mixed_frequency,1,SW1,0.0001,0.5295020699198018,0.5623229858879404,0.03282091596813863,0.0010772125249876173,0.0
P0283,mixed_frequency,1,SW1,0.0001,0.587523142454646,0.7666319644998695,0.1791088220452235,0.03207997013442754,0.0
P0284,mixed_frequency,1,SW1,0.0001,0.49853303023920403,0.5391611189168729,0.04062808867766887,0.0016506415896005255,0.0
P0285,mixed_frequency,1,SW1,0.0001,0.6766640700522077,0.6887178293753018,0.012053759323094049,0.0001452931138190767,0.0
P0286,mixed_frequency,1,SW1,0.0001,0.3257793313823344,0.2988924441998043,0.026886887182530073,0.0007229047023660999,0.0
P0287,mixed_frequency,1,SW1,0.0001,0.42696665729127026,0.4271356910831181,0.00016903379184785017,2.8572422786462337e-08,0.0
P0288,mixed_frequency,1,SW1,0.0001,0.3750195065558847,0.2645103235299279,0.11050918302595675,0.012212279533064406,0.0
P0289,mixed_frequency,1,SW1,0.0001,0.5138070021349465,0.43919422396993496,0.0746127781650115,0.0055670666655012165,0.0
P0290,mixed_frequency,1,SW1,0.0001,0.33131288739062675,0.35253116173124965,0.0212182743406229,0.00045021516599393616,0.0
P0291,mixed_frequency,1,SW1,0.0001,0.34447824340008804,0.3719201334216269,0.02744189002153885,0.0007530573279542336,0.0
P0292,mixed_frequency,1,SW1,0.0001,0.5269492222035301,0.5405693019751132,0.013620079771583082,0.00018550657298428667,0.0
P0293,mixed_frequency,1,SW1,0.0001,0.5195749786953914,0.5848295787523584,0.06525460005696704,0.004258162828594723,0.0
P0294,mixed_frequency,1,SW1,0.0001,0.5289831699964435,0.5409906345655865,0.012007464569143034,0.0001441792053792253,0.0
P0295,mixed_frequency,1,SW1,0.0001,0.606471859212445,0.6740210161891979,0.0675491569767529,0.004562888608270005,0.018433136844892672
P0296,mixed_frequency,1,SW1,0.0001,0.4738350150370938,0.43882666894757716,0.03500834608951664,0.001225584295923375,0.0
P0297,mixed_frequency,1,SW1,0.0001,0.41754304546315246,0.4085314772238543,0.009011568239298162,8.120836213152737e-05,0.0
P0298,mixed_frequency,1,SW1,0.0001,0.5687026431423923,0.5515396754151357,0.01716296772725656,0.00029456746120685024,0.0
P0299,mixed_frequency,1,SW1,0.0001,0.4612893515793,0.45758380838567025,0.0037055431936297567,1.3731050359855816e-05,0.0
P0300,mixed_frequency,1,SW1,0.0001,0.5985969974215714,0.6005499470896327,0.0019529496680613656,3.8140124059809982e-06,0.0
P0301,mixed_frequency,1,SW1,0.0001,0.2600807805288883,0.2456362579031397,0.01444452262574858,0.00020864423388576264,0.01912368500819972
P0302,mixed_frequency,1,SW1,0.0001,0.34859544327974035,0.3270528513166872,0.021542591963053137,0.0004640832684866016,0.0
P0303,mixed_frequency,1,SW1,0.0001,0.46899673057768254,0.4633290863928645,0.0056676441848180215,3.212219060570153e-05,0.0
P0304,mixed_frequency,1,SW1,0.0001,0.4821131062106721,0.4944074046768252,0.012294298466153097,0.0001511497747748544,0.0
P0305,mixed_frequency,1,SW1,0.0001,0.5482337374122033,0.535141282,0.013092455412203274,0.0001714123887205308,0.0
P0306,mixed_frequency,1,SW1,0.0001,0.5548814271142734,0.4813603793968585,0.07352104771741486,0.005405344457466392,0.0
P0307,mixed_frequency,1,SW1,0.0001,0.44666414036697716,0.44916240885229025,0.002498268485313093,6.241345424708577e-06,0.0
P0308,mixed_frequency,1,SW1,0.0001,0.40791198337751483,0.3619738362318022,0.04593814714571265,0.002110313363181147,0.0
P0309,mixed_frequency,1,SW1,0.0001,0.5279557600215306,0.5383224304502269,0.010366670428696323,0.00010746785577720681,0.0
P0310,mixed_frequency,1,SW1,0.0001,0.31651000598460455,0.3926499743554235,0.07613996837081893,0.0057972947835093075,0.0
P0311,mixed_frequency,1,SW1,0.0001,0.42406240868024647,0.42040974436429945,0.0036526643159470185,1.33419566049927e-05,0.0
P0312,mixed_frequency,1,SW1,0.0001,0.5878611614727607,0.6101470394713223,0.022285877998561632,0.0004966603581667734,0.0
P0313,mixed_frequency,1,SW1,0.0001,0.5423975753101855,0.5479313452317733,0.005533769921587828,3.062260954507015e-05,0.0
P0314,mixed_frequency,1,SW1,0.0001,0.8459631848692801,0.8500388285880128,0.004075643718732702,1.661087172204533e-05,0.009840317915577601
P0315,mixed_frequency,1,SW1,0.0001,0.42246171082887196,0.41205449093146773,0.01040721989740423,0.0001083102259929265,0.004363757965862081
P0316,mixed_frequency,1,SW1,0.0001,0.5910750977677557,0.6085826163686509,0.017507518600895167,0.00030651320756069027,0.0
P0317,mixed_frequency,1,SW1,0.0001,0.4358841042869243,0.429892434580156,0.005991669706768288,3.590010587500478e-05,0.0
P0318,mixed_frequency,1,SW1,0.0001,0.435000002690259,0.39204653808406975,0.04295346460618926,0.0018450001216751537,0.0
P0319,mixed_frequency,2,SW1,0.0001,0.7015279780540659,0.8140327948345307,0.11250481678046487,0.012657333798805969,0.0
P0320,mixed_frequency,2,SW1,0.0001,0.5535967863779475,0.5548865092370293,0.0012897228590817988,1.6633850532381295e-06,0.0
P0321,mixed_frequency,2,SW1,0.0001,0.3143739883592547,0.3967439560775554,0.08236996771830074,0.006784811581913906,0.0
P0322,mixed_frequency,2,SW1,0.0001,0.6316144443628144,0.6303496925970249,0.0012647517657895513,1.599597029067788e-06,0.0
P0323,mixed_frequency,2,SW1,0.0001,0.2632878144839386,0.276272829973252,0.012985015489313356,0.00016861062725770777,0.0
P0324,mixed_frequency,2,SW1,0.0001,0.4728197690284821,0.3680034887100495,0.1048162803184326,0.01098645261979224,0.0
P0325,mixed_frequency,2,SW1,0.0001,0.7152451354475293,0.6634508837330682,0.05179425171446117,0.0026826445106609637,0.0
P0326,mixed_frequency,2,SW1,0.0001,0.6314055712365552,0.6508270799207778,0.019421508684222655,0.000377194999571336,0.0
P0327,mixed_frequency,2,SW1,0.0001,0.5146882682185564,0.5333568294057774,0.018668561187221044,0.000348515176801016,0.0
P0328,mixed_frequency,2,SW1,0.0001,0.6142696786075312,0.6678860836431736,0.053616405035642356,0.002874718888946055,0.0
P0329,mixed_frequency,2,SW1,0.0001,0.4729585401865457,0.48087471401390125,0.007916173827355544,6.266580806490891e-05,0.0
P0330,mixed_frequency,2,SW1,0.0001,0.3726634360422936,0.3476791051625945,0.024984330879699146,0.0006242167895062883,0.0
P0331,mixed_frequency,2,SW1,0.0001,0.3092536033174129,0.20720898854505576,0.10204461477235716,0.010413103404038773,0.0
P0332,mixed_frequency,2,SW1,0.0001,0.5854731727917523,0.6153000035934494,0.029826830801697124,0.0008896398356730683,0.0
P0333,mixed_frequency,2,SW1,0.0001,0.13772556650503992,0.0649946518336959,0.07273091467134402,0.005289785948930324,0.0
P0334,mixed_frequency,2,SW1,0.0001,0.4707104754950217,0.5226072573180978,0.051896781823076055,0.0026932759635919573,0.0
P0335,mixed_frequency,2,SW1,0.0001,0.4831058052199506,0.3957690317599277,0.08733677346002289,0.007627711998407358,0.0
P0336,mixed_frequency,2,SW1,0.0001,0.6168921651802161,0.7552761193165396,0.13838395413632354,0.019150118762404095,0.0
P0337,mixed_frequency,2,SW1,0.0001,0.39326117393773535,0.48475446913807674,0.09149329520034138,0.008371023066616811,0.0
P0338,mixed_frequency,2,SW1,0.0001,0.6601205236370079,0.6651371781040039,0.005016654466995951,2.516682204123043e-05,0.0
P0339,mixed_frequency,2,SW1,0.0001,0.6816862714319238,0.7408408381328755,0.05915456670095165,0.0034992627615773376,0.015075716319084775
P0340,mixed_frequency,2,SW1,0.0001,0.5069218725090046,0.5689577717014875,0.06203589919248298,0.0038484527886199103,0.0
P0341,mixed_frequency,2,SW1,0.0001,0.41004411101625765,0.2574974214481519,0.15254668956810574,0.023270492498188022,0.0
P0342,mixed_frequency,2,SW1,0.0001,0.5283102386792434,0.5173737037104447,0.010936534968798761,0.00011960779712375812,0.0
P0343,mixed_frequency,2,SW1,0.0001,0.4008830254167749,0.48324739685668694,0.08236437143991204,0.0067838896826917985,0.0
P0344,mixed_frequency,2,SW1,0.0001,0.34961229064022165,0.270052112801759,0.07956017783846264,0.006329821897687802,0.0
P0345,mixed_frequency,2,SW1,0.0001,0.5051466819460875,0.49531618841216574,0.009830493533921736,9.663860312047706e-05,0.0
P0346,mixed_frequency,2,SW1,0.0001,0.21574420249133325,0.16971157929838276,0.046032623192950484,0.0021190023980241627,0.04040275856676967
P0347,mixed_frequency,2,SW1,0.0001,0.6463847834512448,0.6635927865275683,0.01720800307632342,0.00029611536987475626,0.0
P0348,mixed_frequency,2,SW1,0.0001,0.4314649384084827,0.3179991471566734,0.11346579125180933,0.012874485784399172,0.0
P0349,mixed_frequency,2,SW1,0.0001,0.6059131932764616,0.6303959865910851,0.02448279331462344,0.0005994071684865702,0.0
P0350,mixed_frequency,2,SW1,0.0001,0.4291522679446188,0.35492709939749145,0.07422516854712735,0.005509375645849464,0.0
P0351,mixed_frequency,2,SW1,0.0001,0.42040337254582655,0.3906606716516097,0.029742700894216823,0.0008846282564828462,0.0
P0352,mixed_frequency,2,SW1,0.0001,0.429159321791216,0.4275323977379478,0.0016269240532681972,2.6468818751026198e-06,0.0
P0353,mixed_frequency,2,SW1,0.0001,0.5128744714771931,0.6041255480496204,0.09125107657242726,0.008326758975626982,0.0
P0354,mixed_frequency,2,SW1,0.0001,0.4602215890348246,0.4412332367188725,0.018988352315952084,0.00036055752367472285,0.0
P0355,mixed_frequency,2,SW1,0.0001,0.5212055244533015,0.609299498114648,0.08809397366134653,0.007760548195446015,0.0
P0356,mixed_frequency,2,SW1,0.0001,0.717360417094526,0.7689757838647319,0.05161536677020584,0.0026641460868228693,0.0
P0357,mixed_frequency,2,SW1,0.0001,0.4900088772817802,0.5332989647948638,0.04329008751308361,0.0018740316768904373,0.0
P0358,mixed_frequency,2,SW1,0.0001,0.4424183041190086,0.41575437560416867,0.026663928514839952,0.0007109650838444951,0.0
P0359,mixed_frequency,2,SW1,0.0001,0.1290409205982275,0.04017781537158405,0.08886310522664345,0.007896651470521506,0.0
P0360,mixed_frequency,2,SW1,0.0001,0.564507262749535,0.5542356586168614,0.010271604132673584,0.00010550585145835705,0.0
P0361,mixed_frequency,2,SW1,0.0001,0.4408825445171388,0.6474451945759677,0.2065626500588289,0.04266812839932621,0.0
P0362,mixed_frequency,2,SW1,0.0001,0.5630408891163943,0.5504878096411179,0.012553079475276396,0.00015757980431260554,0.0
P0363,mixed_frequency,2,SW1,0.0001,0.32616895973200766,0.2947314072873603,0.031437552444647354,0.0009883197037099528,0.0
P0364,mixed_frequency,2,SW1,0.0001,0.703597340821698,0.718965854204543,0.01536851338284495,0.00023619120359868434,0.0
P0365,mixed_frequency,2,SW1,0.0001,0.24501320556630612,0.2420960937654339,0.0029171118008722297,8.509541258788023e-06,0.0
P0366,mixed_frequency,2,SW1,0.0001,0.36576962765181087,0.3304965060026291,0.03527312164918178,0.0012441931108779765,0.0
P0367,mixed_frequency,2,SW1,0.0001,0.5316906177108618,0.3705258094086487,0.16116480830221308,0.02597409543508909,0.0
P0368,mixed_frequency,2,SW1,0.0001,0.6415569109722645,0.6512758947908197,0.009718983818555182,9.445864646533747e-05,0.0
P0369,mixed_frequency,2,SW1,0.0001,0.6752175297757258,0.6719703535433057,0.0032471762324201014,1.0544153484394005e-05,0.0
P0370,mixed_frequency,2,SW1,0.0001,0.4440026560542676,0.46107812920209956,0.017075473147831977,0.00029157178322233087,0.0
P0371,mixed_frequency,2,SW1,0.0001,0.706838713309827,0.791170460656414,0.0843317473465871,0.007111843610528601,0.0
P0372,mixed_frequency,2,SW1,0.0001,0.561946504388801,0.533951223416073,0.027995280972727965,0.0007837357567419844,0.0
P0373,mixed_frequency,2,SW1,0.0001,0.3505477163261734,0.31761767180206096,0.03293004452411241,0.0010843878323600258,0.0
P0374,mixed_frequency,2,SW1,0.0001,0.6012122045593628,0.6098001802240762,0.008587975664713476,7.375332601771087e-05,0.0
P0375,mixed_frequency,2,SW1,0.0001,0.6964488909851314,0.7417467047610486,0.04529781377591724,0.0020518919328776776,0.0
P0376,mixed_frequency,2,SW1,0.0001,0.42337167013287075,0.3436031187899571,0.07976855134291366,0.006363021783347053,0.0
P0377,mixed_frequency,2,SW1,0.0001,0.4980364821435571,0.5015638929582081,0.003527410814651022,1.2442627055316987e-05,0.0
P0378,mixed_frequency,2,SW1,0.0001,0.7385001855967914,0.7714303015145285,0.03293011591773709,0.0010843925343556016,0.0
P0379,mixed_frequency,2,SW1,0.0001,0.32164909785999823,0.33214085095807067,0.010491753098072432,0.00011007688307091246,0.0
P0380,mixed_frequency,2,SW1,0.0001,0.5619544813258179,0.5278122067042186,0.034142274621599356,0.0011656949163367074,0.0
P0381,mixed_frequency,2,SW1,0.0001,0.5027120110832112,0.3212502519429321,0.18146175914027907,0.032928370030284655,0.0
P0382,mixed_frequency,2,SW1,0.0001,0.38660639607786895,0.2252611572341287,0.16134523884374025,0.026032286097543586,0.0
P0001,smooth_polynomial,1,SW1,0.001,-0.2722222222222222,-0.2722222222222222,0.0,0.0,0.0
P0002,smooth_polynomial,1,SW1,0.001,0.027777777777777846,0.02777777777777779,5.551115123125783e-17,3.0814879110195774e-33,0.0
P0003,smooth_polynomial,1,SW1,0.001,0.47777777777777786,0.4777777777777778,5.551115123125783e-17,3.0814879110195774e-33,0.0
P0004,smooth_polynomial,1,SW1,0.001,-0.08888888888888889,-0.08888888888888888,1.3877787807814457e-17,1.925929944387236e-34,0.0
P0005,smooth_polynomial,1,SW1,0.001,0.21111111111111108,0.2111111111111111,2.7755575615628914e-17,7.703719777548943e-34,0.0
P0006,smooth_polynomial,1,SW1,0.001,0.6611111111111111,0.6611111111111111,0.0,0.0,0.0
P0007,smooth_polynomial,1,SW1,0.001,0.09444444444444446,0.09444444444444444,1.3877787807814457e-17,1.925929944387236e-34,0.04444444444444441
P0008,smooth_polynomial,1,SW1,0.001,0.3944444444444444,0.39444444444444443,5.551115123125783e-17,3.0814879110195774e-33,0.04444444444444434
P0009,smooth_polynomial,1,SW1,0.001,0.8444444444444443,0.8444444444444444,1.1102230246251565e-16,1.232595164407831e-32,0.04444444444444429
P0010,smooth_polynomial,1,SW1,0.001,0.26111111111111107,0.2611111111111111,5.551115123125783e-17,3.0814879110195774e-33,0.0
P0011,smooth_polynomial,1,SW1,0.001,0.561111111111111,0.5611111111111111,1.1102230246251565e-16,1.232595164407831e-32,0.0
P0012,smooth_polynomial,1,SW1,0.001,1.011111111111111,1.011111111111111,0.0,0.0,0.0
P0013,smooth_polynomial,1,SW1,0.001,-0.23333333333333328,-0.2333333333333333,2.7755575615628914e-17,7.703719777548943e-34,0.0
P0014,smooth_polynomial,1,SW1,0.001,0.06666666666666667,0.06666666666666668,1.3877787807814457e-17,1.925929944387236e-34,0.0
P0015,smooth_polynomial,1,SW1,0.001,0.5166666666666667,0.5166666666666667,0.0,0.0,0.0
P0016,smooth_polynomial,1,SW1,0.001,-0.04999999999999999,-0.049999999999999996,6.938893903907228e-18,4.81482486096809e-35,0.0
P0017,smooth_polynomial,1,SW1,0.001,0.25,0.25,0.0,0.0,0.0
P0018,smooth_polynomial,1,SW1,0.001,0.7,0.7,0.0,0.0,0.0
P0019,smooth_polynomial,1,SW1,0.001,0.13333333333333336,0.13333333333333333,2.7755575615628914e-17,7.703719777548943e-34,0.0
P0020,smooth_polynomial,1,SW1,0.001,0.4333333333333333,0.43333333333333335,5.551115123125783e-17,3.0814879110195774e-33,0.0
P0021,smooth_polynomial,1,SW1,0.001,0.8833333333333333,0.8833333333333333,0.0,0.0,0.0
P0022,smooth_polynomial,1,SW1,0.001,0.3,0.3,0.0,0.0,0.0
P0023,smooth_polynomial,1,SW1,0.001,0.6,0.6,0.0,0.0,0.0
P0024,smooth_polynomial,1,SW1,0.001,1.0499999999999998,1.05,2.220446049250313e-16,4.930380657631324e-32,0.0
P0025,smooth_polynomial,1,SW1,0.001,-0.20555555555555555,-0.20555555555555555,0.0,0.0,0.0
P0026,smooth_polynomial,1,SW1,0.001,0.09444444444444444,0.09444444444444444,0.0,0.0,0.0
P0027,smooth_polynomial,1,SW1,0.001,0.5444444444444445,0.5444444444444445,0.0,0.0,0.0
P0028,smooth_polynomial,1,SW1,0.001,-0.02222222222222222,-0.02222222222222222,0.0,0.0,0.02222222222222222
P0029,smooth_polynomial,1,SW1,0.001,0.2777777777777778,0.2777777777777778,0.0,0.0,0.0222222222222222
P0030,smooth_polynomial,1,SW1,0.001,0.7277777777777777,0.7277777777777777,0.0,0.0,0.022222222222222254
P0031,smooth_polynomial,1,SW1,0.001,0.1611111111111111,0.1611111111111111,0.0,0.0,0.0
P0032,smooth_polynomial,1,SW1,0.001,0.46111111111111114,0.4611111111111111,5.551115123125783e-17,3.0814879110195774e-33,0.0
P0033,smooth_polynomial,1,SW1,0.001,0.911111111111111,0.9111111111111111,1.1102230246251565e-16,1.232595164407831e-32,0.0
P0034,smooth_polynomial,1,SW1,0.001,0.3277777777777777,0.3277777777777778,5.551115123125783e-17,3.0814879110195774e-33,0.0
P0035,smooth_polynomial,1,SW1,0.001,0.6277777777777778,0.6277777777777778,0.0,0.0,0.0
P0036,smooth_polynomial,1,SW1,0.001,1.0777777777777777,1.0777777777777777,0.0,0.0,0.0
P0037,smooth_polynomial,2,SW1,0.001,-0.622222222222222,-0.6222222222222221,1.1102230246251565e-16,1.232595164407831e-32,0.0
P0038,smooth_polynomial,2,SW1,0.001,-0.3222222222222221,-0.32222222222222213,5.551115123125783e-17,3.0814879110195774e-33,0.0
P0039,smooth_polynomial,2,SW1,0.001,0.12777777777777788,0.12777777777777788,0.0,0.0,0.0
P0040,smooth_polynomial,2,SW1,0.001,-0.25555555555555554,-0.25555555555555554,0.0,0.0,0.0
P0041,smooth_polynomial,2,SW1,0.001,0.04444444444444443,0.04444444444444445,2.0816681711721685e-17,4.333342374871281e-34,0.0
P0042,smooth_polynomial,2,SW1,0.001,0.49444444444444446,0.49444444444444446,0.0,0.0,0.0
P0043,smooth_polynomial,2,SW1,0.001,0.11111111111111113,0.11111111111111113,0.0,0.0,0.06111111111111109
P0044,smooth_polynomial,2,SW1,0.001,0.4111111111111111,0.4111111111111111,0.0,0.0,0.06111111111111106
P0045,smooth_polynomial,2,SW1,0.001,0.861111111111111,0.8611111111111112,1.1102230246251565e-16,1.232595164407831e-32,0.061111111111111005
P0046,smooth_polynomial,2,SW1,0.001,0.4444444444444444,0.4444444444444444,0.0,0.0,0.0
P0047,smooth_polynomial,2,SW1,0.001,0.7444444444444445,0.7444444444444445,0.0,0.0,0.0
P0048,smooth_polynomial,2,SW1,0.001,1.1944444444444444,1.1944444444444444,0.0,0.0,0.0
P0049,smooth_polynomial,2,SW1,0.001,-0.4666666666666666,-0.4666666666666666,0.0,0.0,0.0
P0050,smooth_polynomial,2,SW1,0.001,-0.16666666666666663,-0.16666666666666663,0.0,0.0,0.0
P0051,smooth_polynomial,2,SW1,0.001,0.2833333333333333,0.2833333333333334,5.551115123125783e-17,3.0814879110195774e-33,0.0
P0052,smooth_polynomial,2,SW1,0.001,-0.09999999999999998,-0.09999999999999999,1.3877787807814457e-17,1.925929944387236e-34,0.0
P0053,smooth_polynomial,2,SW1,0.001,0.19999999999999996,0.2,5.551115123125783e-17,3.0814879110195774e-33,0.0
P0054,smooth_polynomial,2,SW1,0.001,0.6499999999999999,0.65,1.1102230246251565e-16,1.232595164407831e-32,0.0
P0055,smooth_polynomial,2,SW1,0.001,0.2666666666666667,0.26666666666666666,5.551115123125783e-17,3.0814879110195774e-33,0.0
P0056,smooth_polynomial,2,SW1,0.001,0.5666666666666665,0.5666666666666667,1.1102230246251565e-16,1.232595164407831e-32,0.0
P0057,smooth_polynomial,2,SW1,0.001,1.0166666666666664,1.0166666666666666,2.220446049250313e-16,4.930380657631324e-32,0.0
P0058,smooth_polynomial,2,SW1,0.001,0.6,0.6,0.0,0.0,0.0
P0059,smooth_polynomial,2,SW1,0.001,0.8999999999999999,0.8999999999999999,0.0,0.0,0.0
P0060,smooth_polynomial,2,SW1,0.001,1.3499999999999999,1.35,2.220446049250313e-16,4.930380657631324e-32,0.0
P0061,smooth_polynomial,2,SW1,0.001,-0.3555555555555555,-0.3555555555555555,0.0,0.0,0.0
P0062,smooth_polynomial,2,SW1,0.001,-0.055555555555555525,-0.055555555555555525,0.0,0.0,0.0
P0063,smooth_polynomial,2,SW1,0.001,0.3944444444444444,0.3944444444444445,1.1102230246251565e-16,1.232595164407831e-32,0.0
P0064,smooth_polynomial,2,SW1,0.001,0.011111111111111115,0.011111111111111113,1.734723475976807e-18,3.009265538105056e-36,0.0
P0065,smooth_polynomial,2,SW1,0.001,0.3111111111111111,0.3111111111111111,0.0,0.0,0.0
P0066,smooth_polynomial,2,SW1,0.001,0.7611111111111112,0.7611111111111111,1.1102230246251565e-16,1.232595164407831e-32,0.0
P0067,smooth_polynomial,2,SW1,0.001,0.37777777777777777,0.37777777777777777,0.0,0.0,0.0
P0068,smooth_polynomial,2,SW1,0.001,0.6777777777777777,0.6777777777777778,1.1102230246251565e-16,1.232595164407831e-32,0.0
P0069,smooth_polynomial,2,SW1,0.001,1.1277777777777778,1.1277777777777778,0.0,0.0,0.0
P0070,smooth_polynomial,2,SW1,0.001,0.711111111111111,0.711111111111111,0.0,0.0,0.0
P0071,smooth_polynomial,2,SW1,0.001,1.011111111111111,1.011111111111111,0.0,0.0,0.0
P0072,smooth_polynomial,2,SW1,0.001,1.4611111111111108,1.461111111111111,2.220446049250313e-16,4.930380657631324e-32,0.0
P0073,sinusoid,1,SW1,0.001,0.5748192893876061,0.5750459360222461,0.00022664663464000423,5.1368696993639564e-08,0.0
P0074,sinusoid,1,SW1,0.001,0.7298940534509184,0.730415500617587,0.000521447166668576,2.719071476266857e-07,0.0
P0075,sinusoid,1,SW1,0.001,0.8956902709951801,0.8963605256140483,0.0006702546188682712,4.4924125411425147e-07,0.0
P0076,sinusoid,1,SW1,0.001,0.9255078622932077,0.9261899555312407,0.0006820932380330325,4.652511853703871e-07,0.0
P0077,sinusoid,1,SW1,0.001,0.6318942710341997,0.6390576474687264,0.0071633764345266915,5.131396194273233e-05,0.0
P0078,sinusoid,1,SW1,0.001,0.774922917265932,0.7844097681841611,0.009486850918229095,9.000034034470422e-05,0.0
P0079,sinusoid,1,SW1,0.001,0.9159948645068121,0.9232342443900284,0.007239379883216324,5.240862109351719e-05,0.0
P0080,sinusoid,1,SW1,0.001,0.8904616445129284,0.9005180993532904,0.010056454840361995,0.00010113228395624019,0.0
P0081,sinusoid,1,SW1,0.001,0.6610850266363913,0.7000858306332174,0.03900080399682604,0.0015210627123988418,0.0
P0082,sinusoid,1,SW1,0.001,0.7936149199540626,0.8323019291604284,0.03868700920636581,0.0014966846813334327,0.0
P0083,sinusoid,1,SW1,0.001,0.9121541365064765,0.9410273310610535,0.028873194554577042,0.0008336613637864573,0.05687745364599883
P0084,sinusoid,1,SW1,0.001,0.8214730184150437,0.8662529935510221,0.04477997513597842,0.002005246173178846,0.0
P0085,sinusoid,1,SW1,0.001,0.6535018509895739,0.764503363531613,0.11100151254203905,0.012321335786620452,0.0
P0086,sinusoid,1,SW1,0.001,0.7810030646671167,0.8782525822748479,0.09724951760773126,0.009457468674936433,0.0
P0087,sinusoid,1,SW1,0.001,0.8449865415970234,0.9497626892323064,0.10477614763528309,0.010978041113290638,0.0
P0088,sinusoid,1,SW1,0.001,0.7299916621810858,0.8175214687028707,0.08752980652178488,0.007661467029741095,0.0
P0089,sinusoid,1,SW1,0.001,0.6091590383226655,0.8215127058347615,0.21235366751209606,0.04509408010583784,0.0
P0090,sinusoid,1,SW1,0.001,0.7281592127994752,0.913609165108942,0.18544995230946681,0.034391684811583514,0.05958215629597552
P0091,sinusoid,1,SW1,0.001,0.7102537570980326,0.9459011273494009,0.23564737025136828,0.05552968310638545,0.0
P0092,sinusoid,1,SW1,0.001,0.6822202302213133,0.7598968261006515,0.07767659587933817,0.006033653547402016,0.0
P0093,sinusoid,1,SW1,0.001,0.5395606788899898,0.8695171441101668,0.32995646522017696,0.10887126894059385,0.0
P0094,sinusoid,1,SW1,0.001,0.5858316789347932,0.9373814131120659,0.35154973417727275,0.12358721560011114,0.0
P0095,sinusoid,1,SW1,0.001,0.6497108971306251,0.9295507997512531,0.27983990262062797,0.07831037109872255,0.0
P0096,sinusoid,1,SW1,0.001,0.6690218822568953,0.6949930124620182,0.025971130205122872,0.0006744996041314456,0.0
P0097,sinusoid,2,SW1,0.001,0.6477438020466588,0.6479899910323624,0.00024618898570361036,6.060901668177247e-08,0.0
P0098,sinusoid,2,SW1,0.001,0.7911098928360434,0.7916505965928816,0.0005407037568382345,2.9236055265898056e-07,0.0
P0099,sinusoid,2,SW1,0.001,0.9256612339515053,0.9263431321527904,0.0006818982012850583,4.649851569157979e-07,0.0
P0100,sinusoid,2,SW1,0.001,0.8954635690108435,0.8961339865207938,0.0006704175099503384,4.4945963764801214e-07,0.0
P0101,sinusoid,2,SW1,0.001,0.7566899168855046,0.764503363531613,0.00781344664610839,6.104994849158245e-05,0.0
P0102,sinusoid,2,SW1,0.001,0.8680634334222388,0.8782525822748479,0.010189148852609131,0.00010381875434062598,0.0
P0103,sinusoid,2,SW1,0.001,0.9424154735865427,0.9497626892323064,0.007347215645763794,5.398157774535628e-05,0.010150245214936904
P0104,sinusoid,2,SW1,0.001,0.8080922897470334,0.8175214687028707,0.00942917895583728,8.890941578120463e-05,0.0
P0105,sinusoid,2,SW1,0.001,0.8142622495859112,0.8584384631108883,0.04417621352497714,0.001951537841404373,0.0
P0106,sinusoid,2,SW1,0.001,0.890452320065221,0.9325665474142472,0.042114227349026145,0.0017736081452054617,0.0
P0107,sinusoid,2,SW1,0.001,0.906002026185076,0.9347900511762953,0.028788024991219352,0.00082875038289507,0.050725343324598327
P0108,sinusoid,2,SW1,0.001,0.6722121615926552,0.7118049992277586,0.03959283763510346,0.001567592791999665,0.0
P0109,sinusoid,2,SW1,0.001,0.8014684151863983,0.9279754323328191,0.12650701714642076,0.016004025387284796,0.0
P0110,sinusoid,2,SW1,0.001,0.8468441474265636,0.9492985900688871,0.1024544426423235,0.010496912817149158,0.0
P0111,sinusoid,2,SW1,0.001,0.7736331456543493,0.8724546351889504,0.09882148953460113,0.00976568679383728,0.0
P0112,sinusoid,2,SW1,0.001,0.49653003366185644,0.5694513006537083,0.07292126699185186,0.005317511179696944,0.0
P0113,sinusoid,2,SW1,0.001,0.7151821770628124,0.9499013075636804,0.234719130500868,0.05509307022308351,0.0
P0114,sinusoid,2,SW1,0.001,0.730358689204273,0.9160473958699,0.18568870666562698,0.03448029578315326,0.061781632700773415
P0115,sinusoid,2,SW1,0.001,0.5608598010019136,0.7686846617394372,0.2078248607375236,0.04319117274057108,0.0
P0116,sinusoid,2,SW1,0.001,0.3756067821914177,0.4193713352114835,0.04376455302006582,0.0019153361010461525,0.0
P0117,sinusoid,2,SW1,0.001,0.5780446788419392,0.9217768952713512,0.343732216429412,0.11815183661147612,0.0
P0118,sinusoid,2,SW1,0.001,0.5080905556730205,0.836512069047858,0.3284215133748375,0.10786069044741856,0.0
P0119,sinusoid,2,SW1,0.001,0.4100518003375772,0.6350242559949993,0.22497245565742213,0.050612605804530766,0.0
P0120,sinusoid,2,SW1,0.001,0.32817994173366033,0.2782610877661441,0.04991885396751622,0.0024918919814302097,0.0
P0121,smooth_edge,1,SW1,0.001,0.7797539580383539,0.7968410695441766,0.01708711150582265,0.0002919693796124168,0.0
P0122,smooth_edge,1,SW1,0.001,0.9229763481321499,0.9682213690407698,0.045245020908619926,0.0020471119170214543,0.0
P0123,smooth_edge,1,SW1,0.001,0.9919809258065113,0.9997254218438986,0.0077444960373872496,5.997721887310681e-05,0.0
P0124,smooth_edge,1,SW1,0.001,1.000097142526981,0.9999999950965821,9.714743039879181e-05,9.4376232330881e-09,9.714252698089787e-05
P0125,smooth_edge,1,SW1,0.001,0.6808285475997765,0.7040516276171624,0.023223080017385933,0.0005393114454939099,0.0
P0126,smooth_edge,1,SW1,0.001,0.7786364628041424,0.8972159750827483,0.11857951227860586,0.014061100732232037,0.0
P0127,smooth_edge,1,SW1,0.001,0.8808141276084318,0.9945137011005495,0.11369957349211768,0.01292759301228947,0.0
P0128,smooth_edge,1,SW1,0.001,0.9691984753559433,0.9999946227781964,0.030796147422253117,0.0009484026960531473,0.0
P0129,smooth_edge,1,SW1,0.001,0.5708826064749468,0.5906532827008858,0.019770676225938977,0.0003908796384309087,0.0
P0130,smooth_edge,1,SW1,0.001,0.5413383411021283,0.7143624294910559,0.17302408838892758,0.029937335162819424,0.0
P0131,smooth_edge,1,SW1,0.001,0.4187306224290439,0.9002495108803148,0.4815188884512709,0.23186043993534747,0.0
P0132,smooth_edge,1,SW1,0.001,0.3310955676138272,0.9941376978036617,0.6630421301898345,0.4396248664066734,0.0
P0133,smooth_edge,1,SW1,0.001,0.46184225345903906,0.4667159617488687,0.004873708289829637,2.3753032494354122e-05,0.0
P0134,smooth_edge,1,SW1,0.001,0.3880505614728648,0.4174297935376853,0.02937923206482046,0.0008631392767185747,0.0
P0135,smooth_edge,1,SW1,0.001,0.3263366972546443,0.31002551887238744,0.016311178382256875,0.000266054540217804,0.0
P0136,smooth_edge,1,SW1,0.001,0.32099698745281213,0.1339278883240735,0.18706909912873862,0.034994847848837836,0.0
P0137,smooth_edge,1,SW1,0.001,0.35980211185517685,0.34675509928171655,0.013047012573460304,0.00017022453709203127,0.0
P0138,smooth_edge,1,SW1,0.001,0.2994161683029952,0.1703239186438458,0.12909224965914942,0.016664808922060164,0.0
P0139,smooth_edge,1,SW1,0.001,0.31663303963750195,0.02188127093613046,0.2947517687013715,0.0868786051525868,0.0
P0140,smooth_edge,1,SW1,0.001,0.3209702889040736,0.0001409919630903207,0.3208292969409833,0.10293143777564562,0.0
P0141,smooth_edge,1,SW1,0.001,0.2668161220809361,0.2435464707695958,0.02326965131134029,0.0005414766721513609,0.0
P0142,smooth_edge,1,SW1,0.001,0.20249753269857532,0.05554926015761178,0.14694827254096354,0.0215937948027733,0.0
P0143,smooth_edge,1,SW1,0.001,0.24644248815761735,0.0011125360328603216,0.24532995212475703,0.06018678540953558,0.0
P0144,smooth_edge,1,SW1,0.001,0.30293843486684824,1.2858614151064257e-07,0.3029383062807067,0.09177161741222328,0.0
P0145,smooth_edge,1,SW1,0.001,0.18453135431191392,0.16337423951337943,0.021157114798534493,0.0004476235065983672,0.0
P0146,smooth_edge,1,SW1,0.001,0.07257954832878737,0.016571944094738476,0.056007604234048894,0.0031368517320378517,0.0
P0147,smooth_edge,1,SW1,0.001,0.02793816812678719,5.5448524722794907e-05,0.027882719602064395,0.000777446052407346,0.0
P0148,smooth_edge,1,SW1,0.001,0.0031622757209863084,1.1725539852746633e-10,0.00316227560373091,9.99998699395169e-06,0.0
P0149,smooth_edge,2,SW1,0.001,0.8697324214610291,0.8842526814109779,0.014520259949948766,0.00021083794901408613,0.0
P0150,smooth_edge,2,SW1,0.001,0.9699632892615171,0.9938389829390936,0.02387569367757647,0.0005700487485854651,0.0
P0151,smooth_edge,2,SW1,0.001,0.9968376916718431,0.9999949695696981,0.0031572778978550264,9.968403724283854e-06,0.0
P0152,smooth_edge,2,SW1,0.001,1.0000695983195016,0.9999999999995663,6.959831993524901e-05,4.84392613780928e-09,6.95983195015959e-05
P0153,smooth_edge,2,SW1,0.001,0.8000749258858644,0.8224934972879262,0.022418571402061827,0.0005025923437093444,0.0
P0154,smooth_edge,2,SW1,0.001,0.9046992789273307,0.9788208895449324,0.0741216106176017,0.005494013160547364,0.0
P0155,smooth_edge,2,SW1,0.001,0.9552513032975571,0.9998989708060922,0.044647667508535105,0.0019934142139527013,0.0
P0156,smooth_edge,2,SW1,0.001,0.987932994891514,0.9999999995245059,0.012067004632991929,0.00014561260081264867,0.0
P0157,smooth_edge,2,SW1,0.001,0.7153538134348977,0.7375616214876249,0.022207808052727263,0.0004931867385067778,0.0
P0158,smooth_edge,2,SW1,0.001,0.7747690265997793,0.9297812081694472,0.1550121815696679,0.024028776434987686,0.0
P0159,smooth_edge,2,SW1,0.001,0.7240637166770723,0.9979746796109501,0.27391096293387784,0.0750272156153642,0.0
P0160,smooth_edge,2,SW1,0.001,0.6836469461617364,0.9999994785576881,0.31635253239595174,0.10007892475333169,0.0
P0161,smooth_edge,2,SW1,0.001,0.6204838797342596,0.6302602229177513,0.009776343183491742,9.557688604140546e-05,0.0
P0162,smooth_edge,2,SW1,0.001,0.6843403603273628,0.791391472673955,0.10705111234659226,0.011459940654642717,0.0
P0163,smooth_edge,2,SW1,0.001,0.6810615437347863,0.9608342772032357,0.27977273346844933,0.078272782392408,0.0
P0164,smooth_edge,2,SW1,0.001,0.679016595633912,0.9994284955764196,0.3204118999425075,0.10266378562476745,0.0
P0165,smooth_edge,2,SW1,0.001,0.5167896050330678,0.5083325618141193,0.008457043218948468,7.152158000716226e-05,0.0
P0166,smooth_edge,2,SW1,0.001,0.5887158642005639,0.5208212853727429,0.06789457882782102,0.004609673834207202,0.0
P0167,smooth_edge,2,SW1,0.001,0.6690328067816423,0.5498339973124777,0.11919880946916461,0.014208356178866207,0.0
P0168,smooth_edge,2,SW1,0.001,0.6789744391329726,0.6145944982675491,0.06437994086542354,0.004144776785835432,0.0
P0169,smooth_edge,2,SW1,0.001,0.40690584215782555,0.3854055017324505,0.021500340425375075,0.00046226463840701767,0.0
P0170,smooth_edge,2,SW1,0.001,0.41590571983422475,0.23745802834390245,0.1784476914903223,0.031843578598225245,0.0
P0171,smooth_edge,2,SW1,0.001,0.5183539089612127,0.05732417589886871,0.46102973306234396,0.21254841476753614,0.0
P0172,smooth_edge,2,SW1,0.001,0.6397096753581105,0.0014520391100099098,0.6382576362481006,0.4073728102290127,0.0
P0173,smooth_edge,2,SW1,0.001,0.29803217656896847,0.2755454045751979,0.022486771993770582,0.000505654914699825,0.0
P0174,smooth_edge,2,SW1,0.001,0.17805654698596657,0.0819105771553252,0.09614596983064137,0.009244047514674602,0.0
P0175,smooth_edge,2,SW1,0.001,0.07337643019203395,0.003018416324708427,0.07035801386732553,0.0049502501153547715,0.0
P0176,smooth_edge,2,SW1,0.001,0.00801909987444853,1.326011943142785e-06,0.008017773862505387,6.428469771027456e-05,0.0
P0177,hard_step,1,SW1,0.001,1.0001279394078963,1.0,0.00012793940789634917,1.636849209286841e-08,0.00012793940789634917
P0178,hard_step,1,SW1,0.001,1.0001279394078963,1.0,0.00012793940789634917,1.636849209286841e-08,0.00012793940789634917
P0179,hard_step,1,SW1,0.001,0.32098765432098764,1.0,0.6790123456790124,0.46105776558451456,0.0
P0180,hard_step,1,SW1,0.001,0.32098765432098764,1.0,0.6790123456790124,0.46105776558451456,0.0
P0181,hard_step,1,SW1,0.001,0.32098765432098764,0.0,0.32098765432098764,0.10303307422648986,0.0
P0182,hard_step,1,SW1,0.001,0.32098765432098764,0.0,0.32098765432098764,0.10303307422648986,0.0
P0183,hard_step,1,SW1,0.001,0.32098765432098764,0.0,0.32098765432098764,0.10303307422648986,0.0
P0184,hard_step,1,SW1,0.001,0.32098765432098764,0.0,0.32098765432098764,0.10303307422648986,0.0
P0185,hard_step,1,SW1,0.001,-8.191517683438694e-05,0.0,8.191517683438694e-05,6.710096195808883e-09,8.191517683438694e-05
P0186,hard_step,2,SW1,0.001,1.0000819151768343,1.0,8.191517683431293e-05,6.710096195796758e-09,8.191517683431293e-05
P0187,hard_step,2,SW1,0.001,1.0000819151768343,1.0,8.191517683431293e-05,6.710096195796758e-09,8.191517683431293e-05
P0188,hard_step,2,SW1,0.001,0.6790123456790123,1.0,0.32098765432098775,0.10303307422648993,0.0
P0189,hard_step,2,SW1,0.001,0.6790123456790123,1.0,0.32098765432098775,0.10303307422648993,0.0
P0190,hard_step,2,SW1,0.001,0.6790123456790123,1.0,0.32098765432098775,0.10303307422648993,0.0
P0191,hard_step,2,SW1,0.001,0.6790123456790123,1.0,0.32098765432098775,0.10303307422648993,0.0
P0192,hard_step,2,SW1,0.001,0.6790123456790123,0.0,0.6790123456790123,0.46105776558451445,0.0
P0193,hard_step,2,SW1,0.001,0.6790123456790123,0.0,0.6790123456790123,0.46105776558451445,0.0
P0194,hard_step,2,SW1,0.001,-0.00012793940789641083,0.0,0.00012793940789641083,1.636849209288419e-08,0.00012793940789641083
P0195,kink,1,SW1,0.001,0.42395249355382736,0.4533333333333333,0.02938083977950595,0.0008632337461489994,0.0
P0196,kink,1,SW1,0.001,-0.12431952872706625,-0.13333333333333333,0.009013804606267078,8.12486734799616e-05,0.0
P0197,kink,1,SW1,0.001,0.2688296143792829,0.29333333333333333,0.024503718954050457,0.0006004322425790916,0.0
P0198,kink,1,SW1,0.001,0.19275939429961722,0.15583333333333332,0.0369260609662839,0.0013635339784857153,0.0
P0199,kink,1,SW1,0.001,-0.11652994106801497,-0.04583333333333333,0.07069660773468164,0.004998010345191448,0.0
P0200,kink,1,SW1,0.001,0.16883388277901354,0.10083333333333333,0.06800054944568021,0.004624074724914399,0.0
P0201,kink,1,SW1,0.001,0.07910541079622298,-0.014000000000000004,0.09310541079622298,0.008668617519533434,0.0
P0202,kink,1,SW1,0.001,-0.19117413632119518,-0.07583333333333335,0.11534080298786183,0.013303500833884756,0.0
P0203,kink,1,SW1,0.001,0.18072758930203953,0.05250000000000001,0.1282275893020395,0.016442314658212515,0.021772410697960487
P0204,kink,1,SW1,0.001,-0.017465720731014243,-0.05,0.032534279268985764,0.0010584793275523567,0.0
P0205,kink,1,SW1,0.001,-0.30989069289892485,-0.27083333333333337,0.039057359565591476,0.0015254773362359,0.0
P0206,kink,1,SW1,0.001,0.2365029874587011,0.1875,0.0490029874587011,0.0024012927798776175,0.0
P0207,kink,1,SW1,0.001,-0.0938156426977645,-0.09200000000000001,0.0018156426977644913,3.2965584059455197e-06,0.0
P0208,kink,1,SW1,0.001,-0.47763377628430326,-0.49833333333333346,0.020699557049030204,0.000428471662026056,0.0
P0209,kink,1,SW1,0.001,0.3319110789516,0.3450000000000001,0.013088921048400093,0.00017131985421125099,0.0
P0210,kink,2,SW1,0.001,0.7142009422307435,0.7366666666666667,0.022465724435923207,0.000504708774430837,0.0
P0211,kink,2,SW1,0.001,-0.21065394289096018,-0.21666666666666667,0.006012723775706497,3.6152847202946186e-05,0.0
P0212,kink,2,SW1,0.001,0.45925650057812795,0.47666666666666674,0.017410166088538792,0.00030311388323050613,0.0
P0213,kink,2,SW1,0.001,0.44546561686505864,0.4391666666666666,0.00629895019839205,3.967677360182325e-05,0.0
P0214,kink,2,SW1,0.001,-0.1563501614798775,-0.12916666666666665,0.027183494813210834,0.0007389423902598604,0.0
P0215,kink,2,SW1,0.001,0.3069374025432243,0.2841666666666667,0.022770735876557646,0.0005185064123599495,0.0
P0216,kink,2,SW1,0.001,0.25383574859979235,0.18416666666666662,0.06966908193312574,0.004853780977404587,0.0
P0217,kink,2,SW1,0.001,-0.1405838269610483,-0.054166666666666655,0.08641716029438164,0.00746792559334485,0.0
P0218,kink,2,SW1,0.001,0.2152512839714685,0.11916666666666664,0.09608461730480186,0.00923225368261023,0.0
P0219,kink,2,SW1,0.001,0.08011041955544941,-0.010000000000000004,0.09011041955544942,0.00811988771245912,0.0
P0220,kink,2,SW1,0.001,-0.16394290738192382,-0.05416666666666669,0.10977624071525713,0.012050823025574076,0.0
P0221,kink,2,SW1,0.001,0.16678750281527802,0.03750000000000002,0.129287502815278,0.016715258384210518,0.0
P0222,kink,2,SW1,0.001,-0.0547977993896706,-0.05200000000000001,0.002797799389670591,7.827681424841133e-06,0.0
P0223,kink,2,SW1,0.001,-0.25302858173293663,-0.28166666666666673,0.0286380849337301,0.0008201399086715391,0.0
P0224,kink,2,SW1,0.001,0.1759510437143125,0.19500000000000006,0.019048956285687563,0.0003628627355740357,0.0
P0225,thin_feature,1,SW1,0.001,0.4033278864518127,8.364834722972767e-05,0.403244238104583,0.16260591556454562,0.0
P0226,thin_feature,1,SW1,0.001,0.569856863034414,0.0551441169483479,0.5147127460860661,0.2649292109834592,0.0
P0227,thin_feature,1,SW1,0.001,0.6296382457101865,0.3523219549954969,0.27731629071468955,0.0769043250957542,0.0
P0228,thin_feature,1,SW1,0.001,0.09014311030261463,0.4111122905071876,0.320969180204573,0.10302121464119565,0.0
P0229,thin_feature,1,SW1,0.001,0.35871690410941776,0.7600672046071238,0.4013503004977061,0.161082063709599,0.0
P0230,thin_feature,1,SW1,0.001,0.5413734048046073,0.9059551911095096,0.36458178630490234,0.1329198789052735,0.0
P0231,thin_feature,1,SW1,0.001,4.140725746754079e-06,0.24935220877729616,0.2493480680515494,0.06217445904104012,4.140725746754078e-07
P0232,thin_feature,1,SW1,0.001,0.023455173837412194,0.651375231630207,0.6279200577927948,0.3942835989785068,0.0023455173837411344
P0233,thin_feature,1,SW1,0.001,0.2770575956799766,0.8569968914352788,0.5799392957553022,0.33632958676115593,0.027705386902680457
P0234,thin_feature,1,SW1,0.001,0.040944284236118664,1.8664469113520537e-05,0.04092561976700514,0.001674906353313482,0.0
P0235,thin_feature,1,SW1,0.001,0.1627470505192885,0.0347085864128538,0.1280384641064347,0.01639384829073477,0.0
P0236,thin_feature,1,SW1,0.001,0.26151254717623756,0.29823409618142144,0.03672154900518387,0.0013484721613401208,0.0
P0237,thin_feature,1,SW1,0.001,0.18295108568023272,1.7241209390354996e-13,0.1829510856800603,0.033471099751512766,0.0
P0238,thin_feature,1,SW1,0.001,0.25848010105556335,0.00011499237699560167,0.25836510867856777,0.06675252938248813,0.0
P0239,thin_feature,1,SW1,0.001,0.28639957452790704,0.03818043380053571,0.24821914072737133,0.061612741823434576,0.0
P0240,thin_feature,2,SW1,0.001,0.18295108568023288,1.724120939035518e-13,0.18295108568006047,0.03347109975151283,0.0
P0241,thin_feature,2,SW1,0.001,0.2584801010555634,0.00011499237699560208,0.2583651086785678,0.06675252938248816,0.0
P0242,thin_feature,2,SW1,0.001,0.2863995745279071,0.03818043380053579,0.2482191407273713,0.06161274182343456,0.0
P0243,thin_feature,2,SW1,0.001,0.04094428423611862,1.8664469113520635e-05,0.0409256197670051,0.0016749063533134786,0.0
P0244,thin_feature,2,SW1,0.001,0.16274705051928845,0.03470858641285385,0.1280384641064346,0.01639384829073474,0.0
P0245,thin_feature,2,SW1,0.001,0.26151254717623756,0.29823409618142166,0.036721549005184095,0.001348472161340137,0.0
P0246,thin_feature,2,SW1,0.001,4.140725746754079e-06,0.24935220877729639,0.24934806805154963,0.06217445904104023,4.140725746754078e-07
P0247,thin_feature,2,SW1,0.001,0.023455173837412194,0.6513752316302073,0.627920057792795,0.39428359897850707,0.0023455173837411344
P0248,thin_feature,2,SW1,0.001,0.2770575956799767,0.8569968914352789,0.5799392957553022,0.33632958676115593,0.027705386902680512
P0249,thin_feature,2,SW1,0.001,0.09014311030261471,0.411112290507187,0.3209691802045723,0.10302121464119522,0.0
P0250,thin_feature,2,SW1,0.001,0.3587169041094179,0.7600672046071234,0.4013503004977055,0.1610820637095985,0.0
P0251,thin_feature,2,SW1,0.001,0.5413734048046074,0.9059551911095095,0.3645817863049021,0.13291987890527332,0.0
P0252,thin_feature,2,SW1,0.001,0.4033278864518123,8.364834722972738e-05,0.40324423810458254,0.16260591556454526,0.0
P0253,thin_feature,2,SW1,0.001,0.5698568630344139,0.055144116948347775,0.5147127460860661,0.2649292109834592,0.0
P0254,thin_feature,2,SW1,0.001,0.6296382457101865,0.35232195499549673,0.2773162907146897,0.0769043250957543,0.0
P0255,mixed_frequency,1,SW1,0.001,0.5017952109553792,0.49935542472536626,0.002439786230012897,5.952556848160545e-06,0.0
P0256,mixed_frequency,1,SW1,0.001,0.43173133832411076,0.45555610868671437,0.02382477036260361,0.0005676196828307953,0.0
P0257,mixed_frequency,1,SW1,0.001,0.2775785017568533,0.155213372665013,0.12236512909184027,0.014973224817662735,0.0
P0258,mixed_frequency,1,SW1,0.001,0.686643427401725,0.7427118258953607,0.05606839849363565,0.0031436653096411247,0.0
P0259,mixed_frequency,1,SW1,0.001,0.7013538796761118,0.5406964779017696,0.1606574017743423,0.025810800744882442,0.0
P0260,mixed_frequency,1,SW1,0.001,0.45507496677143694,0.4170475535071272,0.03802741326430975,0.0014460841595746012,0.0
P0261,mixed_frequency,1,SW1,0.001,0.5323602062986512,0.47535988945488694,0.057000316843764276,0.0032490361202895173,0.0
P0262,mixed_frequency,1,SW1,0.001,0.5895030288501824,0.6686000035176052,0.07909697466742283,0.006256331401538928,0.0
P0263,mixed_frequency,1,SW1,0.001,0.3640224293379728,0.28032091330418796,0.08370151603378484,0.007005943786353941,0.0
P0264,mixed_frequency,1,SW1,0.001,0.4931708271130531,0.4747727588702795,0.018398068242773624,0.00033848891506575534,0.0
P0265,mixed_frequency,1,SW1,0.001,0.528470265484209,0.4673856494865241,0.06108461599768483,0.0037313303115846137,0.0
P0266,mixed_frequency,1,SW1,0.001,0.4807808718984433,0.4334862851454516,0.047294586752991696,0.0022367779361362576,0.0
P0267,mixed_frequency,1,SW1,0.001,0.6959954171926468,0.6773719504742064,0.018623466718440396,0.00034683351261285706,0.0
P0268,mixed_frequency,1,SW1,0.001,0.5533446542785128,0.4548365472979632,0.09850810698054957,0.009703847140891399,0.0
P0269,mixed_frequency,1,SW1,0.001,0.6867578921854994,0.6986226099788257,0.011864717793326318,0.00014077152831527414,0.0
P0270,mixed_frequency,1,SW1,0.001,0.2962289168676722,0.23943781507349454,0.05679110179417768,0.003225229242996651,4.881902879544375e-05
P0271,mixed_frequency,1,SW1,0.001,0.4856904858050416,0.4664184217464979,0.019272064058543703,0.000371412453076612,0.0
P0272,mixed_frequency,1,SW1,0.001,0.46065835573150093,0.4844869960552387,0.02382864032373777,0.0005678040996780617,0.0
P0273,mixed_frequency,1,SW1,0.001,0.6845427005441016,0.7668339405122937,0.0822912399681921,0.0067718481755025765,0.0
P0274,mixed_frequency,1,SW1,0.001,0.5636687182600176,0.6036770727120775,0.04000835445205986,0.0016006684259616578,0.0
P0275,mixed_frequency,1,SW1,0.001,0.5416509245738552,0.5801958680494812,0.03854494347562598,0.0014857126675392018,0.0
P0276,mixed_frequency,1,SW1,0.001,0.47527925247761194,0.43425126660147423,0.04102798587613771,0.001683295625052555,0.0
P0277,mixed_frequency,1,SW1,0.001,0.6259555399177458,0.6813224182546447,0.055366878336898906,0.0030654912167729655,0.015567082531189436
P0278,mixed_frequency,1,SW1,0.001,0.27195608096156154,0.29829739986517656,0.02634131890361502,0.000693865081581946,0.0
P0279,mixed_frequency,1,SW1,0.001,0.44912824734131646,0.45224178202853027,0.0031135346872138148,9.694098248483628e-06,0.0
P0280,mixed_frequency,1,SW1,0.001,0.5832711222956232,0.48763067251845843,0.09564044977716474,0.009147095633578371,0.0
P0281,mixed_frequency,1,SW1,0.001,0.49622205022524013,0.5701012749830773,0.07387922475783715,0.0054581398508190175,0.0
P0282,mixed_frequency,1,SW1,0.001,0.5294932207928994,0.5623229858879404,0.032829765095040986,0.0010777934761955715,0.0
P0283,mixed_frequency,1,SW1,0.001,0.5875963721349403,0.7666319644998695,0.17903559236492916,0.03205374333346108,0.0
P0284,mixed_frequency,1,SW1,0.001,0.4985846783228367,0.5391611189168729,0.0405764405940362,0.0016464475312813489,0.0
P0285,mixed_frequency,1,SW1,0.001,0.6768515140731064,0.6887178293753018,0.011866315302195396,0.00014080943885111662,0.0
P0286,mixed_frequency,1,SW1,0.001,0.3252534166847418,0.2988924441998043,0.02636097248493746,0.0006949008703516299,0.0
P0287,mixed_frequency,1,SW1,0.001,0.42693545264729715,0.4271356910831181,0.00020023843582095413,4.0095431180022365e-08,0.0
P0288,mixed_frequency,1,SW1,0.001,0.37486910991993805,0.2645103235299279,0.11035878639001012,0.012179061733475884,0.0
P0289,mixed_frequency,1,SW1,0.001,0.5137422212115696,0.43919422396993496,0.07454799724163469,0.005557403892738773,0.0
P0290,mixed_frequency,1,SW1,0.001,0.3313115341250551,0.35253116173124965,0.021219627606194558,0.00045027259574557417,0.0
P0291,mixed_frequency,1,SW1,0.001,0.3442537330111937,0.3719201334216269,0.027666400410433167,0.0007654297116704165,0.0
P0292,mixed_frequency,1,SW1,0.001,0.5270141011702204,0.5405693019751132,0.013555200804892809,0.00018374346886096665,0.0
P0293,mixed_frequency,1,SW1,0.001,0.5197359669946826,0.5848295787523584,0.0650936117576758,0.00423717829165903,0.0
P0294,mixed_frequency,1,SW1,0.001,0.5293733802512027,0.5409906345655865,0.011617254314383763,0.00013496059780506814,0.0
P0295,mixed_frequency,1,SW1,0.001,0.6064845490449541,0.6740210161891979,0.06753646714424377,0.004561174394325519,0.0184458266774018
P0296,mixed_frequency,1,SW1,0.001,0.4737124605214377,0.43882666894757716,0.034885791573860514,0.0012170184537348373,0.0
P0297,mixed_frequency,1,SW1,0.001,0.41747729391292565,0.4085314772238543,0.00894581668907135,8.00276362344675e-05,0.0
P0298,mixed_frequency,1,SW1,0.001,0.5686782432384935,0.5515396754151357,0.017138567823357764,0.0002937305070358341,0.0
P0299,mixed_frequency,1,SW1,0.001,0.4612575068651576,0.45758380838567025,0.0036736984794873417,1.3496060518187606e-05,0.0
P0300,mixed_frequency,1,SW1,0.001,0.598600232262714,0.6005499470896327,0.001949714826918747,3.8013879063067997e-06,0.0
P0301,mixed_frequency,1,SW1,0.001,0.2600796628380253,0.2456362579031397,0.014443404934885606,0.0002086119461130779,0.019124802699062693
P0302,mixed_frequency,1,SW1,0.001,0.34849446829534847,0.3270528513166872,0.02144161697866126,0.0004597429386596148,0.0
P0303,mixed_frequency,1,SW1,0.001,0.4689527750460009,0.4633290863928645,0.005623688653136394,3.162587406741503e-05,0.0
P0304,mixed_frequency,1,SW1,0.001,0.48205472679755396,0.4944074046768252,0.012352677879271245,0.00015258865078903716,0.0
P0305,mixed_frequency,1,SW1,0.001,0.5482104939343077,0.535141282,0.013069211934307656,0.00017080430058384968,0.0
P0306,mixed_frequency,1,SW1,0.001,0.5549453962082707,0.4813603793968585,0.07358501681141216,0.005414754699135811,0.0
P0307,mixed_frequency,1,SW1,0.001,0.4466674369443258,0.44916240885229025,0.0024949719079644384,6.22488482153171e-06,0.0
P0308,mixed_frequency,1,SW1,0.001,0.4078468772803293,0.3619738362318022,0.04587304104852713,0.002104335895039855,0.0
P0309,mixed_frequency,1,SW1,0.001,0.5280782839295857,0.5383224304502269,0.010244146520641206,0.00010494253793636533,0.0
P0310,mixed_frequency,1,SW1,0.001,0.316509513560132,0.3926499743554235,0.07614046079529146,0.0057973697701193165,0.0
P0311,mixed_frequency,1,SW1,0.001,0.4239139053090981,0.42040974436429945,0.003504160944798662,1.2279143927052253e-05,0.0
P0312,mixed_frequency,1,SW1,0.001,0.5878658554359544,0.6101470394713223,0.02228118403536794,0.0004964511620179352,0.0
P0313,mixed_frequency,1,SW1,0.001,0.5423957914729663,0.5479313452317733,0.005535553758806988,3.064235541664217e-05,0.0
P0314,mixed_frequency,1,SW1,0.001,0.8459660333761501,0.8500388285880128,0.0040727952118627675,1.6587660837772286e-05,0.009843166422447536
P0315,mixed_frequency,1,SW1,0.001,0.4224551380118128,0.41205449093146773,0.010400647080345049,0.00010817345968988999,0.004370330782921261
P0316,mixed_frequency,1,SW1,0.001,0.5911895792090669,0.6085826163686509,0.017393037159583957,0.00030251774163466837,0.0
P0317,mixed_frequency,1,SW1,0.001,0.4357537220044032,0.429892434580156,0.005861287424247186,3.435469026963821e-05,0.0
P0318,mixed_frequency,1,SW1,0.001,0.4347286208290545,0.39204653808406975,0.04268208274498475,0.001821760187449725,0.0
P0319,mixed_frequency,2,SW1,0.001,0.7016330422630805,0.8140327948345307,0.11239975257145018,0.012633704378123223,0.0
P0320,mixed_frequency,2,SW1,0.001,0.5535958306863666,0.5548865092370293,0.0012906785506626717,1.6658511211406948e-06,0.0
P0321,mixed_frequency,2,SW1,0.001,0.314371695601251,0.3967439560775554,0.08237226047630442,0.0067851892959761425,0.0
P0322,mixed_frequency,2,SW1,0.001,0.6318088833833138,0.6303496925970249,0.0014591907862888664,2.1292377507903205e-06,0.0
P0323,mixed_frequency,2,SW1,0.001,0.2632877378953031,0.276272829973252,0.012985092077948901,0.0001686126162728113,0.0
P0324,mixed_frequency,2,SW1,0.001,0.4727495067435507,0.3680034887100495,0.1047460180335012,0.010971728293874558,0.0
P0325,mixed_frequency,2,SW1,0.001,0.7153239723344992,0.6634508837330682,0.05187308860143103,0.0026908173210519136,0.0
P0326,mixed_frequency,2,SW1,0.001,0.6314383315133871,0.6508270799207778,0.019388748407390688,0.00037592356480509496,0.0
P0327,mixed_frequency,2,SW1,0.001,0.5148900675337831,0.5333568294057774,0.018466761871994364,0.0003410212940369448,0.0
P0328,mixed_frequency,2,SW1,0.001,0.6142819329106555,0.6678860836431736,0.05360415073251812,0.0028734049757545227,0.0
P0329,mixed_frequency,2,SW1,0.001,0.4729285955103888,0.48087471401390125,0.007946118503512456,6.314079927186303e-05,0.0
P0330,mixed_frequency,2,SW1,0.001,0.3726308546025024,0.3476791051625945,0.02495174943990791,0.0006225898001119448,0.0
P0331,mixed_frequency,2,SW1,0.001,0.30924205632265783,0.20720898854505576,0.10203306777760207,0.010410746920108738,0.0
P0332,mixed_frequency,2,SW1,0.001,0.5856365775922528,0.6153000035934494,0.029663426001196536,0.0008799188421284627,0.0
P0333,mixed_frequency,2,SW1,0.001,0.13769769500635756,0.0649946518336959,0.07270304317266166,0.005285732486565905,0.0
P0334,mixed_frequency,2,SW1,0.001,0.47075416429451056,0.5226072573180978,0.051853093023587205,0.002688743256112788,0.0
P0335,mixed_frequency,2,SW1,0.001,0.48302188383596417,0.3957690317599277,0.08725285207603645,0.007613060195402698,0.0
P0336,mixed_frequency,2,SW1,0.001,0.6169508663960042,0.7552761193165396,0.13832525292053544,0.019133875595530096,0.0
P0337,mixed_frequency,2,SW1,0.001,0.39351808786678966,0.48475446913807674,0.09123638127128708,0.008324077267479664,0.0
P0338,mixed_frequency,2,SW1,0.001,0.6601256111780166,0.6651371781040039,0.005011566925987254,2.5115803053649335e-05,0.0
P0339,mixed_frequency,2,SW1,0.001,0.6818295741107848,0.7408408381328755,0.05901126402209067,0.003482329281484893,0.015219018997945755
P0340,mixed_frequency,2,SW1,0.001,0.507004176868071,0.5689577717014875,0.06195359483341656,0.003838247912783139,0.0
P0341,mixed_frequency,2,SW1,0.001,0.4099715232695019,0.2574974214481519,0.15247410182135002,0.023248351726227412,0.0
P0342,mixed_frequency,2,SW1,0.001,0.5284224162683252,0.5173737037104447,0.011048712557880536,0.00012207404918666704,0.0
P0343,mixed_frequency,2,SW1,0.001,0.40092203653124037,0.48324739685668694,0.08232536032544657,0.0067774649527146125,0.0
P0344,mixed_frequency,2,SW1,0.001,0.34945152520557893,0.270052112801759,0.07939941240381992,0.006304266690071873,0.0
P0345,mixed_frequency,2,SW1,0.001,0.5051600655584443,0.49531618841216574,0.009843877146278546,9.690191727102505e-05,0.0
P0346,mixed_frequency,2,SW1,0.001,0.21572672376171662,0.16971157929838276,0.04601514446333385,0.002117393519981484,0.0404202372963863
P0347,mixed_frequency,2,SW1,0.001,0.6464742982547523,0.6635927865275683,0.017118488272815924,0.0002930426407465363,0.0
P0348,mixed_frequency,2,SW1,0.001,0.43129832618011016,0.3179991471566734,0.11329917902343678,0.012836703967384776,0.0
P0349,mixed_frequency,2,SW1,0.001,0.6059279698796826,0.6303959865910851,0.02446801671140253,0.0005986838417894734,0.0
P0350,mixed_frequency,2,SW1,0.001,0.4290997469148708,0.35492709939749145,0.07417264751737934,0.0055015816397373995,0.0
P0351,mixed_frequency,2,SW1,0.001,0.4202156567617068,0.3906606716516097,0.029554985110097076,0.0008734971448580599,0.0
P0352,mixed_frequency,2,SW1,0.001,0.4291505697428,0.4275323977379478,0.001618172004852203,2.6184806372873982e-06,0.0
P0353,mixed_frequency,2,SW1,0.001,0.5131597810836078,0.6041255480496204,0.09096576696601255,0.008274770759714901,0.0
P0354,mixed_frequency,2,SW1,0.001,0.45993380071897527,0.4412332367188725,0.018700564000102782,0.00034971109392194016,0.0
P0355,mixed_frequency,2,SW1,0.001,0.5212361694630099,0.609299498114648,0.08806332865163813,0.007755149853206429,0.0
P0356,mixed_frequency,2,SW1,0.001,0.7174114975242226,0.7689757838647319,0.05156428634050925,0.0026588756258060283,0.0
P0357,mixed_frequency,2,SW1,0.001,0.4900480841276078,0.5332989647948638,0.04325088066725602,0.0018706386784932206,0.0
P0358,mixed_frequency,2,SW1,0.001,0.44238166475161855,0.41575437560416867,0.026627289147449884,0.0007090125273419024,0.0
P0359,mixed_frequency,2,SW1,0.001,0.1289279342835959,0.04017781537158405,0.08875011891201184,0.007876583606896243,0.0
P0360,mixed_frequency,2,SW1,0.001,0.564424492053453,0.5542356586168614,0.010188833436591604,0.00010381232679860708,0.0
P0361,mixed_frequency,2,SW1,0.001,0.4409979987867708,0.6474451945759677,0.2064471957891969,0.042620444649223,0.0
P0362,mixed_frequency,2,SW1,0.001,0.5629847346740903,0.5504878096411179,0.012496925032972395,0.0001561731352797321,0.0
P0363,mixed_frequency,2,SW1,0.001,0.32610614001994315,0.2947314072873603,0.031374732732582844,0.0009843738540410054,0.0
P0364,mixed_frequency,2,SW1,0.001,0.7036841684408037,0.718965854204543,0.015281685763739228,0.0002335299197816702,0.0
P0365,mixed_frequency,2,SW1,0.001,0.244990482623761,0.2420960937654339,0.0028943888583271016,8.377486863208062e-06,0.0
P0366,mixed_frequency,2,SW1,0.001,0.36571367481003714,0.3304965060026291,0.03521716880740805,0.0012402489788094744,0.0
P0367,mixed_frequency,2,SW1,0.001,0.5316431709386472,0.3705258094086487,0.1611173615299985,0.02595880418638824,0.0
P0368,mixed_frequency,2,SW1,0.001,0.6415615796703612,0.6512758947908197,0.009714315120458505,9.436791825956875e-05,0.0
P0369,mixed_frequency,2,SW1,0.001,0.6752292385988582,0.6719703535433057,0.003258885055552496,1.0620331805303397e-05,0.0
P0370,mixed_frequency,2,SW1,0.001,0.4439289642884474,0.46107812920209956,0.01714916491365215,0.0002940938572356379,0.0
P0371,mixed_frequency,2,SW1,0.001,0.7068750888829886,0.791170460656414,0.0842953717734255,0.007105709702420021,0.0
P0372,mixed_frequency,2,SW1,0.001,0.5620944696457573,0.533951223416073,0.028143246229684227,0.0007920423083446355,0.0
P0373,mixed_frequency,2,SW1,0.001,0.3505079193497412,0.31761767180206096,0.03289024754768022,0.0010817683837476845,0.0
P0374,mixed_frequency,2,SW1,0.001,0.6012122434889309,0.6098001802240762,0.008587936735145352,7.375265736685901e-05,0.0
P0375,mixed_frequency,2,SW1,0.001,0.6965513517784958,0.7417467047610486,0.04519535298255284,0.002042619931217548,0.0
P0376,mixed_frequency,2,SW1,0.001,0.42334539522626996,0.3436031187899571,0.07974227643631288,0.00635883065124534,0.0
P0377,mixed_frequency,2,SW1,0.001,0.4981626747783612,0.5015638929582081,0.0034012181798469543,1.156828510692143e-05,0.0
P0378,mixed_frequency,2,SW1,0.001,0.7385677666150424,0.7714303015145285,0.032862534899486096,0.0010799462000199416,0.0
P0379,mixed_frequency,2,SW1,0.001,0.32156964260911836,0.33214085095807067,0.01057120834895231,0.00011175044595695903,0.0
P0380,mixed_frequency,2,SW1,0.001,0.5619420913870368,0.5278122067042186,0.03412988468281819,0.0011648490284624678,0.0
P0381,mixed_frequency,2,SW1,0.001,0.5026839322502117,0.3212502519429321,0.18143368030727958,0.03291818034984413,0.0
P0382,mixed_frequency,2,SW1,0.001,0.38655043203318246,0.2252611572341287,0.16128927479905375,0.026014230165204676,0.0
P0001,smooth_polynomial,1,SW1,0.01,-0.2722222222222222,-0.2722222222222222,0.0,0.0,0.0
P0002,smooth_polynomial,1,SW1,0.01,0.027777777777777846,0.02777777777777779,5.551115123125783e-17,3.0814879110195774e-33,0.0
P0003,smooth_polynomial,1,SW1,0.01,0.47777777777777786,0.4777777777777778,5.551115123125783e-17,3.0814879110195774e-33,0.0
P0004,smooth_polynomial,1,SW1,0.01,-0.08888888888888889,-0.08888888888888888,1.3877787807814457e-17,1.925929944387236e-34,0.0
P0005,smooth_polynomial,1,SW1,0.01,0.21111111111111108,0.2111111111111111,2.7755575615628914e-17,7.703719777548943e-34,0.0
P0006,smooth_polynomial,1,SW1,0.01,0.6611111111111111,0.6611111111111111,0.0,0.0,0.0
P0007,smooth_polynomial,1,SW1,0.01,0.09444444444444446,0.09444444444444444,1.3877787807814457e-17,1.925929944387236e-34,0.04444444444444441
P0008,smooth_polynomial,1,SW1,0.01,0.3944444444444444,0.39444444444444443,5.551115123125783e-17,3.0814879110195774e-33,0.04444444444444434
P0009,smooth_polynomial,1,SW1,0.01,0.8444444444444443,0.8444444444444444,1.1102230246251565e-16,1.232595164407831e-32,0.04444444444444429
P0010,smooth_polynomial,1,SW1,0.01,0.26111111111111107,0.2611111111111111,5.551115123125783e-17,3.0814879110195774e-33,0.0
P0011,smooth_polynomial,1,SW1,0.01,0.561111111111111,0.5611111111111111,1.1102230246251565e-16,1.232595164407831e-32,0.0
P0012,smooth_polynomial,1,SW1,0.01,1.011111111111111,1.011111111111111,0.0,0.0,0.0
P0013,smooth_polynomial,1,SW1,0.01,-0.23333333333333328,-0.2333333333333333,2.7755575615628914e-17,7.703719777548943e-34,0.0
P0014,smooth_polynomial,1,SW1,0.01,0.06666666666666667,0.06666666666666668,1.3877787807814457e-17,1.925929944387236e-34,0.0
P0015,smooth_polynomial,1,SW1,0.01,0.5166666666666667,0.5166666666666667,0.0,0.0,0.0
P0016,smooth_polynomial,1,SW1,0.01,-0.04999999999999999,-0.049999999999999996,6.938893903907228e-18,4.81482486096809e-35,0.0
P0017,smooth_polynomial,1,SW1,0.01,0.25,0.25,0.0,0.0,0.0
P0018,smooth_polynomial,1,SW1,0.01,0.7,0.7,0.0,0.0,0.0
P0019,smooth_polynomial,1,SW1,0.01,0.13333333333333336,0.13333333333333333,2.7755575615628914e-17,7.703719777548943e-34,0.0
P0020,smooth_polynomial,1,SW1,0.01,0.4333333333333333,0.43333333333333335,5.551115123125783e-17,3.0814879110195774e-33,0.0
P0021,smooth_polynomial,1,SW1,0.01,0.8833333333333333,0.8833333333333333,0.0,0.0,0.0
P0022,smooth_polynomial,1,SW1,0.01,0.3,0.3,0.0,0.0,0.0
P0023,smooth_polynomial,1,SW1,0.01,0.6,0.6,0.0,0.0,0.0
P0024,smooth_polynomial,1,SW1,0.01,1.0499999999999998,1.05,2.220446049250313e-16,4.930380657631324e-32,0.0
P0025,smooth_polynomial,1,SW1,0.01,-0.20555555555555555,-0.20555555555555555,0.0,0.0,0.0
P0026,smooth_polynomial,1,SW1,0.01,0.09444444444444444,0.09444444444444444,0.0,0.0,0.0
P0027,smooth_polynomial,1,SW1,0.01,0.5444444444444445,0.5444444444444445,0.0,0.0,0.0
P0028,smooth_polynomial,1,SW1,0.01,-0.02222222222222222,-0.02222222222222222,0.0,0.0,0.02222222222222222
P0029,smooth_polynomial,1,SW1,0.01,0.2777777777777778,0.2777777777777778,0.0,0.0,0.0222222222222222
P0030,smooth_polynomial,1,SW1,0.01,0.7277777777777777,0.7277777777777777,0.0,0.0,0.022222222222222254
P0031,smooth_polynomial,1,SW1,0.01,0.1611111111111111,0.1611111111111111,0.0,0.0,0.0
P0032,smooth_polynomial,1,SW1,0.01,0.46111111111111114,0.4611111111111111,5.551115123125783e-17,3.0814879110195774e-33,0.0
P0033,smooth_polynomial,1,SW1,0.01,0.911111111111111,0.9111111111111111,1.1102230246251565e-16,1.232595164407831e-32,0.0
P0034,smooth_polynomial,1,SW1,0.01,0.3277777777777777,0.3277777777777778,5.551115123125783e-17,3.0814879110195774e-33,0.0
P0035,smooth_polynomial,1,SW1,0.01,0.6277777777777778,0.6277777777777778,0.0,0.0,0.0
P0036,smooth_polynomial,1,SW1,0.01,1.0777777777777777,1.0777777777777777,0.0,0.0,0.0
P0037,smooth_polynomial,2,SW1,0.01,-0.622222222222222,-0.6222222222222221,1.1102230246251565e-16,1.232595164407831e-32,0.0
P0038,smooth_polynomial,2,SW1,0.01,-0.3222222222222221,-0.32222222222222213,5.551115123125783e-17,3.0814879110195774e-33,0.0
P0039,smooth_polynomial,2,SW1,0.01,0.12777777777777788,0.12777777777777788,0.0,0.0,0.0
P0040,smooth_polynomial,2,SW1,0.01,-0.25555555555555554,-0.25555555555555554,0.0,0.0,0.0
P0041,smooth_polynomial,2,SW1,0.01,0.04444444444444443,0.04444444444444445,2.0816681711721685e-17,4.333342374871281e-34,0.0
P0042,smooth_polynomial,2,SW1,0.01,0.49444444444444446,0.49444444444444446,0.0,0.0,0.0
P0043,smooth_polynomial,2,SW1,0.01,0.11111111111111113,0.11111111111111113,0.0,0.0,0.06111111111111109
P0044,smooth_polynomial,2,SW1,0.01,0.4111111111111111,0.4111111111111111,0.0,0.0,0.06111111111111106
P0045,smooth_polynomial,2,SW1,0.01,0.861111111111111,0.8611111111111112,1.1102230246251565e-16,1.232595164407831e-32,0.061111111111111005
P0046,smooth_polynomial,2,SW1,0.01,0.4444444444444444,0.4444444444444444,0.0,0.0,0.0
P0047,smooth_polynomial,2,SW1,0.01,0.7444444444444445,0.7444444444444445,0.0,0.0,0.0
P0048,smooth_polynomial,2,SW1,0.01,1.1944444444444444,1.1944444444444444,0.0,0.0,0.0
P0049,smooth_polynomial,2,SW1,0.01,-0.4666666666666666,-0.4666666666666666,0.0,0.0,0.0
P0050,smooth_polynomial,2,SW1,0.01,-0.16666666666666663,-0.16666666666666663,0.0,0.0,0.0
P0051,smooth_polynomial,2,SW1,0.01,0.2833333333333333,0.2833333333333334,5.551115123125783e-17,3.0814879110195774e-33,0.0
P0052,smooth_polynomial,2,SW1,0.01,-0.09999999999999998,-0.09999999999999999,1.3877787807814457e-17,1.925929944387236e-34,0.0
P0053,smooth_polynomial,2,SW1,0.01,0.19999999999999996,0.2,5.551115123125783e-17,3.0814879110195774e-33,0.0
P0054,smooth_polynomial,2,SW1,0.01,0.6499999999999999,0.65,1.1102230246251565e-16,1.232595164407831e-32,0.0
P0055,smooth_polynomial,2,SW1,0.01,0.2666666666666667,0.26666666666666666,5.551115123125783e-17,3.0814879110195774e-33,0.0
P0056,smooth_polynomial,2,SW1,0.01,0.5666666666666665,0.5666666666666667,1.1102230246251565e-16,1.232595164407831e-32,0.0
P0057,smooth_polynomial,2,SW1,0.01,1.0166666666666664,1.0166666666666666,2.220446049250313e-16,4.930380657631324e-32,0.0
P0058,smooth_polynomial,2,SW1,0.01,0.6,0.6,0.0,0.0,0.0
P0059,smooth_polynomial,2,SW1,0.01,0.8999999999999999,0.8999999999999999,0.0,0.0,0.0
P0060,smooth_polynomial,2,SW1,0.01,1.3499999999999999,1.35,2.220446049250313e-16,4.930380657631324e-32,0.0
P0061,smooth_polynomial,2,SW1,0.01,-0.3555555555555555,-0.3555555555555555,0.0,0.0,0.0
P0062,smooth_polynomial,2,SW1,0.01,-0.055555555555555525,-0.055555555555555525,0.0,0.0,0.0
P0063,smooth_polynomial,2,SW1,0.01,0.3944444444444444,0.3944444444444445,1.1102230246251565e-16,1.232595164407831e-32,0.0
P0064,smooth_polynomial,2,SW1,0.01,0.011111111111111115,0.011111111111111113,1.734723475976807e-18,3.009265538105056e-36,0.0
P0065,smooth_polynomial,2,SW1,0.01,0.3111111111111111,0.3111111111111111,0.0,0.0,0.0
P0066,smooth_polynomial,2,SW1,0.01,0.7611111111111112,0.7611111111111111,1.1102230246251565e-16,1.232595164407831e-32,0.0
P0067,smooth_polynomial,2,SW1,0.01,0.37777777777777777,0.37777777777777777,0.0,0.0,0.0
P0068,smooth_polynomial,2,SW1,0.01,0.6777777777777777,0.6777777777777778,1.1102230246251565e-16,1.232595164407831e-32,0.0
P0069,smooth_polynomial,2,SW1,0.01,1.1277777777777778,1.1277777777777778,0.0,0.0,0.0
P0070,smooth_polynomial,2,SW1,0.01,0.711111111111111,0.711111111111111,0.0,0.0,0.0
P0071,smooth_polynomial,2,SW1,0.01,1.011111111111111,1.011111111111111,0.0,0.0,0.0
P0072,smooth_polynomial,2,SW1,0.01,1.4611111111111108,1.461111111111111,2.220446049250313e-16,4.930380657631324e-32,0.0
P0073,sinusoid,1,SW1,0.01,0.5748334177653697,0.5750459360222461,0.0002125182568764039,4.5164009505785197e-08,0.0
P0074,sinusoid,1,SW1,0.01,0.729929948026832,0.730415500617587,0.0004855525907550007,2.3576131838889316e-07,0.0
P0075,sinusoid,1,SW1,0.01,0.8957348567723311,0.8963605256140483,0.0006256688417172196,3.914614994957672e-07,0.0
P0076,sinusoid,1,SW1,0.01,0.9255545883535774,0.9261899555312407,0.0006353671776633263,4.0369145045186085e-07,0.0
P0077,sinusoid,1,SW1,0.01,0.632090047340937,0.6390576474687264,0.006967600127789408,4.854745154077098e-05,0.0
P0078,sinusoid,1,SW1,0.01,0.7751649509926732,0.7844097681841611,0.009244817191487842,8.546664490402914e-05,0.0
P0079,sinusoid,1,SW1,0.01,0.9160368499945475,0.9232342443900284,0.007197394395480949,5.180248608410058e-05,0.0
P0080,sinusoid,1,SW1,0.01,0.8907296250333302,0.9005180993532904,0.009788474319960216,9.581422951252062e-05,0.0
P0081,sinusoid,1,SW1,0.01,0.6614641156449383,0.7000858306332174,0.03862171498827904,0.001491636868635858,0.0
P0082,sinusoid,1,SW1,0.01,0.7939108932142264,0.8323019291604284,0.03839103594620208,0.0014738716410225801,0.0
P0083,sinusoid,1,SW1,0.01,0.9121561314444757,0.9410273310610535,0.028871199616577803,0.0008335461673002822,0.05687944858399807
P0084,sinusoid,1,SW1,0.01,0.8219712770547092,0.8662529935510221,0.04428171649631296,0.0019608704158598357,0.0
P0085,sinusoid,1,SW1,0.01,0.6539238738407996,0.764503363531613,0.11057948969081333,0.01222782354028069,0.0
P0086,sinusoid,1,SW1,0.01,0.781217643232205,0.8782525822748479,0.09703493904264293,0.009415779395009429,0.0
P0087,sinusoid,1,SW1,0.01,0.8453058231032665,0.9497626892323064,0.10445686612903993,0.01091123688150017,0.0
P0088,sinusoid,1,SW1,0.01,0.7303003773696919,0.8175214687028707,0.08722109133317879,0.0076075187733507165,0.0
P0089,sinusoid,1,SW1,0.01,0.6096859953249235,0.8215127058347615,0.21182671050983803,0.04487055528541873,0.0
P0090,sinusoid,1,SW1,0.01,0.7281601672792907,0.913609165108942,0.1854489978296513,0.03439133079602201,0.05958311077579104
P0091,sinusoid,1,SW1,0.01,0.7108884552993584,0.9459011273494009,0.2350126720500425,0.05523095602410083,0.0
P0092,sinusoid,1,SW1,0.01,0.6822871971719537,0.7598968261006515,0.07760962892869772,0.006023254502450153,0.0
P0093,sinusoid,1,SW1,0.01,0.5408200404880036,0.8695171441101668,0.3286971036221632,0.1080417859295991,0.0
P0094,sinusoid,1,SW1,0.01,0.5869241955235218,0.9373814131120659,0.3504572175885441,0.12282026135990413,0.0
P0095,sinusoid,1,SW1,0.01,0.6498339089793603,0.9295507997512531,0.27971689077189277,0.078241538983095,0.0
P0096,sinusoid,1,SW1,0.01,0.669019024753372,0.6949930124620182,0.025973987708646118,0.0006746480374888996,0.0
P0097,sinusoid,2,SW1,0.01,0.6477581138480508,0.6479899910323624,0.00023187718431161297,5.376702860428173e-08,0.0
P0098,sinusoid,2,SW1,0.01,0.7911469421728916,0.7916505965928816,0.0005036544199900073,2.536677747754706e-07,0.0
P0099,sinusoid,2,SW1,0.01,0.9257078717237589,0.9263431321527904,0.0006352604290315034,4.0355581269328974e-07,0.0
P0100,sinusoid,2,SW1,0.01,0.8955082378581636,0.8961339865207938,0.00062574866263021,3.9156138878349637e-07,0.0
P0101,sinusoid,2,SW1,0.01,0.7569098115825987,0.764503363531613,0.007593551949014232,5.7662031202377844e-05,0.0
P0102,sinusoid,2,SW1,0.01,0.868349647605043,0.8782525822748479,0.009902934669804964,9.806811507442514e-05,0.0
P0103,sinusoid,2,SW1,0.01,0.9424608840600599,0.9497626892323064,0.007301805172246545,5.331635877344639e-05,0.010195655688454153
P0104,sinusoid,2,SW1,0.01,0.8083186391272628,0.8175214687028707,0.009202829575607918,8.469207219768382e-05,0.0
P0105,sinusoid,2,SW1,0.01,0.814753406075918,0.8584384631108883,0.04368505703497039,0.0019083842081486157,0.0
P0106,sinusoid,2,SW1,0.01,0.8908394245714406,0.9325665474142472,0.04172712284280655,0.0017411527807386683,0.0
P0107,sinusoid,2,SW1,0.01,0.906003977816523,0.9347900511762953,0.028786073359772346,0.0008286380194741952,0.05072729495604533
P0108,sinusoid,2,SW1,0.01,0.6725944381590445,0.7118049992277586,0.03921056106871412,0.0015374680993233596,0.0
P0109,sinusoid,2,SW1,0.01,0.8020665815241341,0.9279754323328191,0.12590885080868497,0.01585303871196369,0.0
P0110,sinusoid,2,SW1,0.01,0.8471242573815444,0.9492985900688871,0.10217433268734266,0.010439594260103779,0.0
P0111,sinusoid,2,SW1,0.01,0.7738738610152995,0.8724546351889504,0.09858077417365085,0.009718169036676346,0.0
P0112,sinusoid,2,SW1,0.01,0.4967840950740179,0.5694513006537083,0.07266720557969042,0.005280522766760991,0.0
P0113,sinusoid,2,SW1,0.01,0.7159552264192817,0.9499013075636804,0.23394608114439874,0.0547307688828216,0.0
P0114,sinusoid,2,SW1,0.01,0.7303596585481806,0.9160473958699,0.1856877373217194,0.03447993579165986,0.061782602044681
P0115,sinusoid,2,SW1,0.01,0.5613124153551203,0.7686846617394372,0.20737224638431684,0.043003248570477805,0.0
P0116,sinusoid,2,SW1,0.01,0.37566990919709303,0.4193713352114835,0.043701426014390476,0.0019098146356912448,0.0
P0117,sinusoid,2,SW1,0.01,0.5798882020924504,0.9217768952713512,0.3418886931789008,0.11688787852357657,0.0
P0118,sinusoid,2,SW1,0.01,0.5089028813868655,0.836512069047858,0.32760918766099256,0.10732777983989544,0.0
P0119,sinusoid,2,SW1,0.01,0.41016428063369015,0.6350242559949993,0.2248599753613092,0.050562008519488576,0.0
P0120,sinusoid,2,SW1,0.01,0.32817707553346165,0.2782610877661441,0.04991598776731754,0.002491605834786994,0.0
P0121,smooth_edge,1,SW1,0.01,0.7797602987264354,0.7968410695441766,0.017080770817741175,0.00029175273172819854,0.0
P0122,smooth_edge,1,SW1,0.01,0.9238918671466108,0.9682213690407698,0.044329501894159073,0.001965104738184253,0.0
P0123,smooth_edge,1,SW1,0.01,0.9931224632627094,0.9997254218438986,0.0066029585811892,4.3599062024900096e-05,0.0
P0124,smooth_edge,1,SW1,0.01,1.0012252258810719,0.9999999950965821,0.0012252307844897725,1.5011904752614234e-06,0.0012252258810718786
P0125,smooth_edge,1,SW1,0.01,0.680954404067247,0.7040516276171624,0.02309722354991539,0.0005334817357147662,0.0
P0126,smooth_edge,1,SW1,0.01,0.7786798431567469,0.8972159750827483,0.11853613192600143,0.014050814571978416,0.0
P0127,smooth_edge,1,SW1,0.01,0.8811764945627094,0.9945137011005495,0.11333720653784007,0.012845322385801019,0.0
P0128,smooth_edge,1,SW1,0.01,0.9703460190238846,0.9999946227781964,0.029648603754311775,0.0008790397045801903,0.0
P0129,smooth_edge,1,SW1,0.01,0.5710207561772189,0.5906532827008858,0.01963252652366687,0.0003854360977024832,0.0
P0130,smooth_edge,1,SW1,0.01,0.5414781547021476,0.7143624294910559,0.17288427478890833,0.029888972469286765,0.0
P0131,smooth_edge,1,SW1,0.01,0.4187764714808476,0.9002495108803148,0.4814730393994672,0.23181628766856086,0.0
P0132,smooth_edge,1,SW1,0.01,0.3310992946403378,0.9941376978036617,0.6630384031633239,0.4396199240693704,0.0
P0133,smooth_edge,1,SW1,0.01,0.46188857701982133,0.4667159617488687,0.004827384729047368,2.3303643322239732e-05,0.0
P0134,smooth_edge,1,SW1,0.01,0.38807526420279215,0.4174297935376853,0.02935452933489313,0.0008616883924731014,0.0
P0135,smooth_edge,1,SW1,0.01,0.3263385475779548,0.31002551887238744,0.016313028705567334,0.00026611490554866385,0.0
P0136,smooth_edge,1,SW1,0.01,0.320996990793684,0.1339278883240735,0.18706910246961048,0.03499484909878563,0.0
P0137,smooth_edge,1,SW1,0.01,0.35973120959032345,0.34675509928171655,0.012976110308606903,0.00016837943874113435,0.0
P0138,smooth_edge,1,SW1,0.01,0.2993755166009643,0.1703239186438458,0.12905159795711849,0.016654314935285748,0.0
P0139,smooth_edge,1,SW1,0.01,0.31662940051189736,0.02188127093613046,0.2947481295757669,0.08687645988841308,0.0
P0140,smooth_edge,1,SW1,0.01,0.320970275308253,0.0001409919630903207,0.3208292833451627,0.10293142905177069,0.0
P0141,smooth_edge,1,SW1,0.01,0.26665512834787225,0.2435464707695958,0.02310865757827646,0.0005340100550700341,0.0
P0142,smooth_edge,1,SW1,0.01,0.20229970520075244,0.05554926015761178,0.14675044504314066,0.02153569312035985,0.0
P0143,smooth_edge,1,SW1,0.01,0.24634750594776111,0.0011125360328603216,0.2452349699149008,0.060140190469162295,0.0
P0144,smooth_edge,1,SW1,0.01,0.30292250969210727,1.2858614151064257e-07,0.30292238110596575,0.09176196897490796,0.0
P0145,smooth_edge,1,SW1,0.01,0.18441740612533242,0.16337423951337943,0.02104316661195299,0.0004428148610584131,0.0
P0146,smooth_edge,1,SW1,0.01,0.07257580141114545,0.016571944094738476,0.056003857316406974,0.003136432034316471,0.0
P0147,smooth_edge,1,SW1,0.01,0.027298346312456753,5.5448524722794907e-05,0.027242897787733956,0.0007421754798729197,0.0
P0148,smooth_edge,1,SW1,0.01,0.0024282027565305938,1.1725539852746633e-10,0.0024282026392751952,5.896168057383024e-06,0.0
P0149,smooth_edge,2,SW1,0.01,0.869738913560157,0.8842526814109779,0.014513767850820924,0.00021064945722752305,0.0
P0150,smooth_edge,2,SW1,0.01,0.970598140377162,0.9938389829390936,0.023240842561931596,0.0005401367629884912,0.0
P0151,smooth_edge,2,SW1,0.01,0.9975720571906139,0.9999949695696981,0.0024229123790842078,5.8705043967194954e-06,0.0
P0152,smooth_edge,2,SW1,0.01,1.0007948229546464,0.9999999999995663,0.0007948229550800434,6.317435299221727e-07,0.0007948229546463903
P0153,smooth_edge,2,SW1,0.01,0.8002134856716683,0.8224934972879262,0.022280011616257922,0.0004963989176205879,0.0
P0154,smooth_edge,2,SW1,0.01,0.904746133260523,0.9788208895449324,0.0740747562844094,0.0054870695185946505,0.0
P0155,smooth_edge,2,SW1,0.01,0.9555387209682302,0.9998989708060922,0.04436024983786202,0.001967831765677537,0.0
P0156,smooth_edge,2,SW1,0.01,0.9886768210924802,0.9999999995245059,0.011323178432025682,0.0001282143698034916,0.0
P0157,smooth_edge,2,SW1,0.01,0.7155034309735431,0.7375616214876249,0.022058190514081866,0.0004865637687555312,0.0
P0158,smooth_edge,2,SW1,0.01,0.7749232807489954,0.9297812081694472,0.1548579274204518,0.023980977684957914,0.0
P0159,smooth_edge,2,SW1,0.01,0.7241113362975502,0.9979746796109501,0.2738633433133999,0.07500113081079314,0.0
P0160,smooth_edge,2,SW1,0.01,0.683650686094987,0.9999994785576881,0.3163487924627011,0.10007655849260913,0.0
P0161,smooth_edge,2,SW1,0.01,0.6205313653423276,0.6302602229177513,0.009728857575423744,9.465066972287997e-05,0.0
P0162,smooth_edge,2,SW1,0.01,0.6843655524473983,0.791391472673955,0.10702592022655677,0.011454547600341293,0.0
P0163,smooth_edge,2,SW1,0.01,0.6810633972527952,0.9608342772032357,0.2797708799504405,0.07827174526824378,0.0
P0164,smooth_edge,2,SW1,0.01,0.6790165989747944,0.9994284955764196,0.32041189660162517,0.10266378348385054,0.0
P0165,smooth_edge,2,SW1,0.01,0.5167212711415796,0.5083325618141193,0.008388709327460275,7.037044418061902e-05,0.0
P0166,smooth_edge,2,SW1,0.01,0.5886764478848827,0.5208212853727429,0.06785516251213985,0.00460432307954891,0.0
P0167,smooth_edge,2,SW1,0.01,0.6690291798723735,0.5498339973124777,0.11919518255989581,0.01420749154548689,0.0
P0168,smooth_edge,2,SW1,0.01,0.6789744255373258,0.6145944982675491,0.0643799272697767,0.004144775035261738,0.0
P0169,smooth_edge,2,SW1,0.01,0.4067583696734224,0.3854055017324505,0.02135286794097191,0.00045594496930458593,0.0
P0170,smooth_edge,2,SW1,0.01,0.41573042617435874,0.23745802834390245,0.1782723978304563,0.03178104782822048,0.0
P0171,smooth_edge,2,SW1,0.01,0.5182651577294934,0.05732417589886871,0.4609409818306247,0.2124665887309803,0.0
P0172,smooth_edge,2,SW1,0.01,0.639693971814311,0.0014520391100099098,0.6382419327043011,0.40735276466212156,0.0
P0173,smooth_edge,2,SW1,0.01,0.2979280261424848,0.2755454045751979,0.02238262156728693,0.000500981748224378,0.0
P0174,smooth_edge,2,SW1,0.01,0.17805271165558426,0.0819105771553252,0.09614213450025906,0.009243310026265904,0.0
P0175,smooth_edge,2,SW1,0.01,0.07244212028635386,0.003018416324708427,0.06942370396164543,0.0048196506717541835,0.0
P0176,smooth_edge,2,SW1,0.01,0.006878012307803777,1.326011943142785e-06,0.006876686295860634,4.7288814411677445e-05,0.0
P0177,hard_step,1,SW1,0.01,1.0012559658377294,1.0,0.0012559658377293559,1.5774501855432026e-06,0.0012559658377293559
P0178,hard_step,1,SW1,0.01,1.0012559658377294,1.0,0.0012559658377293559,1.5774501855432026e-06,0.0012559658377293559
P0179,hard_step,1,SW1,0.01,0.32098765432098764,1.0,0.6790123456790124,0.46105776558451456,0.0
P0180,hard_step,1,SW1,0.01,0.32098765432098764,1.0,0.6790123456790124,0.46105776558451456,0.0
P0181,hard_step,1,SW1,0.01,0.32098765432098764,0.0,0.32098765432098764,0.10303307422648986,0.0
P0182,hard_step,1,SW1,0.01,0.32098765432098764,0.0,0.32098765432098764,0.10303307422648986,0.0
P0183,hard_step,1,SW1,0.01,0.32098765432098764,0.0,0.32098765432098764,0.10303307422648986,0.0
P0184,hard_step,1,SW1,0.01,0.32098765432098764,0.0,0.32098765432098764,0.10303307422648986,0.0
P0185,hard_step,1,SW1,0.01,-0.0008071025020177647,0.0,0.0008071025020177647,6.514144487633358e-07,0.0008071025020177647
P0186,hard_step,2,SW1,0.01,1.0008071025020178,1.0,0.0008071025020177647,6.514144487633358e-07,0.0008071025020177647
P0187,hard_step,2,SW1,0.01,1.0008071025020178,1.0,0.0008071025020177647,6.514144487633358e-07,0.0008071025020177647
P0188,hard_step,2,SW1,0.01,0.6790123456790123,1.0,0.32098765432098775,0.10303307422648993,0.0
P0189,hard_step,2,SW1,0.01,0.6790123456790123,1.0,0.32098765432098775,0.10303307422648993,0.0
P0190,hard_step,2,SW1,0.01,0.6790123456790123,1.0,0.32098765432098775,0.10303307422648993,0.0
P0191,hard_step,2,SW1,0.01,0.6790123456790123,1.0,0.32098765432098775,0.10303307422648993,0.0
P0192,hard_step,2,SW1,0.01,0.6790123456790123,0.0,0.6790123456790123,0.46105776558451445,0.0
P0193,hard_step,2,SW1,0.01,0.6790123456790123,0.0,0.6790123456790123,0.46105776558451445,0.0
P0194,hard_step,2,SW1,0.01,-0.0012559658377292078,0.0,0.0012559658377292078,1.5774501855428308e-06,0.0012559658377292078
P0195,kink,1,SW1,0.01,0.42388556361811414,0.4533333333333333,0.029447769715219174,0.0008671711412005796,0.0
P0196,kink,1,SW1,0.01,-0.12332953879057573,-0.13333333333333333,0.0100037945427576,0.00010007590525370672,0.0
P0197,kink,1,SW1,0.01,0.2684688447958626,0.29333333333333333,0.024864488537470752,0.0006182427902300144,0.0
P0198,kink,1,SW1,0.01,0.19266787735106497,0.15583333333333332,0.036834544017731646,0.0013567836329942103,0.0
P0199,kink,1,SW1,0.01,-0.11554481367927119,-0.04583333333333333,0.06971148034593785,0.00485969049202208,0.0
P0200,kink,1,SW1,0.01,0.16836175603664824,0.10083333333333333,0.06752842270331491,0.004560087872797576,0.0
P0201,kink,1,SW1,0.01,0.07909951184859543,-0.014000000000000004,0.09309951184859543,0.00866751910644676,0.0
P0202,kink,1,SW1,0.01,-0.19114195992078334,-0.07583333333333335,0.11530862658744999,0.013296079365483979,0.0
P0203,kink,1,SW1,0.01,0.1806941872635054,0.05250000000000001,0.12819418726350537,0.016433749648150683,0.021805812736494623
P0204,kink,1,SW1,0.01,-0.017767886525550017,-0.05,0.032232113474449986,0.0010389091390298204,0.0
P0205,kink,1,SW1,0.01,-0.30968318606054157,-0.27083333333333337,0.0388498527272082,0.0015093110569257666,0.0
P0206,kink,1,SW1,0.01,0.23611303105704545,0.1875,0.04861303105704545,0.0023632267885532656,0.0
P0207,kink,1,SW1,0.01,-0.09478562907379143,-0.09200000000000001,0.0027856290737914152,7.759729336752018e-06,0.0
P0208,kink,1,SW1,0.01,-0.477423830387269,-0.49833333333333346,0.020909502946064473,0.00043720731345147886,0.0
P0209,kink,1,SW1,0.01,0.33150793650793653,0.3450000000000001,0.013492063492063555,0.0001820357772738742,0.0
P0210,kink,2,SW1,0.01,0.7141397712291555,0.7366666666666667,0.022526895437511185,0.0005074610180525622,0.0
P0211,kink,2,SW1,0.01,-0.20996243317439675,-0.21666666666666667,0.006704233492269923,4.494674671887377e-05,0.0
P0212,kink,2,SW1,0.01,0.4589714664897146,0.47666666666666674,0.01769520017695214,0.0003131201093024071,0.0
P0213,kink,2,SW1,0.01,0.4453841912187547,0.4391666666666666,0.006217524552088127,3.865761155581867e-05,0.0
P0214,kink,2,SW1,0.01,-0.15568738421219105,-0.12916666666666665,0.026520717545524403,0.0007033484591294859,0.0
P0215,kink,2,SW1,0.01,0.3065864884510784,0.2841666666666667,0.02241982178441171,0.0005026484088447818,0.0
P0216,kink,2,SW1,0.01,0.2538300258017899,0.18416666666666662,0.06966335913512331,0.0048529836059891685,0.0
P0217,kink,2,SW1,0.01,-0.14055405585549557,-0.054166666666666655,0.08638738918882892,0.007462781010862196,0.0
P0218,kink,2,SW1,0.01,0.21522055224995496,0.11916666666666664,0.09605388558328831,0.009226348935647442,0.0
P0219,kink,2,SW1,0.01,0.07972952582336917,-0.010000000000000004,0.08972952582336918,0.008051387804486677,0.0
P0220,kink,2,SW1,0.01,-0.16368639391431164,-0.05416666666666669,0.10951972724764494,0.011994570656398543,0.0
P0221,kink,2,SW1,0.01,0.1662536325476267,0.03750000000000002,0.12875363254762667,0.01657749789420927,0.0
P0222,kink,2,SW1,0.01,-0.05626108295428067,-0.05200000000000001,0.004261082954280661,1.8156827943261205e-05,0.0
P0223,kink,2,SW1,0.01,-0.2527716907179761,-0.28166666666666673,0.028894975948690615,0.0008349196350754091,0.0
P0224,kink,2,SW1,0.01,0.17540571692023976,0.19500000000000006,0.0195942830797603,0.00038393592940978076,0.0
P0225,thin_feature,1,SW1,0.01,0.40364413337656657,8.364834722972767e-05,0.40356048502933684,0.1628610650771136,0.0
P0226,thin_feature,1,SW1,0.01,0.5700816267846366,0.0551441169483479,0.5149375098362887,0.2651606390363979,0.0
P0227,thin_feature,1,SW1,0.01,0.6298413065535691,0.3523219549954969,0.27751935155807217,0.07701699048921286,0.0
P0228,thin_feature,1,SW1,0.01,0.09136202141323158,0.4111122905071876,0.31975026909395604,0.1022402345856573,0.0
P0229,thin_feature,1,SW1,0.01,0.35907180168125347,0.7600672046071238,0.4009954029258704,0.16079731316768114,0.0
P0230,thin_feature,1,SW1,0.01,0.5416367797575141,0.9059551911095096,0.3643184113519955,0.1327279048500418,0.0
P0231,thin_feature,1,SW1,0.01,4.140725746754079e-06,0.24935220877729616,0.2493480680515494,0.06217445904104012,4.140725746754078e-07
P0232,thin_feature,1,SW1,0.01,0.023455173837412194,0.651375231630207,0.6279200577927948,0.3942835989785068,0.0023455173837411344
P0233,thin_feature,1,SW1,0.01,0.2770575956799766,0.8569968914352788,0.5799392957553022,0.33632958676115593,0.027705386902680457
P0234,thin_feature,1,SW1,0.01,0.04196141597550281,1.8664469113520537e-05,0.04194275150638929,0.0017591944039267212,0.0
P0235,thin_feature,1,SW1,0.01,0.16303937774721142,0.0347085864128538,0.12833079133435762,0.01646879200450244,0.0
P0236,thin_feature,1,SW1,0.01,0.2617267910704448,0.29823409618142144,0.03650730511097666,0.0013327833264659427,0.0
P0237,thin_feature,1,SW1,0.01,0.18321153138704122,1.7241209390354996e-13,0.1832115313868688,0.03356646523312161,0.0
P0238,thin_feature,1,SW1,0.01,0.2586651337827664,0.00011499237699560167,0.2585501414057708,0.06684817562094408,0.0
P0239,thin_feature,1,SW1,0.01,0.28656694630816926,0.03818043380053571,0.24838651250763355,0.0616958595957048,0.0
P0240,thin_feature,2,SW1,0.01,0.18321153138704138,1.724120939035518e-13,0.18321153138686896,0.03356646523312167,0.0
P0241,thin_feature,2,SW1,0.01,0.25866513378276645,0.00011499237699560208,0.2585501414057709,0.06684817562094411,0.0
P0242,thin_feature,2,SW1,0.01,0.28656694630816926,0.03818043380053579,0.24838651250763347,0.061695859595704755,0.0
P0243,thin_feature,2,SW1,0.01,0.04196141597550278,1.8664469113520635e-05,0.04194275150638926,0.0017591944039267184,0.0
P0244,thin_feature,2,SW1,0.01,0.16303937774721133,0.03470858641285385,0.12833079133435749,0.0164687920045024,0.0
P0245,thin_feature,2,SW1,0.01,0.2617267910704447,0.29823409618142166,0.03650730511097694,0.001332783326465963,0.0
P0246,thin_feature,2,SW1,0.01,4.140725746754079e-06,0.24935220877729639,0.24934806805154963,0.06217445904104023,4.140725746754078e-07
P0247,thin_feature,2,SW1,0.01,0.023455173837412194,0.6513752316302073,0.627920057792795,0.39428359897850707,0.0023455173837411344
P0248,thin_feature,2,SW1,0.01,0.2770575956799767,0.8569968914352789,0.5799392957553022,0.33632958676115593,0.027705386902680512
P0249,thin_feature,2,SW1,0.01,0.09136202141323166,0.411112290507187,0.3197502690939553,0.10224023458565684,0.0
P0250,thin_feature,2,SW1,0.01,0.35907180168125363,0.7600672046071234,0.40099540292586977,0.16079731316768064,0.0
P0251,thin_feature,2,SW1,0.01,0.5416367797575141,0.9059551911095095,0.3643184113519954,0.1327279048500417,0.0
P0252,thin_feature,2,SW1,0.01,0.40364413337656624,8.364834722972738e-05,0.4035604850293365,0.16286106507711334,0.0
P0253,thin_feature,2,SW1,0.01,0.5700816267846365,0.055144116948347775,0.5149375098362887,0.2651606390363979,0.0
P0254,thin_feature,2,SW1,0.01,0.6298413065535691,0.35232195499549673,0.27751935155807234,0.07701699048921294,0.0
P0255,mixed_frequency,1,SW1,0.01,0.5016717925744418,0.49935542472536626,0.0023163678490755735,5.365560012230999e-06,0.0
P0256,mixed_frequency,1,SW1,0.01,0.42982931090662424,0.45555610868671437,0.025726797780090127,0.0006618681240176503,0.0
P0257,mixed_frequency,1,SW1,0.01,0.27708577545463775,0.155213372665013,0.12187240278962475,0.014852882561716534,0.0
P0258,mixed_frequency,1,SW1,0.01,0.6876364781180302,0.7427118258953607,0.055075347777330474,0.003033293932793901,0.0
P0259,mixed_frequency,1,SW1,0.01,0.7009785268372706,0.5406964779017696,0.16028204893550102,0.025690335210962343,0.0
P0260,mixed_frequency,1,SW1,0.01,0.45499002969358093,0.4170475535071272,0.037942476186453744,0.0014396314991596095,0.0
P0261,mixed_frequency,1,SW1,0.01,0.5330495847053395,0.47535988945488694,0.05768969525045253,0.0033281009380900857,0.0
P0262,mixed_frequency,1,SW1,0.01,0.5907219799194956,0.6686000035176052,0.07787802359810958,0.0060649865595477125,0.0
P0263,mixed_frequency,1,SW1,0.01,0.3638641669522097,0.28032091330418796,0.08354325364802173,0.006979475230097697,0.0
P0264,mixed_frequency,1,SW1,0.01,0.4935616080349162,0.4747727588702795,0.018788849164636745,0.0003530208529314709,0.0
P0265,mixed_frequency,1,SW1,0.01,0.528610919173201,0.4673856494865241,0.06122526968667691,0.0037485336482063186,0.0
P0266,mixed_frequency,1,SW1,0.01,0.48040382395332704,0.4334862851454516,0.046917538807875414,0.0022012554477884956,0.0
P0267,mixed_frequency,1,SW1,0.01,0.6960295481486993,0.6773719504742064,0.01865759767449293,0.00034810595098324406,0.0
P0268,mixed_frequency,1,SW1,0.01,0.5531508457548469,0.4548365472979632,0.09831429845688366,0.009665701281069198,0.0
P0269,mixed_frequency,1,SW1,0.01,0.6881398459726047,0.6986226099788257,0.010482764006221057,0.00010988834121012374,0.0
P0270,mixed_frequency,1,SW1,0.01,0.29622650663596817,0.23943781507349454,0.056788691562473625,0.003224955489377763,5.122926049949683e-05
P0271,mixed_frequency,1,SW1,0.01,0.4859563121626933,0.4664184217464979,0.019537890416195414,0.0003817291619152606,0.0
P0272,mixed_frequency,1,SW1,0.01,0.4630433973158907,0.4844869960552387,0.02144359873934798,0.0004598279268941663,0.0
P0273,mixed_frequency,1,SW1,0.01,0.6851106765775079,0.7668339405122937,0.0817232639347858,0.006678691868154661,0.0
P0274,mixed_frequency,1,SW1,0.01,0.563900270943602,0.6036770727120775,0.039776801768475534,0.0015821939589285984,0.0
P0275,mixed_frequency,1,SW1,0.01,0.5423816558698833,0.5801958680494812,0.037814212179597906,0.0014299146427636507,0.0
P0276,mixed_frequency,1,SW1,0.01,0.47360872780517044,0.43425126660147423,0.03935746120369621,0.0015490097524004523,0.0
P0277,mixed_frequency,1,SW1,0.01,0.6263751556723314,0.6813224182546447,0.054947262582313305,0.003019201665289688,0.015986698285775036
P0278,mixed_frequency,1,SW1,0.01,0.2692850402800454,0.29829739986517656,0.029012359585131153,0.0008417170086969515,0.0
P0279,mixed_frequency,1,SW1,0.01,0.4488097090878458,0.45224178202853027,0.003432072940684483,1.1779124670178635e-05,0.0
P0280,mixed_frequency,1,SW1,0.01,0.5831212932110927,0.48763067251845843,0.09549062069263431,0.00911845864026456,0.0
P0281,mixed_frequency,1,SW1,0.01,0.4967206233683149,0.5701012749830773,0.07338065161476237,0.005384720031407128,0.0
P0282,mixed_frequency,1,SW1,0.01,0.5294063406067752,0.5623229858879404,0.032916645281165224,0.0010835055365660568,0.0
P0283,mixed_frequency,1,SW1,0.01,0.5883067889157026,0.7666319644998695,0.17832517558416683,0.03179986824712393,0.0
P0284,mixed_frequency,1,SW1,0.01,0.4990891390927603,0.5391611189168729,0.04007197982411259,0.0016057635670240866,0.0
P0285,mixed_frequency,1,SW1,0.01,0.6785183434098115,0.6887178293753018,0.010199485965490251,0.00010402951396023261,0.0
P0286,mixed_frequency,1,SW1,0.01,0.32169072712647967,0.2988924441998043,0.02279828292667535,0.0005197617044047368,0.0
P0287,mixed_frequency,1,SW1,0.01,0.426676534801016,0.4271356910831181,0.00045915628210208004,2.108244913938049e-07,0.0
P0288,mixed_frequency,1,SW1,0.01,0.37349801147447653,0.2645103235299279,0.1089876879445486,0.011878316123498305,0.0
P0289,mixed_frequency,1,SW1,0.01,0.5131167049889902,0.43919422396993496,0.07392248101905524,0.005464533200012583,0.0
P0290,mixed_frequency,1,SW1,0.01,0.331298218774178,0.35253116173124965,0.021232942957071677,0.00045083786661825973,0.0
P0291,mixed_frequency,1,SW1,0.01,0.34232174646549074,0.3719201334216269,0.029598386956136147,0.0008760645104051704,0.0
P0292,mixed_frequency,1,SW1,0.01,0.5276478796553085,0.5405693019751132,0.012921422319804754,0.00016696315476674847,0.0
P0293,mixed_frequency,1,SW1,0.01,0.5211814763562851,0.5848295787523584,0.06364810239607332,0.0040510809386210345,0.0
P0294,mixed_frequency,1,SW1,0.01,0.5305501433083493,0.5409906345655865,0.010440491257237228,0.00010900385769244699,0.0
P0295,mixed_frequency,1,SW1,0.01,0.6065953509126325,0.6740210161891979,0.06742566527656535,0.004546220337987431,0.018556628545080223
P0296,mixed_frequency,1,SW1,0.01,0.47259787597241143,0.43882666894757716,0.03377120702483427,0.0011404944239142157,0.0
P0297,mixed_frequency,1,SW1,0.01,0.416939237675452,0.4085314772238543,0.00840776045159769,7.069043581145019e-05,0.0
P0298,mixed_frequency,1,SW1,0.01,0.5684429110308992,0.5515396754151357,0.016903235615763457,0.0002857193742820142,0.0
P0299,mixed_frequency,1,SW1,0.01,0.4610059558117221,0.45758380838567025,0.003422147426051847,1.1711093005633282e-05,0.0
P0300,mixed_frequency,1,SW1,0.01,0.5986319935899507,0.6005499470896327,0.0019179534996820458,3.678545626942607e-06,0.0
P0301,mixed_frequency,1,SW1,0.01,0.26006961729681766,0.2456362579031397,0.014433359393677958,0.00020832186338707174,0.01913484824027034
P0302,mixed_frequency,1,SW1,0.01,0.34753641908296345,0.3270528513166872,0.020483567766276245,0.0004195765484356312,0.0
P0303,mixed_frequency,1,SW1,0.01,0.4685515429215935,0.4633290863928645,0.0052224565287289915,2.7274052194464066e-05,0.0
P0304,mixed_frequency,1,SW1,0.01,0.48155785983807065,0.4944074046768252,0.012849544838754556,0.00016511080256316384,0.0
P0305,mixed_frequency,1,SW1,0.01,0.5479892035044324,0.535141282,0.01284792150443237,0.0001650690869840557,0.0
P0306,mixed_frequency,1,SW1,0.01,0.5555656613151378,0.4813603793968585,0.07420528191827935,0.005506423864571316,0.0
P0307,mixed_frequency,1,SW1,0.01,0.44668665480105485,0.44916240885229025,0.0024757540512354015,6.129358122208503e-06,0.0
P0308,mixed_frequency,1,SW1,0.01,0.40721787333047654,0.3619738362318022,0.04524403709867436,0.0020470228929862218,0.0
P0309,mixed_frequency,1,SW1,0.01,0.5289179402661923,0.5383224304502269,0.009404490184034553,8.844443562160226e-05,0.0
P0310,mixed_frequency,1,SW1,0.01,0.3165079024217641,0.3926499743554235,0.0761420719336594,0.005797615118350564,0.0
P0311,mixed_frequency,1,SW1,0.01,0.42305342763522147,0.42040974436429945,0.002643683270922015,6.989061236952923e-06,0.0
P0312,mixed_frequency,1,SW1,0.01,0.5879121999531196,0.6101470394713223,0.02223483951820271,0.0004943880884002289,0.0
P0313,mixed_frequency,1,SW1,0.01,0.5423782580779508,0.5479313452317733,0.005553087153822522,3.0836776937948724e-05,0.0
P0314,mixed_frequency,1,SW1,0.01,0.845988157192989,0.8500388285880128,0.004050671395023797,1.6407938750464035e-05,0.009865290239286506
P0315,mixed_frequency,1,SW1,0.01,0.4224002494503495,0.41205449093146773,0.010345758518881754,0.00010703471933101437,0.004425219344384557
P0316,mixed_frequency,1,SW1,0.01,0.5922637339678309,0.6085826163686509,0.016318882400819912,0.00026630592281178987,0.0
P0317,mixed_frequency,1,SW1,0.01,0.43493335107760256,0.429892434580156,0.005040916497446535,2.541083913422864e-05,0.0
P0318,mixed_frequency,1,SW1,0.01,0.4324487752520187,0.39204653808406975,0.04040223716794894,0.0016323407681751948,0.0
P0319,mixed_frequency,2,SW1,0.01,0.7026432945583625,0.8140327948345307,0.11138950027616823,0.012407620771774482,0.0
P0320,mixed_frequency,2,SW1,0.01,0.553586680615648,0.5548865092370293,0.0012998286213813381,1.68955444496211e-06,0.0
P0321,mixed_frequency,2,SW1,0.01,0.314349442439217,0.3967439560775554,0.08239451363833844,0.006788855877698339,0.0
P0322,mixed_frequency,2,SW1,0.01,0.6329607862813673,0.6303496925970249,0.002611093684342425,6.8178102284128985e-06,0.0
P0323,mixed_frequency,2,SW1,0.01,0.2632874041071003,0.276272829973252,0.0129854258661517,0.00016862128492532166,0.0
P0324,mixed_frequency,2,SW1,0.01,0.4720727947395841,0.3680034887100495,0.10406930602953457,0.01083042045746892,0.0
P0325,mixed_frequency,2,SW1,0.01,0.7160807866965921,0.6634508837330682,0.05262990296352399,0.0027699066859499513,0.0
P0326,mixed_frequency,2,SW1,0.01,0.6317597060979575,0.6508270799207778,0.01906737382282031,0.0003635647444991732,0.0
P0327,mixed_frequency,2,SW1,0.01,0.5164866964493978,0.5333568294057774,0.016870132956379624,0.00028460138596592594,0.0
P0328,mixed_frequency,2,SW1,0.01,0.6144031773912306,0.6678860836431736,0.05348290625194296,0.0028604212611541197,0.0
P0329,mixed_frequency,2,SW1,0.01,0.47263630140477875,0.48087471401390125,0.008238412609122503,6.787144231814865e-05,0.0
P0330,mixed_frequency,2,SW1,0.01,0.37230984522095134,0.3476791051625945,0.02463074005835686,0.0006066733558223453,0.0
P0331,mixed_frequency,2,SW1,0.01,0.3091277818434824,0.20720898854505576,0.10191879329842662,0.010387440427407411,0.0
P0332,mixed_frequency,2,SW1,0.01,0.5870423327581494,0.6153000035934494,0.028257670835299953,0.0007984959610361615,0.0
P0333,mixed_frequency,2,SW1,0.01,0.13742813264747,0.0649946518336959,0.0724334808137741,0.00524660914279938,0.0
P0334,mixed_frequency,2,SW1,0.01,0.47116513774500135,0.5226072573180978,0.05144211957309641,0.002646291666172749,0.0
P0335,mixed_frequency,2,SW1,0.01,0.4822068366540438,0.3957690317599277,0.08643780489411607,0.0074714941149132755,0.0
P0336,mixed_frequency,2,SW1,0.01,0.6175265447130462,0.7552761193165396,0.13774957460349335,0.01897494530344338,0.0
P0337,mixed_frequency,2,SW1,0.01,0.39528929410807523,0.48475446913807674,0.08946517503000151,0.008004017543148806,0.0
P0338,mixed_frequency,2,SW1,0.01,0.6601760404161665,0.6651371781040039,0.004961137687837347,2.4612887157680096e-05,0.0
P0339,mixed_frequency,2,SW1,0.01,0.683084629779968,0.7408408381328755,0.05775620835290751,0.0033357796033044633,0.016474074667128913
P0340,mixed_frequency,2,SW1,0.01,0.5077548137161292,0.5689577717014875,0.06120295798535835,0.00374580206615754,0.0
P0341,mixed_frequency,2,SW1,0.01,0.4092681619126148,0.2574974214481519,0.15177074046446287,0.02303435766113135,0.0
P0342,mixed_frequency,2,SW1,0.01,0.5293329601171998,0.5173737037104447,0.011959256406755103,0.000143023813802513,0.0
P0343,mixed_frequency,2,SW1,0.01,0.40130283386781307,0.48324739685668694,0.08194456298887387,0.006714911403437517,0.0
P0344,mixed_frequency,2,SW1,0.01,0.34794679902403236,0.270052112801759,0.07789468622227336,0.006067582141666423,0.0
P0345,mixed_frequency,2,SW1,0.01,0.505275441233173,0.49531618841216574,0.009959252821007292,9.91867167527417e-05,0.0
P0346,mixed_frequency,2,SW1,0.01,0.21555953247868825,0.16971157929838276,0.04584795318030549,0.0021020348108234843,0.040587428579414664
P0347,mixed_frequency,2,SW1,0.01,0.647243935437403,0.6635927865275683,0.01634885109016526,0.00026728493196839787,0.0
P0348,mixed_frequency,2,SW1,0.01,0.4298580058410626,0.3179991471566734,0.11185885868438922,0.012512404266174157,0.0
P0349,mixed_frequency,2,SW1,0.01,0.6060733858696261,0.6303959865910851,0.024322600721458976,0.0005915889058555167,0.0
P0350,mixed_frequency,2,SW1,0.01,0.42858431094783767,0.35492709939749145,0.07365721155034621,0.0054253848133724554,0.0
P0351,mixed_frequency,2,SW1,0.01,0.41856362106163997,0.3906606716516097,0.027902949410030242,0.0007785745857787071,0.0
P0352,mixed_frequency,2,SW1,0.01,0.42907201032506165,0.4275323977379478,0.0015396125871138255,2.370406918399327e-06,0.0
P0353,mixed_frequency,2,SW1,0.01,0.515662744569213,0.6041255480496204,0.08846280348040736,0.007825667599613173,0.0
P0354,mixed_frequency,2,SW1,0.01,0.45766211658639044,0.4412332367188725,0.016428879867517954,0.00026990809370133675,0.0
P0355,mixed_frequency,2,SW1,0.01,0.5215206521823362,0.609299498114648,0.08777884593231178,0.007705125793208528,0.0
P0356,mixed_frequency,2,SW1,0.01,0.7178886512120002,0.7689757838647319,0.05108713265273168,0.0026098951226778038,0.0
P0357,mixed_frequency,2,SW1,0.01,0.49043326868147863,0.5332989647948638,0.0428656961133852,0.0018374679032850869,0.0
P0358,mixed_frequency,2,SW1,0.01,0.44203358535499937,0.41575437560416867,0.0262792097508307,0.0006905968651281554,0.0
P0359,mixed_frequency,2,SW1,0.01,0.1278390366432317,0.04017781537158405,0.08766122127164766,0.007684489714836772,0.0
P0360,mixed_frequency,2,SW1,0.01,0.5643365057964558,0.5542356586168614,0.010100847179594363,0.00010202711374551941,0.0
P0361,mixed_frequency,2,SW1,0.01,0.4421022856111784,0.6474451945759677,0.2053429089647893,0.04216571026212174,0.0
P0362,mixed_frequency,2,SW1,0.01,0.5625570547527643,0.5504878096411179,0.01206924511164642,0.000145666677565001,0.0
P0363,mixed_frequency,2,SW1,0.01,0.32564260015574154,0.2947314072873603,0.030911192868381232,0.0009555018445462628,0.0
P0364,mixed_frequency,2,SW1,0.01,0.7044455957142863,0.718965854204543,0.014520258490256621,0.0002108379066238695,0.0
P0365,mixed_frequency,2,SW1,0.01,0.24477320277144252,0.2420960937654339,0.002677109006008621,7.166912630052467e-06,0.0
P0366,mixed_frequency,2,SW1,0.01,0.36518126937361933,0.3304965060026291,0.034684763370990246,0.0012030328101015867,0.0
P0367,mixed_frequency,2,SW1,0.01,0.531183914232608,0.3705258094086487,0.1606581048239593,0.0258110266456263,0.0
P0368,mixed_frequency,2,SW1,0.01,0.6416080637821118,0.6512758947908197,0.009667831008707939,9.346695641293476e-05,0.0
P0369,mixed_frequency,2,SW1,0.01,0.6753448172828581,0.6719703535433057,0.0033744637395524135,1.1387005529554058e-05,0.0
P0370,mixed_frequency,2,SW1,0.01,0.44330178304129253,0.46107812920209956,0.017776346160807033,0.00031599848282883893,0.0
P0371,mixed_frequency,2,SW1,0.01,0.7072347682360711,0.791170460656414,0.08393569242034293,0.007045200462082414,0.0
P0372,mixed_frequency,2,SW1,0.01,0.5632714002125825,0.533951223416073,0.029320176796509445,0.0008596727673785709,0.0
P0373,mixed_frequency,2,SW1,0.01,0.35014272274429536,0.31761767180206096,0.0325250509422344,0.001057878938794943,0.0
P0374,mixed_frequency,2,SW1,0.01,0.601212564870097,0.6098001802240762,0.008587615353979228,7.374713746789977e-05,0.0
P0375,mixed_frequency,2,SW1,0.01,0.6972795790665782,0.7417467047610486,0.04446712569447042,0.0019773252675278317,0.0
P0376,mixed_frequency,2,SW1,0.01,0.42308765254665903,0.3436031187899571,0.07948453375670195,0.006317791106520291,0.0
P0377,mixed_frequency,2,SW1,0.01,0.4986804099713978,0.5015638929582081,0.0028834829868103484,8.314474135224728e-06,0.0
P0378,mixed_frequency,2,SW1,0.01,0.7392199526635279,0.7714303015145285,0.0322103488510006,0.001037506573103156,0.0
P0379,mixed_frequency,2,SW1,0.01,0.32085767100473095,0.33214085095807067,0.011283179953339717,0.00012731014985944725,0.0
P0380,mixed_frequency,2,SW1,0.01,0.5618203034974572,0.5278122067042186,0.034008096793238574,0.0011565506474982838,0.0
P0381,mixed_frequency,2,SW1,0.01,0.5024052552062024,0.3212502519429321,0.18115500326327028,0.03281713520731547,0.0
P0382,mixed_frequency,2,SW1,0.01,0.38600449277318327,0.2252611572341287,0.16074333553905457,0.02583841992022108,0.0
P0001,smooth_polynomial,1,SW2,1e-12,-0.2722222222222222,-0.2722222222222222,0.0,0.0,0.0
P0002,smooth_polynomial,1,SW2,1e-12,0.027777777777777846,0.02777777777777779,5.551115123125783e-17,3.0814879110195774e-33,0.0
P0003,smooth_polynomial,1,SW2,1e-12,0.47777777777777786,0.4777777777777778,5.551115123125783e-17,3.0814879110195774e-33,0.0
P0004,smooth_polynomial,1,SW2,1e-12,-0.08888888888888889,-0.08888888888888888,1.3877787807814457e-17,1.925929944387236e-34,0.0
P0005,smooth_polynomial,1,SW2,1e-12,0.21111111111111108,0.2111111111111111,2.7755575615628914e-17,7.703719777548943e-34,0.0
P0006,smooth_polynomial,1,SW2,1e-12,0.6611111111111111,0.6611111111111111,0.0,0.0,0.0
P0007,smooth_polynomial,1,SW2,1e-12,0.050000000000000044,0.09444444444444444,0.0444444444444444,0.0019753086419753044,0.0
P0008,smooth_polynomial,1,SW2,1e-12,0.35000000000000003,0.39444444444444443,0.0444444444444444,0.0019753086419753044,0.0
P0009,smooth_polynomial,1,SW2,1e-12,0.8,0.8444444444444444,0.0444444444444444,0.0019753086419753044,0.0
P0010,smooth_polynomial,1,SW2,1e-12,0.26111111111111107,0.2611111111111111,5.551115123125783e-17,3.0814879110195774e-33,0.0
P0011,smooth_polynomial,1,SW2,1e-12,0.561111111111111,0.5611111111111111,1.1102230246251565e-16,1.232595164407831e-32,0.0
P0012,smooth_polynomial,1,SW2,1e-12,1.011111111111111,1.011111111111111,0.0,0.0,0.0
P0013,smooth_polynomial,1,SW2,1e-12,-0.23333333333333328,-0.2333333333333333,2.7755575615628914e-17,7.703719777548943e-34,0.0
P0014,smooth_polynomial,1,SW2,1e-12,0.06666666666666667,0.06666666666666668,1.3877787807814457e-17,1.925929944387236e-34,0.0
P0015,smooth_polynomial,1,SW2,1e-12,0.5166666666666667,0.5166666666666667,0.0,0.0,0.0
P0016,smooth_polynomial,1,SW2,1e-12,-0.04999999999999999,-0.049999999999999996,6.938893903907228e-18,4.81482486096809e-35,0.0
P0017,smooth_polynomial,1,SW2,1e-12,0.25,0.25,0.0,0.0,0.0
P0018,smooth_polynomial,1,SW2,1e-12,0.7,0.7,0.0,0.0,0.0
P0019,smooth_polynomial,1,SW2,1e-12,0.13333333333333336,0.13333333333333333,2.7755575615628914e-17,7.703719777548943e-34,0.0
P0020,smooth_polynomial,1,SW2,1e-12,0.4333333333333333,0.43333333333333335,5.551115123125783e-17,3.0814879110195774e-33,0.0
P0021,smooth_polynomial,1,SW2,1e-12,0.8833333333333333,0.8833333333333333,0.0,0.0,0.0
P0022,smooth_polynomial,1,SW2,1e-12,0.3,0.3,0.0,0.0,0.0
P0023,smooth_polynomial,1,SW2,1e-12,0.6,0.6,0.0,0.0,0.0
P0024,smooth_polynomial,1,SW2,1e-12,1.0499999999999998,1.05,2.220446049250313e-16,4.930380657631324e-32,0.0
P0025,smooth_polynomial,1,SW2,1e-12,-0.20555555555555555,-0.20555555555555555,0.0,0.0,0.0
P0026,smooth_polynomial,1,SW2,1e-12,0.09444444444444444,0.09444444444444444,0.0,0.0,0.0
P0027,smooth_polynomial,1,SW2,1e-12,0.5444444444444445,0.5444444444444445,0.0,0.0,0.0
P0028,smooth_polynomial,1,SW2,1e-12,0.0,-0.02222222222222222,0.02222222222222222,0.0004938271604938271,0.0
P0029,smooth_polynomial,1,SW2,1e-12,0.3,0.2777777777777778,0.0222222222222222,0.0004938271604938261,0.0
P0030,smooth_polynomial,1,SW2,1e-12,0.75,0.7277777777777777,0.022222222222222254,0.0004938271604938286,0.0
P0031,smooth_polynomial,1,SW2,1e-12,0.1611111111111111,0.1611111111111111,0.0,0.0,0.0
P0032,smooth_polynomial,1,SW2,1e-12,0.46111111111111114,0.4611111111111111,5.551115123125783e-17,3.0814879110195774e-33,0.0
P0033,smooth_polynomial,1,SW2,1e-12,0.911111111111111,0.9111111111111111,1.1102230246251565e-16,1.232595164407831e-32,0.0
P0034,smooth_polynomial,1,SW2,1e-12,0.3277777777777777,0.3277777777777778,5.551115123125783e-17,3.0814879110195774e-33,0.0
P0035,smooth_polynomial,1,SW2,1e-12,0.6277777777777778,0.6277777777777778,0.0,0.0,0.0
P0036,smooth_polynomial,1,SW2,1e-12,1.0777777777777777,1.0777777777777777,0.0,0.0,0.0
P0037,smooth_polynomial,2,SW2,1e-12,-0.622222222222222,-0.6222222222222221,1.1102230246251565e-16,1.232595164407831e-32,0.0
P0038,smooth_polynomial,2,SW2,1e-12,-0.3222222222222221,-0.32222222222222213,5.551115123125783e-17,3.0814879110195774e-33,0.0
P0039,smooth_polynomial,2,SW2,1e-12,0.12777777777777788,0.12777777777777788,0.0,0.0,0.0
P0040,smooth_polynomial,2,SW2,1e-12,-0.25555555555555554,-0.25555555555555554,0.0,0.0,0.0
P0041,smooth_polynomial,2,SW2,1e-12,0.04444444444444444,0.04444444444444445,1.3877787807814457e-17,1.925929944387236e-34,0.0
P0042,smooth_polynomial,2,SW2,1e-12,0.49444444444444446,0.49444444444444446,0.0,0.0,0.0
P0043,smooth_polynomial,2,SW2,1e-12,0.050000000000000044,0.11111111111111113,0.06111111111111109,0.003734567901234565,0.0
P0044,smooth_polynomial,2,SW2,1e-12,0.35000000000000003,0.4111111111111111,0.06111111111111106,0.0037345679012345616,0.0
P0045,smooth_polynomial,2,SW2,1e-12,0.8,0.8611111111111112,0.061111111111111116,0.0037345679012345686,0.0
P0046,smooth_polynomial,2,SW2,1e-12,0.4444444444444444,0.4444444444444444,0.0,0.0,0.0
P0047,smooth_polynomial,2,SW2,1e-12,0.7444444444444445,0.7444444444444445,0.0,0.0,0.0
P0048,smooth_polynomial,2,SW2,1e-12,1.1944444444444444,1.1944444444444444,0.0,0.0,0.0
P0049,smooth_polynomial,2,SW2,1e-12,-0.46666666666666656,-0.4666666666666666,5.551115123125783e-17,3.0814879110195774e-33,0.0
P0050,smooth_polynomial,2,SW2,1e-12,-0.16666666666666663,-0.16666666666666663,0.0,0.0,0.0
P0051,smooth_polynomial,2,SW2,1e-12,0.2833333333333333,0.2833333333333334,5.551115123125783e-17,3.0814879110195774e-33,0.0
P0052,smooth_polynomial,2,SW2,1e-12,-0.09999999999999998,-0.09999999999999999,1.3877787807814457e-17,1.925929944387236e-34,0.0
P0053,smooth_polynomial,2,SW2,1e-12,0.19999999999999996,0.2,5.551115123125783e-17,3.0814879110195774e-33,0.0
P0054,smooth_polynomial,2,SW2,1e-12,0.6499999999999999,0.65,1.1102230246251565e-16,1.232595164407831e-32,0.0
P0055,smooth_polynomial,2,SW2,1e-12,0.2666666666666667,0.26666666666666666,5.551115123125783e-17,3.0814879110195774e-33,0.0
P0056,smooth_polynomial,2,SW2,1e-12,0.5666666666666665,0.5666666666666667,1.1102230246251565e-16,1.232595164407831e-32,0.0
P0057,smooth_polynomial,2,SW2,1e-12,1.0166666666666664,1.0166666666666666,2.220446049250313e-16,4.930380657631324e-32,0.0
P0058,smooth_polynomial,2,SW2,1e-12,0.6,0.6,0.0,0.0,0.0
P0059,smooth_polynomial,2,SW2,1e-12,0.8999999999999999,0.8999999999999999,0.0,0.0,0.0
P0060,smooth_polynomial,2,SW2,1e-12,1.3499999999999999,1.35,2.220446049250313e-16,4.930380657631324e-32,0.0
P0061,smooth_polynomial,2,SW2,1e-12,-0.3555555555555555,-0.3555555555555555,0.0,0.0,0.0
P0062,smooth_polynomial,2,SW2,1e-12,-0.055555555555555525,-0.055555555555555525,0.0,0.0,0.0
P0063,smooth_polynomial,2,SW2,1e-12,0.3944444444444444,0.3944444444444445,1.1102230246251565e-16,1.232595164407831e-32,0.0
P0064,smooth_polynomial,2,SW2,1e-12,0.011111111111111117,0.011111111111111113,3.469446951953614e-18,1.2037062152420224e-35,0.0
P0065,smooth_polynomial,2,SW2,1e-12,0.3111111111111111,0.3111111111111111,0.0,0.0,0.0
P0066,smooth_polynomial,2,SW2,1e-12,0.7611111111111112,0.7611111111111111,1.1102230246251565e-16,1.232595164407831e-32,0.0
P0067,smooth_polynomial,2,SW2,1e-12,0.37777777777777777,0.37777777777777777,0.0,0.0,0.0
P0068,smooth_polynomial,2,SW2,1e-12,0.6777777777777777,0.6777777777777778,1.1102230246251565e-16,1.232595164407831e-32,0.0
P0069,smooth_polynomial,2,SW2,1e-12,1.1277777777777778,1.1277777777777778,0.0,0.0,0.0
P0070,smooth_polynomial,2,SW2,1e-12,0.711111111111111,0.711111111111111,0.0,0.0,0.0
P0071,smooth_polynomial,2,SW2,1e-12,1.011111111111111,1.011111111111111,0.0,0.0,0.0
P0072,smooth_polynomial,2,SW2,1e-12,1.4611111111111108,1.461111111111111,2.220446049250313e-16,4.930380657631324e-32,0.0
P0073,sinusoid,1,SW2,1e-12,0.574724169682539,0.5750459360222461,0.0003217663397070414,1.0353357736846716e-07,0.0
P0074,sinusoid,1,SW2,1e-12,0.7296974182188503,0.730415500617587,0.0007180823987367191,5.156423313754804e-07,0.0
P0075,sinusoid,1,SW2,1e-12,0.8955404848305376,0.8963605256140483,0.0008200407835107226,6.724668866208799e-07,0.0
P0076,sinusoid,1,SW2,1e-12,0.9253448209565776,0.9261899555312407,0.0008451345746631755,7.142524492911067e-07,0.0
P0077,sinusoid,1,SW2,1e-12,0.6283460858802117,0.6390576474687264,0.010711561588514718,0.00011473755166454394,0.0
P0078,sinusoid,1,SW2,1e-12,0.7717417834869021,0.7844097681841611,0.012667984697258938,0.00016047783628998663,0.0
P0079,sinusoid,1,SW2,1e-12,0.9154248256202278,0.9232342443900284,0.00780941876980068,6.098702152211517e-05,0.0
P0080,sinusoid,1,SW2,1e-12,0.8868792207949352,0.9005180993532904,0.013638878558355216,0.00018601900832956167,0.0
P0081,sinusoid,1,SW2,1e-12,0.6514075553493796,0.7000858306332174,0.048678275283837835,0.0023695744846090974,0.0
P0082,sinusoid,1,SW2,1e-12,0.7876538915118709,0.8323019291604284,0.044648037648557515,0.001993447265867009,0.0
P0083,sinusoid,1,SW2,1e-12,0.8552766828604776,0.9410273310610535,0.08575064820057587,0.007353173666818927,0.0
P0084,sinusoid,1,SW2,1e-12,0.8085473835821492,0.8662529935510221,0.05770560996887297,0.003329937421879692,0.0
P0085,sinusoid,1,SW2,1e-12,0.6440458915628059,0.764503363531613,0.12045747196880707,0.014510002553115941,0.0
P0086,sinusoid,1,SW2,1e-12,0.7745735837256803,0.8782525822748479,0.10367899854916762,0.010749334740158302,0.0
P0087,sinusoid,1,SW2,1e-12,0.8356222521957745,0.9497626892323064,0.11414043703653198,0.013028039366890521,0.0
P0088,sinusoid,1,SW2,1e-12,0.6981990242762356,0.8175214687028707,0.11932244442663509,0.014237845743947418,0.0
P0089,sinusoid,1,SW2,1e-12,0.6031663679489776,0.8215127058347615,0.21834633788578395,0.04767512326813293,0.0
P0090,sinusoid,1,SW2,1e-12,0.6685770565034996,0.913609165108942,0.24503210860544233,0.060040734247629284,0.0
P0091,sinusoid,1,SW2,1e-12,0.6902872292289176,0.9459011273494009,0.2556138981204833,0.06533846491234882,0.0
P0092,sinusoid,1,SW2,1e-12,0.6613922940936219,0.7598968261006515,0.09850453200702958,0.009703142825923914,0.0
P0093,sinusoid,1,SW2,1e-12,0.5374268801742186,0.8695171441101668,0.3320902639359482,0.11028394340104775,0.0
P0094,sinusoid,1,SW2,1e-12,0.5715800295318219,0.9373814131120659,0.36580138358024405,0.13381065222922084,0.0
P0095,sinusoid,1,SW2,1e-12,0.6225954446530388,0.9295507997512531,0.30695535509821426,0.0942215900234708,0.0
P0096,sinusoid,1,SW2,1e-12,0.670338971026146,0.6949930124620182,0.02465404143587213,0.0006078217591217,0.0
P0097,sinusoid,2,SW2,1e-12,0.6476466411034882,0.6479899910323624,0.0003433499288741926,1.178891736579131e-07,0.0
P0098,sinusoid,2,SW2,1e-12,0.7909025322135343,0.7916505965928816,0.0007480643793472685,5.596003156482141e-07,0.0
P0099,sinusoid,2,SW2,1e-12,0.9254986405268792,0.9263431321527904,0.000844491625911159,7.131661062340729e-07,0.0
P0100,sinusoid,2,SW2,1e-12,0.8953133752359623,0.8961339865207938,0.0008206112848314628,6.734028807927442e-07,0.0
P0101,sinusoid,2,SW2,1e-12,0.7524795016585176,0.764503363531613,0.012023861873095343,0.00014457325434327585,0.0
P0102,sinusoid,2,SW2,1e-12,0.8640315354252751,0.8782525822748479,0.014221046849572816,0.0002022381734977449,0.0
P0103,sinusoid,2,SW2,1e-12,0.9322652283716057,0.9497626892323064,0.017497460860700698,0.0003061611365717528,0.0
P0104,sinusoid,2,SW2,1e-12,0.8052705633076378,0.8175214687028707,0.01225090539523288,0.0001500846830029461,0.0
P0105,sinusoid,2,SW2,1e-12,0.8008600742419181,0.8584384631108883,0.057578388868970265,0.003315270864746359,0.0
P0106,sinusoid,2,SW2,1e-12,0.882126196828284,0.9325665474142472,0.05044035058596319,0.002544228967234877,0.0
P0107,sinusoid,2,SW2,1e-12,0.8552766828604776,0.9347900511762953,0.07951336831581768,0.006322375740926879,0.0
P0108,sinusoid,2,SW2,1e-12,0.6629271214032619,0.7118049992277586,0.04887787782449671,0.002389046940626427,0.0
P0109,sinusoid,2,SW2,1e-12,0.7874712846163046,0.9279754323328191,0.14050414771651454,0.019741415525544138,0.0
P0110,sinusoid,2,SW2,1e-12,0.8378861438594805,0.9492985900688871,0.1114124462094066,0.01241273317036392,0.0
P0111,sinusoid,2,SW2,1e-12,0.7669998868519032,0.8724546351889504,0.10545474833704716,0.01112070394682995,0.0
P0112,sinusoid,2,SW2,1e-12,0.47206354181825705,0.5694513006537083,0.09738775883545125,0.009484375570992014,0.0
P0113,sinusoid,2,SW2,1e-12,0.7061191160009699,0.9499013075636804,0.24378219156271053,0.05942975692311809,0.0
P0114,sinusoid,2,SW2,1e-12,0.6685770565034996,0.9160473958699,0.2474703393664004,0.06124156886612138,0.0
P0115,sinusoid,2,SW2,1e-12,0.547272889337544,0.7686846617394372,0.22141177240189314,0.049023172958147725,0.0
P0116,sinusoid,2,SW2,1e-12,0.3565280036788768,0.4193713352114835,0.06284333153260668,0.003949284318117118,0.0
P0117,sinusoid,2,SW2,1e-12,0.5747995011409124,0.9217768952713512,0.3469773941304388,0.12039331203754988,0.0
P0118,sinusoid,2,SW2,1e-12,0.49812337084074615,0.836512069047858,0.33838869820711187,0.11450691107430383,0.0
P0119,sinusoid,2,SW2,1e-12,0.38626825073582194,0.6350242559949993,0.2487560052591774,0.0618795501525039,0.0
P0120,sinusoid,2,SW2,1e-12,0.329503055153533,0.2782610877661441,0.0512419673873889,0.0026257392217302273,0.0
P0121,smooth_edge,1,SW2,1e-12,0.7796648929959803,0.7968410695441766,0.017176176548196254,0.00029502104081480696,0.0
P0122,smooth_edge,1,SW2,1e-12,0.9176630034258991,0.9682213690407698,0.050558365614870704,0.00255614833364694,0.0
P0123,smooth_edge,1,SW2,1e-12,0.9917921798168791,0.9997254218438986,0.007933242027019505,6.293632905926854e-05,0.0
P0124,smooth_edge,1,SW2,1e-12,0.9999691952640428,0.9999999950965821,3.079983253928553e-05,9.486296844480319e-10,0.0
P0125,smooth_edge,1,SW2,1e-12,0.67866485789286,0.7040516276171624,0.025386769724302427,0.0006444880770347584,0.0
P0126,smooth_edge,1,SW2,1e-12,0.7774980757701908,0.8972159750827483,0.1197178993125575,0.014332375415811654,0.0
P0127,smooth_edge,1,SW2,1e-12,0.8749376382495365,0.9945137011005495,0.11957606285101297,0.014298434806949404,0.0
P0128,smooth_edge,1,SW2,1e-12,0.9681606521954299,0.9999946227781964,0.03183397058276649,0.0010134016830644424,0.0
P0129,smooth_edge,1,SW2,1e-12,0.5675341002907401,0.5906532827008858,0.023119182410145656,0.0005344965953135883,0.0
P0130,smooth_edge,1,SW2,1e-12,0.5310237844770502,0.7143624294910559,0.18333864501400565,0.03361305875557158,0.0
P0131,smooth_edge,1,SW2,1e-12,0.4116425157307313,0.9002495108803148,0.4886069951495835,0.2387367957091051,0.0
P0132,smooth_edge,1,SW2,1e-12,0.33026046974612555,0.9941376978036617,0.6638772280575361,0.4407329739333578,0.0
P0133,smooth_edge,1,SW2,1e-12,0.46040114472042654,0.4667159617488687,0.006314817028442166,3.987691410270314e-05,0.0
P0134,smooth_edge,1,SW2,1e-12,0.384463773928448,0.4174297935376853,0.032966019609237285,0.0010867584488766173,0.0
P0135,smooth_edge,1,SW2,1e-12,0.3259156645657014,0.31002551887238744,0.015890145693313984,0.00025249673015474494,0.0
P0136,smooth_edge,1,SW2,1e-12,0.32099620967215564,0.1339278883240735,0.18706832134808213,0.03499455685198932,0.0
P0137,smooth_edge,1,SW2,1e-12,0.361981326488659,0.34675509928171655,0.015226227206942444,0.0002318379949574343,0.0
P0138,smooth_edge,1,SW2,1e-12,0.30502741833904345,0.1703239186438458,0.13470349969519765,0.018145032830134113,0.0
P0139,smooth_edge,1,SW2,1e-12,0.3174489949249817,0.02188127093613046,0.2955677239888512,0.08736027946394974,0.0
P0140,smooth_edge,1,SW2,1e-12,0.3209734537973722,0.0001409919630903207,0.3208324618342819,0.10293346856664594,0.0
P0141,smooth_edge,1,SW2,1e-12,0.27061458617259454,0.2435464707695958,0.02706811540299875,0.0007326828714700581,0.0
P0142,smooth_edge,1,SW2,1e-12,0.2143951954464215,0.05554926015761178,0.15884593528880972,0.025232031157776724,0.0
P0143,smooth_edge,1,SW2,1e-12,0.25748820138915124,0.0011125360328603216,0.2563756653562909,0.06572848178688087,0.0
P0144,smooth_edge,1,SW2,1e-12,0.3061400550723445,1.2858614151064257e-07,0.306139926486203,0.09372165458897776,0.0
P0145,smooth_edge,1,SW2,1e-12,0.18647537739340747,0.16337423951337943,0.023101137880028044,0.0005336625713520666,0.0
P0146,smooth_edge,1,SW2,1e-12,0.07267497815131889,0.016571944094738476,0.05610303405658042,0.0031475504303538223,0.0
P0147,smooth_edge,1,SW2,1e-12,0.031253983631516505,5.5448524722794907e-05,0.03119853510679371,0.0009733485928098395,0.0
P0148,smooth_edge,1,SW2,1e-12,0.003283101285959096,1.1725539852746633e-10,0.0032831011687036974,1.0778753283943583e-05,0.0
P0149,smooth_edge,2,SW2,1e-12,0.8696400134486157,0.8842526814109779,0.014612667962362158,0.0002135300649782454,0.0
P0150,smooth_edge,2,SW2,1e-12,0.9664217767096888,0.9938389829390936,0.0274172062294048,0.0007517031974257134,0.0
P0151,smooth_edge,2,SW2,1e-12,0.9967168168360633,0.9999949695696981,0.0032781527336348537,1.0746285345037665e-05,0.0
P0152,smooth_edge,2,SW2,1e-12,0.9999876781056171,0.9999999999995663,1.232189394928529e-05,1.5182907049743344e-10,0.0
P0153,smooth_edge,2,SW2,1e-12,0.7975760345864944,0.8224934972879262,0.024917462701431803,0.0006208799474772451,0.0
P0154,smooth_edge,2,SW2,1e-12,0.9034213970326355,0.9788208895449324,0.07539949251229694,0.0056850834711119225,0.0
P0155,smooth_edge,2,SW2,1e-12,0.9509106198138733,0.9998989708060922,0.04898835099221899,0.002399858532936843,0.0
P0156,smooth_edge,2,SW2,1e-12,0.9872660409959879,0.9999999995245059,0.012733958528517997,0.00016215369980601623,0.0
P0157,smooth_edge,2,SW2,1e-12,0.7115796320832554,0.7375616214876249,0.025981989404369576,0.000675063773408773,0.0
P0158,smooth_edge,2,SW2,1e-12,0.7628588808942287,0.9297812081694472,0.1669223272752185,0.027863063342975152,0.0
P0159,smooth_edge,2,SW2,1e-12,0.7165615806642156,0.9979746796109501,0.2814130989467345,0.07919333225880458,0.0
P0160,smooth_edge,2,SW2,1e-12,0.6828074955988266,0.9999994785576881,0.31719198295886153,0.1006107540533747,0.0
P0161,smooth_edge,2,SW2,1e-12,0.618987284496612,0.6302602229177513,0.0112729384211393,0.00012707914064679862,0.0
P0162,smooth_edge,2,SW2,1e-12,0.6806461712868113,0.791391472673955,0.11074530138714378,0.01226452177932931,0.0
P0163,smooth_edge,2,SW2,1e-12,0.680639417412517,0.9608342772032357,0.2801948597907187,0.07850915945314049,0.0
P0164,smooth_edge,2,SW2,1e-12,0.6790158178495829,0.9994284955764196,0.3204126777268367,0.1026642840480817,0.0
P0165,smooth_edge,2,SW2,1e-12,0.5188498514697371,0.5083325618141193,0.010517289655617712,0.00011061338170016333,0.0
P0166,smooth_edge,2,SW2,1e-12,0.5940730406481718,0.5208212853727429,0.07325175527542893,0.0053658196509313305,0.0
P0167,smooth_edge,2,SW2,1e-12,0.6698446464695079,0.5498339973124777,0.12001064915703019,0.014402555911091791,0.0
P0168,smooth_edge,2,SW2,1e-12,0.6789776039654557,0.6145944982675491,0.06438310569790662,0.004145184299307815,0.0
P0169,smooth_edge,2,SW2,1e-12,0.4102372043424166,0.3854055017324505,0.024831702609966144,0.0006166134545097994,0.0
P0170,smooth_edge,2,SW2,1e-12,0.42589841677732637,0.23745802834390245,0.18844038843342392,0.03550977999293969,0.0
P0171,smooth_edge,2,SW2,1e-12,0.5283412994604042,0.05732417589886871,0.47101712356153547,0.22185713068818277,0.0
P0172,smooth_edge,2,SW2,1e-12,0.6428445473402027,0.0014520391100099098,0.6413925082301928,0.4113843496138179,0.0
P0173,smooth_edge,2,SW2,1e-12,0.29972990212256473,0.2755454045751979,0.024184497547366846,0.000584889921618593,0.0
P0174,smooth_edge,2,SW2,1e-12,0.17815544734534378,0.0819105771553252,0.09624487019001858,0.009263075037893528,0.0
P0175,smooth_edge,2,SW2,1e-12,0.07838680516249545,0.003018416324708427,0.07536838883778703,0.0056803940360038606,0.0
P0176,smooth_edge,2,SW2,1e-12,0.008207769028736683,1.326011943142785e-06,0.008206443016793541,6.734570698787948e-05,0.0
P0177,hard_step,1,SW2,1e-12,1.0,1.0,0.0,0.0,0.0
P0178,hard_step,1,SW2,1e-12,1.0,1.0,0.0,0.0,0.0
P0179,hard_step,1,SW2,1e-12,0.32098765432098764,1.0,0.6790123456790124,0.46105776558451456,0.0
P0180,hard_step,1,SW2,1e-12,0.32098765432098764,1.0,0.6790123456790124,0.46105776558451456,0.0
P0181,hard_step,1,SW2,1e-12,0.32098765432098764,0.0,0.32098765432098764,0.10303307422648986,0.0
P0182,hard_step,1,SW2,1e-12,0.32098765432098764,0.0,0.32098765432098764,0.10303307422648986,0.0
P0183,hard_step,1,SW2,1e-12,0.32098765432098764,0.0,0.32098765432098764,0.10303307422648986,0.0
P0184,hard_step,1,SW2,1e-12,0.32098765432098764,0.0,0.32098765432098764,0.10303307422648986,0.0
P0185,hard_step,1,SW2,1e-12,0.0,0.0,0.0,0.0,0.0
P0186,hard_step,2,SW2,1e-12,1.0,1.0,0.0,0.0,0.0
P0187,hard_step,2,SW2,1e-12,1.0,1.0,0.0,0.0,0.0
P0188,hard_step,2,SW2,1e-12,0.6790123456790123,1.0,0.32098765432098775,0.10303307422648993,0.0
P0189,hard_step,2,SW2,1e-12,0.6790123456790123,1.0,0.32098765432098775,0.10303307422648993,0.0
P0190,hard_step,2,SW2,1e-12,0.6790123456790123,1.0,0.32098765432098775,0.10303307422648993,0.0
P0191,hard_step,2,SW2,1e-12,0.6790123456790123,1.0,0.32098765432098775,0.10303307422648993,0.0
P0192,hard_step,2,SW2,1e-12,0.6790123456790123,0.0,0.6790123456790123,0.46105776558451445,0.0
P0193,hard_step,2,SW2,1e-12,0.6790123456790123,0.0,0.6790123456790123,0.46105776558451445,0.0
P0194,hard_step,2,SW2,1e-12,0.0,0.0,0.0,0.0,0.0
P0195,kink,1,SW2,1e-12,0.4303835826920157,0.4533333333333333,0.0229497506413176,0.0005266910544986577,0.0
P0196,kink,1,SW2,1e-12,-0.1323428637049676,-0.13333333333333333,0.0009904696283657421,9.810300847149713e-07,0.0
P0197,kink,1,SW2,1e-12,0.28414097646943925,0.29333333333333333,0.00919235686389408,8.44994247131806e-05,0.0
P0198,kink,1,SW2,1e-12,0.1998012271328369,0.15583333333333332,0.04396789379950358,0.0019331756851644255,0.0
P0199,kink,1,SW2,1e-12,-0.12060702294808068,-0.04583333333333333,0.07477368961474734,0.005591104658602574,0.0
P0200,kink,1,SW2,1e-12,0.18061746624539987,0.10083333333333333,0.07978413291206654,0.006365507864530299,0.0
P0201,kink,1,SW2,1e-12,0.07938664031430646,-0.014000000000000004,0.09338664031430646,0.00872106458919365,0.0
P0202,kink,1,SW2,1e-12,-0.1920560519331961,-0.07583333333333335,0.11622271859986276,0.013507720318742885,0.0
P0203,kink,1,SW2,1e-12,0.2025,0.05250000000000001,0.15,0.0225,0.0
P0204,kink,1,SW2,1e-12,-0.012279703192602756,-0.05,0.03772029680739725,0.001422820791238143,0.0
P0205,kink,1,SW2,1e-12,-0.316388154500882,-0.27083333333333337,0.04555482116754861,0.002075241731607335,0.0
P0206,kink,1,SW2,1e-12,0.24185917235958893,0.1875,0.054359172359588925,0.0029549196196194966,0.0
P0207,kink,1,SW2,1e-12,-0.09205208326466241,-0.09200000000000001,5.2083264662397544e-05,2.7126664578933487e-09,0.0
P0208,kink,1,SW2,1e-12,-0.4893274508667367,-0.49833333333333346,0.009005882466596782,8.110591900215533e-05,0.0
P0209,kink,1,SW2,1e-12,0.3422644376899483,0.3450000000000001,0.0027355623100517867,7.483301152175868e-06,0.0
P0210,kink,2,SW2,1e-12,0.7198358615098723,0.7366666666666667,0.01683080515679436,0.0002832760022259756,0.0
P0211,kink,2,SW2,1e-12,-0.21602992808850965,-0.21666666666666667,0.0006367385781570201,4.0543601691342356e-07,0.0
P0212,kink,2,SW2,1e-12,0.47055606646195036,0.47666666666666674,0.0061106002047163765,3.7339434861879825e-05,0.0
P0213,kink,2,SW2,1e-12,0.451413660308402,0.4391666666666666,0.012246993641735426,0.00014998885326070795,0.0
P0214,kink,2,SW2,1e-12,-0.15902165924858394,-0.12916666666666665,0.02985499258191729,0.0008913205820663363,0.0
P0215,kink,2,SW2,1e-12,0.31519057309411913,0.2841666666666667,0.031023906427452452,0.0009624827700193256,0.0
P0216,kink,2,SW2,1e-12,0.2541043649747789,0.18416666666666662,0.06993769830811228,0.004891281644636531,0.0
P0217,kink,2,SW2,1e-12,-0.1413687383122209,-0.054166666666666655,0.08720207164555425,0.007604201299276378,0.0
P0218,kink,2,SW2,1e-12,0.21617141603883244,0.11916666666666664,0.0970047493721658,0.0094099214007567,0.0
P0219,kink,2,SW2,1e-12,0.08712641730015183,-0.010000000000000004,0.09712641730015184,0.009433540937563234,0.0
P0220,kink,2,SW2,1e-12,-0.1725518692617699,-0.05416666666666669,0.11838520259510321,0.014015056193483632,0.0
P0221,kink,2,SW2,1e-12,0.17454191326254354,0.03750000000000002,0.1370419132625435,0.018780485990658496,0.0
P0222,kink,2,SW2,1e-12,-0.05208134745414388,-0.05200000000000001,8.134745414387079e-05,6.617408295689161e-09,0.0
P0223,kink,2,SW2,1e-12,-0.2683448190256878,-0.28166666666666673,0.013321847640978934,0.000177471624569456,0.0
P0224,kink,2,SW2,1e-12,0.19079045837227823,0.19500000000000006,0.00420954162772183,1.7720240715522954e-05,0.0
P0225,thin_feature,1,SW2,1e-12,0.369346672683732,8.364834722972767e-05,0.36926302433650227,0.13635518114214026,0.0
P0226,thin_feature,1,SW2,1e-12,0.5218682210729143,0.0551441169483479,0.4667241041245664,0.2178313893708791,0.0
P0227,thin_feature,1,SW2,1e-12,0.5770598093367092,0.3523219549954969,0.2247378543412123,0.050507103173891954,0.0
P0228,thin_feature,1,SW2,1e-12,0.08241238222639927,0.4111122905071876,0.3286999082807883,0.10804362970379866,0.0
P0229,thin_feature,1,SW2,1e-12,0.32848930922261654,0.7600672046071238,0.4315778953845073,0.18625947978452073,0.0
P0230,thin_feature,1,SW2,1e-12,0.4974517833563617,0.9059551911095096,0.4085034077531479,0.16687503414593463,0.0
P0231,thin_feature,1,SW2,1e-12,3.726653172078671e-06,0.24935220877729616,0.24934848212412408,0.062174665537604624,0.0
P0232,thin_feature,1,SW2,1e-12,0.02110965645367106,0.651375231630207,0.630265575176536,0.3972346952526098,0.0
P0233,thin_feature,1,SW2,1e-12,0.24935220877729616,0.8569968914352788,0.6076446826579827,0.36923206036252043,0.0
P0234,thin_feature,1,SW2,1e-12,0.03498222725974341,1.8664469113520537e-05,0.03496356279062989,0.0012224507230143191,0.0
P0235,thin_feature,1,SW2,1e-12,0.1394667405369794,0.0347085864128538,0.10475815412412562,0.010974270855494057,0.0
P0236,thin_feature,1,SW2,1e-12,0.22811215771499055,0.29823409618142144,0.07012193846643089,0.00491708625428992,0.0
P0237,thin_feature,1,SW2,1e-12,0.15677946556543756,1.7241209390354996e-13,0.15677946556526515,0.02457980082293016,0.0
P0238,thin_feature,1,SW2,1e-12,0.22152154605450755,0.00011499237699560167,0.22140655367751194,0.04902086201135298,0.0
P0239,thin_feature,1,SW2,1e-12,0.24584996584991728,0.03818043380053571,0.20766953204938157,0.04312663454160912,0.0
P0240,thin_feature,2,SW2,1e-12,0.1567794655654377,1.724120939035518e-13,0.15677946556526529,0.024579800822930202,0.0
P0241,thin_feature,2,SW2,1e-12,0.2215215460545076,0.00011499237699560208,0.221406553677512,0.049020862011353,0.0
P0242,thin_feature,2,SW2,1e-12,0.24584996584991725,0.03818043380053579,0.20766953204938146,0.043126634541609074,0.0
P0243,thin_feature,2,SW2,1e-12,0.034982227259743384,1.8664469113520635e-05,0.034963562790629864,0.0012224507230143172,0.0
P0244,thin_feature,2,SW2,1e-12,0.13946674053697933,0.03470858641285385,0.10475815412412548,0.010974270855494028,0.0
P0245,thin_feature,2,SW2,1e-12,0.2281121577149905,0.29823409618142166,0.07012193846643117,0.004917086254289959,0.0
P0246,thin_feature,2,SW2,1e-12,3.726653172078671e-06,0.24935220877729639,0.2493484821241243,0.062174665537604736,0.0
P0247,thin_feature,2,SW2,1e-12,0.02110965645367106,0.6513752316302073,0.6302655751765363,0.39723469525261007,0.0
P0248,thin_feature,2,SW2,1e-12,0.24935220877729616,0.8569968914352789,0.6076446826579828,0.3692320603625206,0.0
P0249,thin_feature,2,SW2,1e-12,0.08241238222639934,0.411112290507187,0.32869990828078766,0.10804362970379822,0.0
P0250,thin_feature,2,SW2,1e-12,0.3284893092226167,0.7600672046071234,0.4315778953845067,0.1862594797845202,0.0
P0251,thin_feature,2,SW2,1e-12,0.49745178335636187,0.9059551911095095,0.40850340775314764,0.1668750341459344,0.0
P0252,thin_feature,2,SW2,1e-12,0.36934667268373167,8.364834722972738e-05,0.36926302433650193,0.13635518114214001,0.0
P0253,thin_feature,2,SW2,1e-12,0.5218682210729142,0.055144116948347775,0.46672410412456644,0.21783138937087915,0.0
P0254,thin_feature,2,SW2,1e-12,0.5770598093367093,0.35232195499549673,0.22473785434121257,0.05050710317389208,0.0
P0255,mixed_frequency,1,SW2,1e-12,0.5021130505105011,0.49935542472536626,0.0027576257851348873,7.604499970840803e-06,0.0
P0256,mixed_frequency,1,SW2,1e-12,0.43430937803735675,0.45555610868671437,0.021246730649357615,0.00045142356328635225,0.0
P0257,mixed_frequency,1,SW2,1e-12,0.2841075203271702,0.155213372665013,0.12889414766215718,0.016613701301553978,0.0
P0258,mixed_frequency,1,SW2,1e-12,0.681071721055602,0.7427118258953607,0.06164010483975868,0.0037995025246564413,0.0
P0259,mixed_frequency,1,SW2,1e-12,0.7072023881845332,0.5406964779017696,0.16650591028276363,0.027724218159091728,0.0
P0260,mixed_frequency,1,SW2,1e-12,0.4754172377057281,0.4170475535071272,0.05836968419860089,0.0034070200334443985,0.0
P0261,mixed_frequency,1,SW2,1e-12,0.5190454875014886,0.47535988945488694,0.04368559804660166,0.0019084314766892466,0.0
P0262,mixed_frequency,1,SW2,1e-12,0.579758904542775,0.6686000035176052,0.08884109897483017,0.00789274086705557,0.0
P0263,mixed_frequency,1,SW2,1e-12,0.3781066104148585,0.28032091330418796,0.09778569711067053,0.0095620425594198,0.0
P0264,mixed_frequency,1,SW2,1e-12,0.48588464583142815,0.4747727588702795,0.011111886961148676,0.00012347403183734596,0.0
P0265,mixed_frequency,1,SW2,1e-12,0.5274109771022484,0.4673856494865241,0.06002532761572427,0.00360303995537503,0.0
P0266,mixed_frequency,1,SW2,1e-12,0.5024894742796544,0.4334862851454516,0.06900318913420278,0.0047614401106905605,0.0
P0267,mixed_frequency,1,SW2,1e-12,0.6953974703660035,0.6773719504742064,0.018025519891797126,0.0003249193673695739,0.0
P0268,mixed_frequency,1,SW2,1e-12,0.5623179837886607,0.4548365472979632,0.10748143649069752,0.011552259190103845,0.0
P0269,mixed_frequency,1,SW2,1e-12,0.6823413081742926,0.6986226099788257,0.016281301804533133,0.0002650807884502938,0.0
P0270,mixed_frequency,1,SW2,1e-12,0.29627773589646766,0.23943781507349454,0.05683992082297312,0.0032307765991618537,0.0
P0271,mixed_frequency,1,SW2,1e-12,0.47719138608358325,0.4664184217464979,0.010772964337085356,0.00011605676060811291,0.0
P0272,mixed_frequency,1,SW2,1e-12,0.4569590489884469,0.4844869960552387,0.02752794706679179,0.0007577878697120908,0.0
P0273,mixed_frequency,1,SW2,1e-12,0.6803186631576061,0.7668339405122937,0.08651527735468756,0.007484893215758514,0.0
P0274,mixed_frequency,1,SW2,1e-12,0.5479676205578139,0.6036770727120775,0.055709452154263595,0.0031035430593281846,0.0
P0275,mixed_frequency,1,SW2,1e-12,0.5330271042862547,0.5801958680494812,0.04716876376322654,0.002224892274951073,0.0
P0276,mixed_frequency,1,SW2,1e-12,0.47767180325442254,0.43425126660147423,0.043420536652948316,0.001885343003230028,0.0
P0277,mixed_frequency,1,SW2,1e-12,0.6103884573865563,0.6813224182546447,0.07093396086808834,0.005031626804435488,0.0
P0278,mixed_frequency,1,SW2,1e-12,0.2766896031421081,0.29829739986517656,0.02160779672306845,0.00046689687922544767,0.0
P0279,mixed_frequency,1,SW2,1e-12,0.44995550443838617,0.45224178202853027,0.0022862775901441035,5.227065219195129e-06,0.0
P0280,mixed_frequency,1,SW2,1e-12,0.5956458558052227,0.48763067251845843,0.10801518328676424,0.011667279820473272,0.0
P0281,mixed_frequency,1,SW2,1e-12,0.4852588721972244,0.5701012749830773,0.08484240278585287,0.007198233310476894,0.0
P0282,mixed_frequency,1,SW2,1e-12,0.5346008916537092,0.5623229858879404,0.02772209423423122,0.0007685145087315959,0.0
P0283,mixed_frequency,1,SW2,1e-12,0.5837118724424207,0.7666319644998695,0.18292009205744875,0.03345976007830553,0.0
P0284,mixed_frequency,1,SW2,1e-12,0.4839715153623648,0.5391611189168729,0.05518960355450808,0.003045892340503771,0.0
P0285,mixed_frequency,1,SW2,1e-12,0.6726150394605439,0.6887178293753018,0.016102789914757887,0.0002592998430388283,0.0
P0286,mixed_frequency,1,SW2,1e-12,0.3271677898327088,0.2988924441998043,0.02827534563290446,0.0007994951706602093,0.0
P0287,mixed_frequency,1,SW2,1e-12,0.42851416092701,0.4271356910831181,0.001378469843891894,1.9001791105193429e-06,0.0
P0288,mixed_frequency,1,SW2,1e-12,0.3759765064844216,0.2645103235299279,0.11146618295449368,0.012424709942444656,0.0
P0289,mixed_frequency,1,SW2,1e-12,0.5258293701102198,0.43919422396993496,0.08663514614028484,0.00750564854674851,0.0
P0290,mixed_frequency,1,SW2,1e-12,0.3322290011161218,0.35253116173124965,0.02030216061512785,0.0004121777256424485,0.0
P0291,mixed_frequency,1,SW2,1e-12,0.3486371358127398,0.3719201334216269,0.02328299760888708,0.0005420979776554415,0.0
P0292,mixed_frequency,1,SW2,1e-12,0.5143983306606396,0.5405693019751132,0.026170971314473657,0.000684919739543003,0.0
P0293,mixed_frequency,1,SW2,1e-12,0.5092241963472384,0.5848295787523584,0.07560538240512005,0.005716173848624436,0.0
P0294,mixed_frequency,1,SW2,1e-12,0.5285028062046984,0.5409906345655865,0.012487828360888131,0.00015594585717100196,0.0
P0295,mixed_frequency,1,SW2,1e-12,0.5880387223675523,0.6740210161891979,0.08598229382164557,0.007392954850831791,0.0
P0296,mixed_frequency,1,SW2,1e-12,0.4803639410092058,0.43882666894757716,0.04153727206162866,0.001725344970321757,0.0
P0297,mixed_frequency,1,SW2,1e-12,0.41935405321102465,0.4085314772238543,0.010822575987170346,0.00011712815099807619,0.0
P0298,mixed_frequency,1,SW2,1e-12,0.5754671972121459,0.5515396754151357,0.023927521797010187,0.0005725262993463977,0.0
P0299,mixed_frequency,1,SW2,1e-12,0.4624246319694326,0.45758380838567025,0.004840823583762366,2.3433572969109916e-05,0.0
P0300,mixed_frequency,1,SW2,1e-12,0.5966581362189702,0.6005499470896327,0.003891810870662482,1.5146191853006667e-05,0.0
P0301,mixed_frequency,1,SW2,1e-12,0.279204465537088,0.2456362579031397,0.0335682076339483,0.001126824563755865,0.0
P0302,mixed_frequency,1,SW2,1e-12,0.3618659478170576,0.3270528513166872,0.0348130965003704,0.0012119516879441018,0.0
P0303,mixed_frequency,1,SW2,1e-12,0.47361584901710435,0.4633290863928645,0.010286762624239831,0.00010581748528745754,0.0
P0304,mixed_frequency,1,SW2,1e-12,0.4853371324033789,0.4944074046768252,0.009070272273446311,8.226983911444893e-05,0.0
P0305,mixed_frequency,1,SW2,1e-12,0.552878546727668,0.535141282,0.017737264727668012,0.0003146105600193758,0.0
P0306,mixed_frequency,1,SW2,1e-12,0.5405436923705913,0.4813603793968585,0.059183312973732805,0.0035026645345468095,0.0
P0307,mixed_frequency,1,SW2,1e-12,0.44660917515459764,0.44916240885229025,0.002553233697692614,6.5190023150330984e-06,0.0
P0308,mixed_frequency,1,SW2,1e-12,0.42420735001754994,0.3619738362318022,0.06223351378574776,0.003873010238120857,0.0
P0309,mixed_frequency,1,SW2,1e-12,0.5251883483606987,0.5383224304502269,0.013134082089528154,0.00017250411233446424,0.0
P0310,mixed_frequency,1,SW2,1e-12,0.3165132393579684,0.3926499743554235,0.0761367349974551,0.005796802416072704,0.0
P0311,mixed_frequency,1,SW2,1e-12,0.4259485263948614,0.42040974436429945,0.005538782030561962,3.067810638207609e-05,0.0
P0312,mixed_frequency,1,SW2,1e-12,0.5838096579629518,0.6101470394713223,0.026337381508370505,0.0006936576647174566,0.0
P0313,mixed_frequency,1,SW2,1e-12,0.5435219776367421,0.5479313452317733,0.004409367595031188,1.9442522588111126e-05,0.0
P0314,mixed_frequency,1,SW2,1e-12,0.8361228669537025,0.8500388285880128,0.013915961634310303,0.00019365398820759628,0.0
P0315,mixed_frequency,1,SW2,1e-12,0.42682546879473404,0.41205449093146773,0.01477097786326631,0.00021818178703710337,0.0
P0316,mixed_frequency,1,SW2,1e-12,0.5852749289969665,0.6085826163686509,0.023307687371684316,0.0005432482906161725,0.0
P0317,mixed_frequency,1,SW2,1e-12,0.43708419380793523,0.429892434580156,0.007191759227779204,5.1721400790347337e-05,0.0
P0318,mixed_frequency,1,SW2,1e-12,0.43933979919238836,0.39204653808406975,0.04729326110831861,0.0022366525462596014,0.0
P0319,mixed_frequency,2,SW2,1e-12,0.6881093771555976,0.8140327948345307,0.12592341767893311,0.015856707119943046,0.0
P0320,mixed_frequency,2,SW2,1e-12,0.5538340646676162,0.5548865092370293,0.0010524445694131135,1.1076395716871539e-06,0.0
P0321,mixed_frequency,2,SW2,1e-12,0.31521156352806307,0.3967439560775554,0.08153239254949235,0.006647531034844515,0.0
P0322,mixed_frequency,2,SW2,1e-12,0.6294886597471135,0.6303496925970249,0.0008610328499113473,7.413775686264567e-07,0.0
P0323,mixed_frequency,2,SW2,1e-12,0.2632885627832629,0.276272829973252,0.012984267189989074,0.00016859119446102676,0.0
P0324,mixed_frequency,2,SW2,1e-12,0.48019324549004283,0.3680034887100495,0.11218975677999332,0.012586541526354057,0.0
P0325,mixed_frequency,2,SW2,1e-12,0.7044478145508501,0.6634508837330682,0.040996930817781996,0.0016807483364780031,0.0
P0326,mixed_frequency,2,SW2,1e-12,0.6146067162200989,0.6508270799207778,0.03622036370067894,0.0013119147466094604,0.0
P0327,mixed_frequency,2,SW2,1e-12,0.5116675309199058,0.5333568294057774,0.021689298485871644,0.000470425668809234,0.0
P0328,mixed_frequency,2,SW2,1e-12,0.601783356858644,0.6678860836431736,0.06610272678452955,0.00436957048835016,0.0
P0329,mixed_frequency,2,SW2,1e-12,0.4845289004192579,0.48087471401390125,0.003654186405356641,1.3353078285093288e-05,0.0
P0330,mixed_frequency,2,SW2,1e-12,0.38982309669320764,0.3476791051625945,0.042143991530613156,0.0017761160221323935,0.0
P0331,mixed_frequency,2,SW2,1e-12,0.3213579150467117,0.20720898854505576,0.11414892650165592,0.013029977421480446,0.0
P0332,mixed_frequency,2,SW2,1e-12,0.5803634471321292,0.6153000035934494,0.03493655646132021,0.001220562977375015,0.0
P0333,mixed_frequency,2,SW2,1e-12,0.14207768860763978,0.0649946518336959,0.07708303677394387,0.005941794558293184,0.0
P0334,mixed_frequency,2,SW2,1e-12,0.4634708141837739,0.5226072573180978,0.05913644313432387,0.0034971189065791204,0.0
P0335,mixed_frequency,2,SW2,1e-12,0.4995590126333622,0.3957690317599277,0.1037899808734345,0.010772360129707899,0.0
P0336,mixed_frequency,2,SW2,1e-12,0.5935202370469287,0.7552761193165396,0.1617558822696109,0.026164965448820222,0.0
P0337,mixed_frequency,2,SW2,1e-12,0.38985941602339524,0.48475446913807674,0.0948950531146815,0.009005071105638222,0.0
P0338,mixed_frequency,2,SW2,1e-12,0.6537503547657653,0.6651371781040039,0.011386823338238594,0.00012965974573625512,0.0
P0339,mixed_frequency,2,SW2,1e-12,0.6666105551128391,0.7408408381328755,0.07423028302003642,0.005510134917234708,0.0
P0340,mixed_frequency,2,SW2,1e-12,0.49843618358754627,0.5689577717014875,0.07052158811394127,0.004973294390112382,0.0
P0341,mixed_frequency,2,SW2,1e-12,0.41403164547766613,0.2574974214481519,0.15653422402951422,0.024502963292522148,0.0
P0342,mixed_frequency,2,SW2,1e-12,0.5233446748178083,0.5173737037104447,0.005970971107363665,3.565249596497167e-05,0.0
P0343,mixed_frequency,2,SW2,1e-12,0.38847023068412595,0.48324739685668694,0.09477716617256099,0.008982711227701239,0.0
P0344,mixed_frequency,2,SW2,1e-12,0.354064737236683,0.270052112801759,0.08401262443492402,0.0070581210644435925,0.0
P0345,mixed_frequency,2,SW2,1e-12,0.5042050440793386,0.49531618841216574,0.008888855667172901,7.901175507183181e-05,0.0
P0346,mixed_frequency,2,SW2,1e-12,0.2561469610581029,0.16971157929838276,0.08643538175972015,0.0074710752199485635,0.0
P0347,mixed_frequency,2,SW2,1e-12,0.6428891886653748,0.6635927865275683,0.020703597862193446,0.000428638964439421,0.0
P0348,mixed_frequency,2,SW2,1e-12,0.43435931482001533,0.3179991471566734,0.11636016766334195,0.01353968861864105,0.0
P0349,mixed_frequency,2,SW2,1e-12,0.5960196547023867,0.6303959865910851,0.034376331888698375,0.0011817321941219408,0.0
P0350,mixed_frequency,2,SW2,1e-12,0.4403929473591927,0.35492709939749145,0.08546584796170126,0.007304411167812635,0.0
P0351,mixed_frequency,2,SW2,1e-12,0.42423061534252865,0.3906606716516097,0.033569943690918924,0.0011269411194114673,0.0
P0352,mixed_frequency,2,SW2,1e-12,0.4300191868755461,0.4275323977379478,0.0024867891375982554,6.1841202148766745e-06,0.0
P0353,mixed_frequency,2,SW2,1e-12,0.5070275748501166,0.6041255480496204,0.09709797319950375,0.009428016399451549,0.0
P0354,mixed_frequency,2,SW2,1e-12,0.46089896866870034,0.4412332367188725,0.019665731949827847,0.0003867410131224798,0.0
P0355,mixed_frequency,2,SW2,1e-12,0.5168288702795434,0.609299498114648,0.09247062783510462,0.008550817012218426,0.0
P0356,mixed_frequency,2,SW2,1e-12,0.7143624912463677,0.7689757838647319,0.05461329261836412,0.0029826117306190644,0.0
P0357,mixed_frequency,2,SW2,1e-12,0.4737723241283738,0.5332989647948638,0.05952664066649005,0.003543420949037427,0.0
P0358,mixed_frequency,2,SW2,1e-12,0.4487222733642532,0.41575437560416867,0.03296789776008452,0.0010868822827193858,0.0
P0359,mixed_frequency,2,SW2,1e-12,0.13356354406588536,0.04017781537158405,0.09338572869430131,0.008720894323765651,0.0
P0360,mixed_frequency,2,SW2,1e-12,0.564710884548943,0.5542356586168614,0.010475225932081611,0.00010973035832815505,0.0
P0361,mixed_frequency,2,SW2,1e-12,0.43325587628828216,0.6474451945759677,0.21418931828768556,0.04587706406854347,0.0
P0362,mixed_frequency,2,SW2,1e-12,0.5649815524806213,0.5504878096411179,0.014493742839503443,0.0002100685814976573,0.0
P0363,mixed_frequency,2,SW2,1e-12,0.32743316240759607,0.2947314072873603,0.032701755120235765,0.0010694047879438661,0.0
P0364,mixed_frequency,2,SW2,1e-12,0.700015674722534,0.718965854204543,0.018950179482008944,0.0003591093024003528,0.0
P0365,mixed_frequency,2,SW2,1e-12,0.25041694094574507,0.2420960937654339,0.008320847180311175,6.923649779809243e-05,0.0
P0366,mixed_frequency,2,SW2,1e-12,0.3707402146093713,0.3304965060026291,0.0402437086067422,0.0016195560824243762,0.0
P0367,mixed_frequency,2,SW2,1e-12,0.5436867257680233,0.3705258094086487,0.17316091635937464,0.029984702954418338,0.0
P0368,mixed_frequency,2,SW2,1e-12,0.6297267142356588,0.6512758947908197,0.021549180555160863,0.00046436718259892305,0.0
P0369,mixed_frequency,2,SW2,1e-12,0.6653731919918999,0.6719703535433057,0.006597161551405772,4.352254053534662e-05,0.0
P0370,mixed_frequency,2,SW2,1e-12,0.4477071080807149,0.46107812920209956,0.013371021121384663,0.00017878420582851477,0.0
P0371,mixed_frequency,2,SW2,1e-12,0.6794790781329135,0.791170460656414,0.11169138252350053,0.012474964930010919,0.0
P0372,mixed_frequency,2,SW2,1e-12,0.5602564171254125,0.533951223416073,0.02630519370933948,0.0006919632160858733,0.0
P0373,mixed_frequency,2,SW2,1e-12,0.35311195685658975,0.31761767180206096,0.035494285054528785,0.0012598442715321455,0.0
P0374,mixed_frequency,2,SW2,1e-12,0.6012101371536609,0.6098001802240762,0.008590043070415332,7.378883995159046e-05,0.0
P0375,mixed_frequency,2,SW2,1e-12,0.6951588804654254,0.7417467047610486,0.04658782429562325,0.002170425372599864,0.0
P0376,mixed_frequency,2,SW2,1e-12,0.4373774012068625,0.3436031187899571,0.09377428241690544,0.008793616042805541,0.0
P0377,mixed_frequency,2,SW2,1e-12,0.49699242864496157,0.5015638929582081,0.004571464313246565,2.0898285967286887e-05,0.0
P0378,mixed_frequency,2,SW2,1e-12,0.7254534593567321,0.7714303015145285,0.045976842157796405,0.002113870014802925,0.0
P0379,mixed_frequency,2,SW2,1e-12,0.3286492949811959,0.33214085095807067,0.003491555976874783,1.2190963139650018e-05,0.0
P0380,mixed_frequency,2,SW2,1e-12,0.5694114732953822,0.5278122067042186,0.04159926659116364,0.0017304989809227035,0.0
P0381,mixed_frequency,2,SW2,1e-12,0.5271477300814101,0.3212502519429321,0.20589747813847803,0.04239377150378504,0.0
P0382,mixed_frequency,2,SW2,1e-12,0.3914963427230682,0.2252611572341287,0.1662351854889395,0.027634136894542125,0.0
P0001,smooth_polynomial,1,SW2,1e-10,-0.2722222222222222,-0.2722222222222222,0.0,0.0,0.0
P0002,smooth_polynomial,1,SW2,1e-10,0.027777777777777846,0.02777777777777779,5.551115123125783e-17,3.0814879110195774e-33,0.0
P0003,smooth_polynomial,1,SW2,1e-10,0.47777777777777786,0.4777777777777778,5.551115123125783e-17,3.0814879110195774e-33,0.0
P0004,smooth_polynomial,1,SW2,1e-10,-0.08888888888888889,-0.08888888888888888,1.3877787807814457e-17,1.925929944387236e-34,0.0
P0005,smooth_polynomial,1,SW2,1e-10,0.21111111111111108,0.2111111111111111,2.7755575615628914e-17,7.703719777548943e-34,0.0
P0006,smooth_polynomial,1,SW2,1e-10,0.6611111111111111,0.6611111111111111,0.0,0.0,0.0
P0007,smooth_polynomial,1,SW2,1e-10,0.050000000000000044,0.09444444444444444,0.0444444444444444,0.0019753086419753044,0.0
P0008,smooth_polynomial,1,SW2,1e-10,0.35000000000000003,0.39444444444444443,0.0444444444444444,0.0019753086419753044,0.0
P0009,smooth_polynomial,1,SW2,1e-10,0.8,0.8444444444444444,0.0444444444444444,0.0019753086419753044,0.0
P0010,smooth_polynomial,1,SW2,1e-10,0.26111111111111107,0.2611111111111111,5.551115123125783e-17,3.0814879110195774e-33,0.0
P0011,smooth_polynomial,1,SW2,1e-10,0.561111111111111,0.5611111111111111,1.1102230246251565e-16,1.232595164407831e-32,0.0
P0012,smooth_polynomial,1,SW2,1e-10,1.011111111111111,1.011111111111111,0.0,0.0,0.0
P0013,smooth_polynomial,1,SW2,1e-10,-0.23333333333333328,-0.2333333333333333,2.7755575615628914e-17,7.703719777548943e-34,0.0
P0014,smooth_polynomial,1,SW2,1e-10,0.06666666666666667,0.06666666666666668,1.3877787807814457e-17,1.925929944387236e-34,0.0
P0015,smooth_polynomial,1,SW2,1e-10,0.5166666666666667,0.5166666666666667,0.0,0.0,0.0
P0016,smooth_polynomial,1,SW2,1e-10,-0.04999999999999999,-0.049999999999999996,6.938893903907228e-18,4.81482486096809e-35,0.0
P0017,smooth_polynomial,1,SW2,1e-10,0.25,0.25,0.0,0.0,0.0
P0018,smooth_polynomial,1,SW2,1e-10,0.7,0.7,0.0,0.0,0.0
P0019,smooth_polynomial,1,SW2,1e-10,0.13333333333333336,0.13333333333333333,2.7755575615628914e-17,7.703719777548943e-34,0.0
P0020,smooth_polynomial,1,SW2,1e-10,0.4333333333333333,0.43333333333333335,5.551115123125783e-17,3.0814879110195774e-33,0.0
P0021,smooth_polynomial,1,SW2,1e-10,0.8833333333333333,0.8833333333333333,0.0,0.0,0.0
P0022,smooth_polynomial,1,SW2,1e-10,0.3,0.3,0.0,0.0,0.0
P0023,smooth_polynomial,1,SW2,1e-10,0.6,0.6,0.0,0.0,0.0
P0024,smooth_polynomial,1,SW2,1e-10,1.0499999999999998,1.05,2.220446049250313e-16,4.930380657631324e-32,0.0
P0025,smooth_polynomial,1,SW2,1e-10,-0.20555555555555555,-0.20555555555555555,0.0,0.0,0.0
P0026,smooth_polynomial,1,SW2,1e-10,0.09444444444444444,0.09444444444444444,0.0,0.0,0.0
P0027,smooth_polynomial,1,SW2,1e-10,0.5444444444444445,0.5444444444444445,0.0,0.0,0.0
P0028,smooth_polynomial,1,SW2,1e-10,0.0,-0.02222222222222222,0.02222222222222222,0.0004938271604938271,0.0
P0029,smooth_polynomial,1,SW2,1e-10,0.3,0.2777777777777778,0.0222222222222222,0.0004938271604938261,0.0
P0030,smooth_polynomial,1,SW2,1e-10,0.75,0.7277777777777777,0.022222222222222254,0.0004938271604938286,0.0
P0031,smooth_polynomial,1,SW2,1e-10,0.1611111111111111,0.1611111111111111,0.0,0.0,0.0
P0032,smooth_polynomial,1,SW2,1e-10,0.46111111111111114,0.4611111111111111,5.551115123125783e-17,3.0814879110195774e-33,0.0
P0033,smooth_polynomial,1,SW2,1e-10,0.911111111111111,0.9111111111111111,1.1102230246251565e-16,1.232595164407831e-32,0.0
P0034,smooth_polynomial,1,SW2,1e-10,0.3277777777777777,0.3277777777777778,5.551115123125783e-17,3.0814879110195774e-33,0.0
P0035,smooth_polynomial,1,SW2,1e-10,0.6277777777777778,0.6277777777777778,0.0,0.0,0.0
P0036,smooth_polynomial,1,SW2,1e-10,1.0777777777777777,1.0777777777777777,0.0,0.0,0.0
P0037,smooth_polynomial,2,SW2,1e-10,-0.622222222222222,-0.6222222222222221,1.1102230246251565e-16,1.232595164407831e-32,0.0
P0038,smooth_polynomial,2,SW2,1e-10,-0.3222222222222221,-0.32222222222222213,5.551115123125783e-17,3.0814879110195774e-33,0.0
P0039,smooth_polynomial,2,SW2,1e-10,0.12777777777777788,0.12777777777777788,0.0,0.0,0.0
P0040,smooth_polynomial,2,SW2,1e-10,-0.25555555555555554,-0.25555555555555554,0.0,0.0,0.0
P0041,smooth_polynomial,2,SW2,1e-10,0.04444444444444443,0.04444444444444445,2.0816681711721685e-17,4.333342374871281e-34,0.0
P0042,smooth_polynomial,2,SW2,1e-10,0.4944444444444444,0.49444444444444446,5.551115123125783e-17,3.0814879110195774e-33,0.0
P0043,smooth_polynomial,2,SW2,1e-10,0.050000000000000044,0.11111111111111113,0.06111111111111109,0.003734567901234565,0.0
P0044,smooth_polynomial,2,SW2,1e-10,0.35000000000000003,0.4111111111111111,0.06111111111111106,0.0037345679012345616,0.0
P0045,smooth_polynomial,2,SW2,1e-10,0.8,0.8611111111111112,0.061111111111111116,0.0037345679012345686,0.0
P0046,smooth_polynomial,2,SW2,1e-10,0.4444444444444444,0.4444444444444444,0.0,0.0,0.0
P0047,smooth_polynomial,2,SW2,1e-10,0.7444444444444445,0.7444444444444445,0.0,0.0,0.0
P0048,smooth_polynomial,2,SW2,1e-10,1.1944444444444444,1.1944444444444444,0.0,0.0,0.0
P0049,smooth_polynomial,2,SW2,1e-10,-0.46666666666666656,-0.4666666666666666,5.551115123125783e-17,3.0814879110195774e-33,0.0
P0050,smooth_polynomial,2,SW2,1e-10,-0.16666666666666663,-0.16666666666666663,0.0,0.0,0.0
P0051,smooth_polynomial,2,SW2,1e-10,0.2833333333333333,0.2833333333333334,5.551115123125783e-17,3.0814879110195774e-33,0.0
P0052,smooth_polynomial,2,SW2,1e-10,-0.09999999999999998,-0.09999999999999999,1.3877787807814457e-17,1.925929944387236e-34,0.0
P0053,smooth_polynomial,2,SW2,1e-10,0.19999999999999996,0.2,5.551115123125783e-17,3.0814879110195774e-33,0.0
P0054,smooth_polynomial,2,SW2,1e-10,0.6499999999999999,0.65,1.1102230246251565e-16,1.232595164407831e-32,0.0
P0055,smooth_polynomial,2,SW2,1e-10,0.2666666666666667,0.26666666666666666,5.551115123125783e-17,3.0814879110195774e-33,0.0
P0056,smooth_polynomial,2,SW2,1e-10,0.5666666666666665,0.5666666666666667,1.1102230246251565e-16,1.232595164407831e-32,0.0
P0057,smooth_polynomial,2,SW2,1e-10,1.0166666666666664,1.0166666666666666,2.220446049250313e-16,4.930380657631324e-32,0.0
P0058,smooth_polynomial,2,SW2,1e-10,0.5999999999999999,0.6,1.1102230246251565e-16,1.232595164407831e-32,0.0
P0059,smooth_polynomial,2,SW2,1e-10,0.8999999999999999,0.8999999999999999,0.0,0.0,0.0
P0060,smooth_polynomial,2,SW2,1e-10,1.35,1.35,0.0,0.0,0.0
P0061,smooth_polynomial,2,SW2,1e-10,-0.3555555555555555,-0.3555555555555555,0.0,0.0,0.0
P0062,smooth_polynomial,2,SW2,1e-10,-0.055555555555555525,-0.055555555555555525,0.0,0.0,0.0
P0063,smooth_polynomial,2,SW2,1e-10,0.3944444444444444,0.3944444444444445,1.1102230246251565e-16,1.232595164407831e-32,0.0
P0064,smooth_polynomial,2,SW2,1e-10,0.011111111111111115,0.011111111111111113,1.734723475976807e-18,3.009265538105056e-36,0.0
P0065,smooth_polynomial,2,SW2,1e-10,0.3111111111111111,0.3111111111111111,0.0,0.0,0.0
P0066,smooth_polynomial,2,SW2,1e-10,0.7611111111111111,0.7611111111111111,0.0,0.0,0.0
P0067,smooth_polynomial,2,SW2,1e-10,0.37777777777777777,0.37777777777777777,0.0,0.0,0.0
P0068,smooth_polynomial,2,SW2,1e-10,0.6777777777777777,0.6777777777777778,1.1102230246251565e-16,1.232595164407831e-32,0.0
P0069,smooth_polynomial,2,SW2,1e-10,1.1277777777777778,1.1277777777777778,0.0,0.0,0.0
P0070,smooth_polynomial,2,SW2,1e-10,0.711111111111111,0.711111111111111,0.0,0.0,0.0
P0071,smooth_polynomial,2,SW2,1e-10,1.011111111111111,1.011111111111111,0.0,0.0,0.0
P0072,smooth_polynomial,2,SW2,1e-10,1.4611111111111108,1.461111111111111,2.220446049250313e-16,4.930380657631324e-32,0.0
P0073,sinusoid,1,SW2,1e-10,0.5747241696829175,0.5750459360222461,0.00032176633932856635,1.035335771249061e-07,0.0
P0074,sinusoid,1,SW2,1e-10,0.729697418219835,0.730415500617587,0.0007180823977519513,5.156423299611915e-07,0.0
P0075,sinusoid,1,SW2,1e-10,0.8955404848320023,0.8963605256140483,0.0008200407820460054,6.724668842186241e-07,0.0
P0076,sinusoid,1,SW2,1e-10,0.9253448209582158,0.9261899555312407,0.0008451345730249304,7.142524465220314e-07,0.0
P0077,sinusoid,1,SW2,1e-10,0.6283460858837131,0.6390576474687264,0.010711561585013296,0.00011473755158953256,0.0
P0078,sinusoid,1,SW2,1e-10,0.7717417834903242,0.7844097681841611,0.012667984693836898,0.0001604778362032859,0.0
P0079,sinusoid,1,SW2,1e-10,0.9154248256211042,0.9232342443900284,0.00780941876892427,6.098702150842666e-05,0.0
P0080,sinusoid,1,SW2,1e-10,0.8868792207992506,0.9005180993532904,0.01363887855403978,0.00018601900821184624,0.0
P0081,sinusoid,1,SW2,1e-10,0.6514075553522763,0.7000858306332174,0.04867827528094104,0.0023695744843270756,0.0
P0082,sinusoid,1,SW2,1e-10,0.7876538915139647,0.8323019291604284,0.044648037646463745,0.0019934472656800437,0.0
P0083,sinusoid,1,SW2,1e-10,0.8552766828604776,0.9410273310610535,0.08575064820057587,0.007353173666818927,0.0
P0084,sinusoid,1,SW2,1e-10,0.8085473835862782,0.8662529935510221,0.05770560996474394,0.0033299374214031553,0.0
P0085,sinusoid,1,SW2,1e-10,0.644045891564113,0.764503363531613,0.12045747196750001,0.01451000255280105,0.0
P0086,sinusoid,1,SW2,1e-10,0.7745735837272247,0.8782525822748479,0.10367899854762319,0.010749334739838051,0.0
P0087,sinusoid,1,SW2,1e-10,0.8356222521980439,0.9497626892323064,0.11414043703426258,0.01302803936637246,0.0
P0088,sinusoid,1,SW2,1e-10,0.698199024280399,0.8175214687028707,0.11932244442247164,0.014237845742953833,0.0
P0089,sinusoid,1,SW2,1e-10,0.603166367949912,0.8215127058347615,0.21834633788484958,0.0476751232677249,0.0
P0090,sinusoid,1,SW2,1e-10,0.6685770565034996,0.913609165108942,0.24503210860544233,0.060040734247629284,0.0
P0091,sinusoid,1,SW2,1e-10,0.6902872292313956,0.9459011273494009,0.2556138981180053,0.06533846491108199,0.0
P0092,sinusoid,1,SW2,1e-10,0.6613922940950663,0.7598968261006515,0.09850453200558518,0.009703142825639355,0.0
P0093,sinusoid,1,SW2,1e-10,0.5374268801760551,0.8695171441101668,0.3320902639341117,0.11028394339982796,0.0
P0094,sinusoid,1,SW2,1e-10,0.5715800295385693,0.9373814131120659,0.36580138357349656,0.13381065222428437,0.0
P0095,sinusoid,1,SW2,1e-10,0.6225954446555535,0.9295507997512531,0.3069553550956996,0.09422159002192704,0.0
P0096,sinusoid,1,SW2,1e-10,0.6703389710260831,0.6949930124620182,0.02465404143593508,0.000607821759124804,0.0
P0097,sinusoid,2,SW2,1e-10,0.6476466411038777,0.6479899910323624,0.00034334992848472634,1.1788917339046669e-07,0.0
P0098,sinusoid,2,SW2,1e-10,0.790902532214592,0.7916505965928816,0.0007480643782896701,5.596003140659107e-07,0.0
P0099,sinusoid,2,SW2,1e-10,0.9254986405285155,0.9263431321527904,0.0008444916242749123,7.131661034704797e-07,0.0
P0100,sinusoid,2,SW2,1e-10,0.8953133752374287,0.8961339865207938,0.0008206112833650803,6.73402878386084e-07,0.0
P0101,sinusoid,2,SW2,1e-10,0.7524795016628949,0.764503363531613,0.012023861868718067,0.00014457325423801232,0.0
P0102,sinusoid,2,SW2,1e-10,0.8640315354299019,0.8782525822748479,0.014221046844946073,0.00020223817336615066,0.0
P0103,sinusoid,2,SW2,1e-10,0.9322652283716057,0.9497626892323064,0.017497460860700698,0.0003061611365717528,0.0
P0104,sinusoid,2,SW2,1e-10,0.8052705633108236,0.8175214687028707,0.012250905392047096,0.0001500846829248886,0.0
P0105,sinusoid,2,SW2,1e-10,0.8008600742461957,0.8584384631108883,0.05757838886469269,0.0033152708642537666,0.0
P0106,sinusoid,2,SW2,1e-10,0.8821261968313979,0.9325665474142472,0.050440350582849236,0.002544228966920739,0.0
P0107,sinusoid,2,SW2,1e-10,0.8552766828604776,0.9347900511762953,0.07951336831581768,0.006322375740926879,0.0
P0108,sinusoid,2,SW2,1e-10,0.6629271214060461,0.7118049992277586,0.04887787782171249,0.002389046940354254,0.0
P0109,sinusoid,2,SW2,1e-10,0.7874712846183214,0.9279754323328191,0.1405041477144977,0.01974141552497739,0.0
P0110,sinusoid,2,SW2,1e-10,0.8378861438617723,0.9492985900688871,0.11141244620711477,0.012412733169853241,0.0
P0111,sinusoid,2,SW2,1e-10,0.7669998868534168,0.8724546351889504,0.10545474833553359,0.011120703946510725,0.0
P0112,sinusoid,2,SW2,1e-10,0.4720635418212553,0.5694513006537083,0.09738775883245299,0.009484375570408024,0.0
P0113,sinusoid,2,SW2,1e-10,0.7061191160024229,0.9499013075636804,0.24378219156125747,0.05942975692240963,0.0
P0114,sinusoid,2,SW2,1e-10,0.6685770565034996,0.9160473958699,0.2474703393664004,0.06124156886612138,0.0
P0115,sinusoid,2,SW2,1e-10,0.5472728893391554,0.7686846617394372,0.22141177240028176,0.04902317295743417,0.0
P0116,sinusoid,2,SW2,1e-10,0.35652800368016246,0.4193713352114835,0.06284333153132104,0.00394928431795553,0.0
P0117,sinusoid,2,SW2,1e-10,0.574799501143774,0.9217768952713512,0.3469773941275772,0.12039331203556405,0.0
P0118,sinusoid,2,SW2,1e-10,0.4981233708452048,0.836512069047858,0.3383886982026532,0.11450691107128631,0.0
P0119,sinusoid,2,SW2,1e-10,0.38626825073793825,0.6350242559949993,0.2487560052570611,0.06187955015145101,0.0
P0120,sinusoid,2,SW2,1e-10,0.3295030551534697,0.2782610877661441,0.051241967387325615,0.002625739221723742,0.0
P0121,smooth_edge,1,SW2,1e-10,0.7796648929961298,0.7968410695441766,0.017176176548046707,0.0002950210408096697,0.0
P0122,smooth_edge,1,SW2,1e-10,0.9176630034281461,0.9682213690407698,0.050558365612623724,0.002556148333419733,0.0
P0123,smooth_edge,1,SW2,1e-10,0.9917921798168906,0.9997254218438986,0.007933242027007958,6.293632905908534e-05,0.0
P0124,smooth_edge,1,SW2,1e-10,0.9999691952640428,0.9999999950965821,3.079983253928553e-05,9.486296844480319e-10,0.0
P0125,smooth_edge,1,SW2,1e-10,0.6786648578952966,0.7040516276171624,0.02538676972186582,0.0006444880769110432,0.0
P0126,smooth_edge,1,SW2,1e-10,0.7774980757710663,0.8972159750827483,0.11971789931168197,0.014332375415602023,0.0
P0127,smooth_edge,1,SW2,1e-10,0.874937638253442,0.9945137011005495,0.11957606284710753,0.014298434806015411,0.0
P0128,smooth_edge,1,SW2,1e-10,0.9681606521956427,0.9999946227781964,0.03183397058255366,0.0010134016830508918,0.0
P0129,smooth_edge,1,SW2,1e-10,0.5675341002935153,0.5906532827008858,0.023119182407370542,0.0005344965951852716,0.0
P0130,smooth_edge,1,SW2,1e-10,0.5310237844796284,0.7143624294910559,0.1833386450114275,0.033613058754626224,0.0
P0131,smooth_edge,1,SW2,1e-10,0.41164251573170746,0.9002495108803148,0.48860699514860734,0.2387367957081512,0.0
P0132,smooth_edge,1,SW2,1e-10,0.3302604697462078,0.9941376978036617,0.6638772280574539,0.4407329739332486,0.0
P0133,smooth_edge,1,SW2,1e-10,0.46040114472146365,0.4667159617488687,0.006314817027405051,3.9876914089604765e-05,0.0
P0134,smooth_edge,1,SW2,1e-10,0.3844637739289875,0.4174297935376853,0.03296601960869777,0.001086758448841046,0.0
P0135,smooth_edge,1,SW2,1e-10,0.3259156645657423,0.31002551887238744,0.01589014569335484,0.0002524967301560434,0.0
P0136,smooth_edge,1,SW2,1e-10,0.3209962096721557,0.1339278883240735,0.18706832134808218,0.03499455685198934,0.0
P0137,smooth_edge,1,SW2,1e-10,0.3619813264870381,0.34675509928171655,0.015226227205321574,0.00023183799490807483,0.0
P0138,smooth_edge,1,SW2,1e-10,0.3050274183381403,0.1703239186438458,0.1347034996942945,0.018145032829890793,0.0
P0139,smooth_edge,1,SW2,1e-10,0.31744899492490103,0.02188127093613046,0.29556772398877057,0.08736027946390207,0.0
P0140,smooth_edge,1,SW2,1e-10,0.3209734537973719,0.0001409919630903207,0.3208324618342816,0.10293346856664576,0.0
P0141,smooth_edge,1,SW2,1e-10,0.27061458616914896,0.2435464707695958,0.027068115399553172,0.0007326828712835275,0.0
P0142,smooth_edge,1,SW2,1e-10,0.2143951954426756,0.05554926015761178,0.15884593528506383,0.025232031156586687,0.0
P0143,smooth_edge,1,SW2,1e-10,0.2574882013871164,0.0011125360328603216,0.2563756653542561,0.06572848178583751,0.0
P0144,smooth_edge,1,SW2,1e-10,0.3061400550719906,1.2858614151064257e-07,0.3061399264858491,0.09372165458876108,0.0
P0145,smooth_edge,1,SW2,1e-10,0.18647537739093656,0.16337423951337943,0.023101137877557132,0.0005336625712379048,0.0
P0146,smooth_edge,1,SW2,1e-10,0.07267497815123408,0.016571944094738476,0.05610303405649561,0.003147550430344306,0.0
P0147,smooth_edge,1,SW2,1e-10,0.03125398363034173,5.5448524722794907e-05,0.031198535105618933,0.000973348592736537,0.0
P0148,smooth_edge,1,SW2,1e-10,0.00328310128595174,1.1725539852746633e-10,0.0032831011686963413,1.0778753283895282e-05,0.0
P0149,smooth_edge,2,SW2,1e-10,0.869640013448773,0.8842526814109779,0.01461266796220495,0.00021353006497365097,0.0
P0150,smooth_edge,2,SW2,1e-10,0.9664217767111369,0.9938389829390936,0.027417206227956625,0.0007517031973463035,0.0
P0151,smooth_edge,2,SW2,1e-10,0.9967168168360706,0.9999949695696981,0.0032781527336275262,1.0746285344989623e-05,0.0
P0152,smooth_edge,2,SW2,1e-10,0.9999876781056171,0.9999999999995663,1.232189394928529e-05,1.5182907049743344e-10,0.0
P0153,smooth_edge,2,SW2,1e-10,0.7975760345894389,0.8224934972879262,0.02491746269848727,0.0006208799473305045,0.0
P0154,smooth_edge,2,SW2,1e-10,0.9034213970336554,0.9788208895449324,0.07539949251127698,0.005685083470958113,0.0
P0155,smooth_edge,2,SW2,1e-10,0.9509106198165712,0.9998989708060922,0.048988350989521035,0.0023998585326725067,0.0
P0156,smooth_edge,2,SW2,1e-10,0.9872660409961241,0.9999999995245059,0.012733958528381772,0.0001621536998025469,0.0
P0157,smooth_edge,2,SW2,1e-10,0.7115796320865055,0.7375616214876249,0.0259819894011194,0.0006750637732398808,0.0
P0158,smooth_edge,2,SW2,1e-10,0.7628588808973426,0.9297812081694472,0.16692232727210465,0.027863063341935612,0.0
P0159,smooth_edge,2,SW2,1e-10,0.7165615806652683,0.9979746796109501,0.2814130989456818,0.07919333225821208,0.0
P0160,smooth_edge,2,SW2,1e-10,0.6828074955989093,0.9999994785576881,0.3171919829587788,0.10061075405332223,0.0
P0161,smooth_edge,2,SW2,1e-10,0.6189872844977027,0.6302602229177513,0.011272938420048617,0.0001270791406222082,0.0
P0162,smooth_edge,2,SW2,1e-10,0.6806461712873724,0.791391472673955,0.11074530138658267,0.01226452177920503,0.0
P0163,smooth_edge,2,SW2,1e-10,0.6806394174125581,0.9608342772032357,0.2801948597906776,0.07850915945311748,0.0
P0164,smooth_edge,2,SW2,1e-10,0.6790158178495829,0.9994284955764196,0.3204126777268367,0.1026642840480817,0.0
P0165,smooth_edge,2,SW2,1e-10,0.5188498514682329,0.5083325618141193,0.010517289654113582,0.00011061338166852459,0.0
P0166,smooth_edge,2,SW2,1e-10,0.5940730406473226,0.5208212853727429,0.07325175527457972,0.005365819650806918,0.0
P0167,smooth_edge,2,SW2,1e-10,0.6698446464694278,0.5498339973124777,0.12001064915695003,0.014402555911072552,0.0
P0168,smooth_edge,2,SW2,1e-10,0.6789776039654554,0.6145944982675491,0.06438310569790628,0.004145184299307773,0.0
P0169,smooth_edge,2,SW2,1e-10,0.4102372043395181,0.3854055017324505,0.02483170260706763,0.0006166134543658493,0.0
P0170,smooth_edge,2,SW2,1e-10,0.4258984167743416,0.23745802834390245,0.18844038843043914,0.03550977999181478,0.0
P0171,smooth_edge,2,SW2,1e-10,0.5283412994586234,0.05732417589886871,0.47101712355975467,0.2218571306865052,0.0
P0172,smooth_edge,2,SW2,1e-10,0.6428445473398585,0.0014520391100099098,0.6413925082298486,0.41138434961337644,0.0
P0173,smooth_edge,2,SW2,1e-10,0.29972990212049766,0.2755454045751979,0.024184497545299777,0.0005848899215186109,0.0
P0174,smooth_edge,2,SW2,1e-10,0.17815544734525485,0.0819105771553252,0.09624487018992965,0.00926307503787641,0.0
P0175,smooth_edge,2,SW2,1e-10,0.07838680516066854,0.003018416324708427,0.07536838883596012,0.0056803940357284775,0.0
P0176,smooth_edge,2,SW2,1e-10,0.008207769028725212,1.326011943142785e-06,0.00820644301678207,6.73457069876912e-05,0.0
P0177,hard_step,1,SW2,1e-10,1.0,1.0,0.0,0.0,0.0
P0178,hard_step,1,SW2,1e-10,1.0,1.0,0.0,0.0,0.0
P0179,hard_step,1,SW2,1e-10,0.32098765432098764,1.0,0.6790123456790124,0.46105776558451456,0.0
P0180,hard_step,1,SW2,1e-10,0.32098765432098764,1.0,0.6790123456790124,0.46105776558451456,0.0
P0181,hard_step,1,SW2,1e-10,0.32098765432098764,0.0,0.32098765432098764,0.10303307422648986,0.0
P0182,hard_step,1,SW2,1e-10,0.32098765432098764,0.0,0.32098765432098764,0.10303307422648986,0.0
P0183,hard_step,1,SW2,1e-10,0.32098765432098764,0.0,0.32098765432098764,0.10303307422648986,0.0
P0184,hard_step,1,SW2,1e-10,0.32098765432098764,0.0,0.32098765432098764,0.10303307422648986,0.0
P0185,hard_step,1,SW2,1e-10,0.0,0.0,0.0,0.0,0.0
P0186,hard_step,2,SW2,1e-10,1.0,1.0,0.0,0.0,0.0
P0187,hard_step,2,SW2,1e-10,1.0,1.0,0.0,0.0,0.0
P0188,hard_step,2,SW2,1e-10,0.6790123456790124,1.0,0.32098765432098764,0.10303307422648986,0.0
P0189,hard_step,2,SW2,1e-10,0.6790123456790124,1.0,0.32098765432098764,0.10303307422648986,0.0
P0190,hard_step,2,SW2,1e-10,0.6790123456790124,1.0,0.32098765432098764,0.10303307422648986,0.0
P0191,hard_step,2,SW2,1e-10,0.6790123456790124,1.0,0.32098765432098764,0.10303307422648986,0.0
P0192,hard_step,2,SW2,1e-10,0.6790123456790124,0.0,0.6790123456790124,0.46105776558451456,0.0
P0193,hard_step,2,SW2,1e-10,0.6790123456790124,0.0,0.6790123456790124,0.46105776558451456,0.0
P0194,hard_step,2,SW2,1e-10,0.0,0.0,0.0,0.0,0.0
P0195,kink,1,SW2,1e-10,0.43038358269064025,0.4533333333333333,0.022949750642693056,0.0005266910545617903,0.0
P0196,kink,1,SW2,1e-10,-0.132342863702179,-0.13333333333333333,0.0009904696311543448,9.81030090239024e-07,0.0
P0197,kink,1,SW2,1e-10,0.28414097646568337,0.29333333333333333,0.009192356867649965,8.449942478223146e-05,0.0
P0198,kink,1,SW2,1e-10,0.19980122713108642,0.15583333333333332,0.043967893797753094,0.001933175685010495,0.0
P0199,kink,1,SW2,1e-10,-0.12060702294679493,-0.04583333333333333,0.07477368961346159,0.005591104658410294,0.0
P0200,kink,1,SW2,1e-10,0.18061746624247377,0.10083333333333333,0.07978413290914044,0.006365507864063386,0.0
P0201,kink,1,SW2,1e-10,0.0793866403141731,-0.014000000000000004,0.0933866403141731,0.00872106458916874,0.0
P0202,kink,1,SW2,1e-10,-0.19205605193249672,-0.07583333333333335,0.11622271859916337,0.013507720318580316,0.0
P0203,kink,1,SW2,1e-10,0.2025,0.05250000000000001,0.15,0.0225,0.0
P0204,kink,1,SW2,1e-10,-0.012279703195440703,-0.05,0.0377202968045593,0.0014228207910240466,0.0
P0205,kink,1,SW2,1e-10,-0.3163881544986658,-0.27083333333333337,0.04555482116533244,0.0020752417314054204,0.0
P0206,kink,1,SW2,1e-10,0.24185917235779392,0.1875,0.05435917235779392,0.0029549196194243463,0.0
P0207,kink,1,SW2,1e-10,-0.09205208326535667,-0.09200000000000001,5.2083265356661634e-05,2.71266653021243e-09,0.0
P0208,kink,1,SW2,1e-10,-0.4893274508643544,-0.49833333333333346,0.009005882468979043,8.110591904506407e-05,0.0
P0209,kink,1,SW2,1e-10,0.3422644376878345,0.3450000000000001,0.002735562312165596,7.483301163740781e-06,0.0
P0210,kink,2,SW2,1e-10,0.7198358615087165,0.7366666666666667,0.016830805157950213,0.0002832760022648835,0.0
P0211,kink,2,SW2,1e-10,-0.21602992808670893,-0.21666666666666667,0.0006367385799577463,4.054360192066073e-07,0.0
P0212,kink,2,SW2,1e-10,0.47055606645935705,0.47666666666666674,0.006110600207309691,3.733943489357324e-05,0.0
P0213,kink,2,SW2,1e-10,0.45141366030699737,0.4391666666666666,0.012246993640330772,0.00014998885322630237,0.0
P0214,kink,2,SW2,1e-10,-0.15902165924775913,-0.12916666666666665,0.029854992581092477,0.0008913205820170868,0.0
P0215,kink,2,SW2,1e-10,0.31519057309218335,0.2841666666666667,0.031023906425516667,0.0009624827698992143,0.0
P0216,kink,2,SW2,1e-10,0.25410436497465344,0.18416666666666662,0.06993769830798682,0.004891281644618983,0.0
P0217,kink,2,SW2,1e-10,-0.1413687383116213,-0.054166666666666655,0.08720207164495465,0.007604201299171804,0.0
P0218,kink,2,SW2,1e-10,0.2161714160382266,0.11916666666666664,0.09700474937155995,0.00940992140063916,0.0
P0219,kink,2,SW2,1e-10,0.08712641729604675,-0.010000000000000004,0.09712641729604676,0.009433540936765811,0.0
P0220,kink,2,SW2,1e-10,-0.17255186925862914,-0.05416666666666669,0.11838520259196245,0.014015056192739992,0.0
P0221,kink,2,SW2,1e-10,0.17454191325980556,0.03750000000000002,0.13704191325980553,0.01878048598990806,0.0
P0222,kink,2,SW2,1e-10,-0.052081347455227786,-0.05200000000000001,8.134745522777459e-05,6.617408472034791e-09,0.0
P0223,kink,2,SW2,1e-10,-0.2683448190223518,-0.28166666666666673,0.013321847644314933,0.0001774716246583393,0.0
P0224,kink,2,SW2,1e-10,0.19079045836907477,0.19500000000000006,0.004209541630925295,1.7720240742493194e-05,0.0
P0225,thin_feature,1,SW2,1e-10,0.36934667268801374,8.364834722972767e-05,0.369263024340784,0.13635518114530243,0.0
P0226,thin_feature,1,SW2,1e-10,0.5218682210759447,0.0551441169483479,0.46672410412759674,0.21783138937370777,0.0
P0227,thin_feature,1,SW2,1e-10,0.577059809339465,0.3523219549954969,0.2247378543439681,0.050507103175130616,0.0
P0228,thin_feature,1,SW2,1e-10,0.08241238224558856,0.4111122905071876,0.32869990826159906,0.10804362969118364,0.0
P0229,thin_feature,1,SW2,1e-10,0.32848930922743136,0.7600672046071238,0.4315778953796925,0.1862594797803648,0.0
P0230,thin_feature,1,SW2,1e-10,0.4974517833596741,0.9059551911095096,0.4085034077498355,0.16687503414322838,0.0
P0231,thin_feature,1,SW2,1e-10,3.726653172078671e-06,0.24935220877729616,0.24934848212412408,0.062174665537604624,0.0
P0232,thin_feature,1,SW2,1e-10,0.02110965645367106,0.651375231630207,0.630265575176536,0.3972346952526098,0.0
P0233,thin_feature,1,SW2,1e-10,0.24935220877729616,0.8569968914352788,0.6076446826579827,0.36923206036252043,0.0
P0234,thin_feature,1,SW2,1e-10,0.03498222727357363,1.8664469113520537e-05,0.034963562804460106,0.0012224507239814262,0.0
P0235,thin_feature,1,SW2,1e-10,0.13946674054044947,0.0347085864128538,0.10475815412759568,0.010974270856221092,0.0
P0236,thin_feature,1,SW2,1e-10,0.22811215771734625,0.29823409618142144,0.07012193846407519,0.004917086253959547,0.0
P0237,thin_feature,1,SW2,1e-10,0.1567794655685235,1.7241209390354996e-13,0.1567794655683511,0.024579800823897786,0.0
P0238,thin_feature,1,SW2,1e-10,0.2215215460566916,0.00011499237699560167,0.221406553679696,0.04902086201232011,0.0
P0239,thin_feature,1,SW2,1e-10,0.24584996585190635,0.03818043380053571,0.20766953205137065,0.04312663454243526,0.0
P0240,thin_feature,2,SW2,1e-10,0.15677946556852365,1.724120939035518e-13,0.15677946556835123,0.02457980082389783,0.0
P0241,thin_feature,2,SW2,1e-10,0.22152154605669166,0.00011499237699560208,0.22140655367969606,0.04902086201232013,0.0
P0242,thin_feature,2,SW2,1e-10,0.24584996585190638,0.03818043380053579,0.2076695320513706,0.04312663454243524,0.0
P0243,thin_feature,2,SW2,1e-10,0.03498222727357359,1.8664469113520635e-05,0.03496356280446007,0.0012224507239814238,0.0
P0244,thin_feature,2,SW2,1e-10,0.1394667405404494,0.03470858641285385,0.10475815412759557,0.010974270856221068,0.0
P0245,thin_feature,2,SW2,1e-10,0.22811215771734622,0.29823409618142166,0.07012193846407544,0.004917086253959583,0.0
P0246,thin_feature,2,SW2,1e-10,3.726653172078671e-06,0.24935220877729639,0.2493484821241243,0.062174665537604736,0.0
P0247,thin_feature,2,SW2,1e-10,0.02110965645367106,0.6513752316302073,0.6302655751765363,0.39723469525261007,0.0
P0248,thin_feature,2,SW2,1e-10,0.24935220877729616,0.8569968914352789,0.6076446826579828,0.3692320603625206,0.0
P0249,thin_feature,2,SW2,1e-10,0.08241238224558863,0.411112290507187,0.3286999082615984,0.1080436296911832,0.0
P0250,thin_feature,2,SW2,1e-10,0.3284893092274315,0.7600672046071234,0.4315778953796919,0.18625947978036428,0.0
P0251,thin_feature,2,SW2,1e-10,0.4974517833596742,0.9059551911095095,0.4085034077498353,0.16687503414322818,0.0
P0252,thin_feature,2,SW2,1e-10,0.3693466726880134,8.364834722972738e-05,0.3692630243407837,0.1363551811453022,0.0
P0253,thin_feature,2,SW2,1e-10,0.5218682210759445,0.055144116948347775,0.4667241041275968,0.21783138937370783,0.0
P0254,thin_feature,2,SW2,1e-10,0.577059809339465,0.35232195499549673,0.22473785434396826,0.05050710317513069,0.0
P0255,mixed_frequency,1,SW2,1e-10,0.5021130504893381,0.49935542472536626,0.002757625763971816,7.604499854121142e-06,0.0
P0256,mixed_frequency,1,SW2,1e-10,0.434309377981866,0.45555610868671437,0.021246730704848393,0.0004514235656443475,0.0
P0257,mixed_frequency,1,SW2,1e-10,0.28410752032586084,0.155213372665013,0.12889414766084784,0.016613701301216446,0.0
P0258,mixed_frequency,1,SW2,1e-10,0.6810717210731577,0.7427118258953607,0.061640104822202946,0.003799502522492167,0.0
P0259,mixed_frequency,1,SW2,1e-10,0.7072023881767724,0.5406964779017696,0.16650591027500283,0.027724218156507295,0.0
P0260,mixed_frequency,1,SW2,1e-10,0.4754172377040581,0.4170475535071272,0.05836968419693089,0.003407020033249444,0.0
P0261,mixed_frequency,1,SW2,1e-10,0.5190454875070881,0.47535988945488694,0.04368559805220118,0.0019084314771784835,0.0
P0262,mixed_frequency,1,SW2,1e-10,0.57975890455135,0.6686000035176052,0.08884109896625514,0.00789274086553194,0.0
P0263,mixed_frequency,1,SW2,1e-10,0.3781066104115219,0.28032091330418796,0.09778569710733392,0.009562042558767254,0.0
P0264,mixed_frequency,1,SW2,1e-10,0.48588464583886914,0.4747727588702795,0.011111886968589668,0.0001234740320027129,0.0
P0265,mixed_frequency,1,SW2,1e-10,0.5274109771059867,0.4673856494865241,0.06002532761946261,0.003603039955823821,0.0
P0266,mixed_frequency,1,SW2,1e-10,0.5024894742758844,0.4334862851454516,0.0690031891304328,0.004761440110170279,0.0
P0267,mixed_frequency,1,SW2,1e-10,0.6953974703668038,0.6773719504742064,0.018025519892597375,0.00032491936739842365,0.0
P0268,mixed_frequency,1,SW2,1e-10,0.562317983784725,0.4548365472979632,0.10748143648676178,0.011552259189257808,0.0
P0269,mixed_frequency,1,SW2,1e-10,0.6823413081881273,0.6986226099788257,0.01628130179069842,0.00026508078799979964,0.0
P0270,mixed_frequency,1,SW2,1e-10,0.29627773589646766,0.23943781507349454,0.05683992082297312,0.0032307765991618537,0.0
P0271,mixed_frequency,1,SW2,1e-10,0.4771913860888751,0.4664184217464979,0.010772964342377234,0.00011605676072213134,0.0
P0272,mixed_frequency,1,SW2,1e-10,0.4569590490053494,0.4844869960552387,0.027527947049889312,0.0007577878687815096,0.0
P0273,mixed_frequency,1,SW2,1e-10,0.6803186631585872,0.7668339405122937,0.08651527735370645,0.007484893215588753,0.0
P0274,mixed_frequency,1,SW2,1e-10,0.5479676205619267,0.6036770727120775,0.05570945215015077,0.0031035430588699387,0.0
P0275,mixed_frequency,1,SW2,1e-10,0.5330271042926412,0.5801958680494812,0.04716876375683998,0.002224892274348581,0.0
P0276,mixed_frequency,1,SW2,1e-10,0.47767180324998393,0.43425126660147423,0.0434205366485097,0.001885343002844574,0.0
P0277,mixed_frequency,1,SW2,1e-10,0.6103884573865563,0.6813224182546447,0.07093396086808834,0.005031626804435488,0.0
P0278,mixed_frequency,1,SW2,1e-10,0.2766896031020645,0.29829739986517656,0.021607796763112086,0.0004668968809559571,0.0
P0279,mixed_frequency,1,SW2,1e-10,0.4499555044269552,0.45224178202853027,0.0022862776015750708,5.227065271463858e-06,0.0
P0280,mixed_frequency,1,SW2,1e-10,0.5956458558022563,0.48763067251845843,0.10801518328379783,0.011667279819832439,0.0
P0281,mixed_frequency,1,SW2,1e-10,0.4852588722036926,0.5701012749830773,0.08484240277938465,0.0071982333093793364,0.0
P0282,mixed_frequency,1,SW2,1e-10,0.5346008916518303,0.5623229858879404,0.02772209423611005,0.0007685145088357661,0.0
P0283,mixed_frequency,1,SW2,1e-10,0.583711872443889,0.7666319644998695,0.18292009205598048,0.03345976007776837,0.0
P0284,mixed_frequency,1,SW2,1e-10,0.48397151536822747,0.5391611189168729,0.05518960354864544,0.0030458923398566573,0.0
P0285,mixed_frequency,1,SW2,1e-10,0.6726150394673014,0.6887178293753018,0.016102789908000403,0.00025929984282119966,0.0
P0286,mixed_frequency,1,SW2,1e-10,0.3271677898264067,0.2988924441998043,0.02827534562660239,0.0007994951703038228,0.0
P0287,mixed_frequency,1,SW2,1e-10,0.4285141609211549,0.4271356910831181,0.0013784698380368,1.9001790943772014e-06,0.0
P0288,mixed_frequency,1,SW2,1e-10,0.3759765064833594,0.2645103235299279,0.11146618295343147,0.012424709942207856,0.0
P0289,mixed_frequency,1,SW2,1e-10,0.5258293701030203,0.43919422396993496,0.08663514613308537,0.007505648545501058,0.0
P0290,mixed_frequency,1,SW2,1e-10,0.3322290011158229,0.35253116173124965,0.02030216061542678,0.00041217772565458623,0.0
P0291,mixed_frequency,1,SW2,1e-10,0.34863713580354194,0.3719201334216269,0.023282997618084944,0.0005420979780837491,0.0
P0292,mixed_frequency,1,SW2,1e-10,0.5143983306651309,0.5405693019751132,0.02617097130998236,0.0006849197393079199,0.0
P0293,mixed_frequency,1,SW2,1e-10,0.5092241963656313,0.5848295787523584,0.0756053823867271,0.005716173845843223,0.0
P0294,mixed_frequency,1,SW2,1e-10,0.5285028062177758,0.5409906345655865,0.012487828347810703,0.0001559458568443846,0.0
P0295,mixed_frequency,1,SW2,1e-10,0.5880387223675523,0.6740210161891979,0.08598229382164557,0.007392954850831791,0.0
P0296,mixed_frequency,1,SW2,1e-10,0.4803639410002942,0.43882666894757716,0.04153727205271707,0.0017253449695814303,0.0
P0297,mixed_frequency,1,SW2,1e-10,0.4193540532044895,0.4085314772238543,0.010822575980635185,0.00011712815085662164,0.0
P0298,mixed_frequency,1,SW2,1e-10,0.575467197207271,0.5515396754151357,0.02392752179213531,0.0005725262991131101,0.0
P0299,mixed_frequency,1,SW2,1e-10,0.4624246319637355,0.45758380838567025,0.004840823578065256,2.3433572913952513e-05,0.0
P0300,mixed_frequency,1,SW2,1e-10,0.5966581362196863,0.6005499470896327,0.0038918108699463883,1.5146191847432863e-05,0.0
P0301,mixed_frequency,1,SW2,1e-10,0.279204465537088,0.2456362579031397,0.0335682076339483,0.001126824563755865,0.0
P0302,mixed_frequency,1,SW2,1e-10,0.3618659478059816,0.3270528513166872,0.03481309648929437,0.00121195168717292,0.0
P0303,mixed_frequency,1,SW2,1e-10,0.4736158490085431,0.4633290863928645,0.010286762615678569,0.00010581748511132219,0.0
P0304,mixed_frequency,1,SW2,1e-10,0.4853371323926193,0.4944074046768252,0.009070272284205927,8.22698393096342e-05,0.0
P0305,mixed_frequency,1,SW2,1e-10,0.5528785467231163,0.535141282,0.01773726472311632,0.00031461055985790667,0.0
P0306,mixed_frequency,1,SW2,1e-10,0.5405436923782868,0.4813603793968585,0.059183312981428315,0.0035026645354577016,0.0
P0307,mixed_frequency,1,SW2,1e-10,0.44660917515538384,0.44916240885229025,0.0025532336969064096,6.5190023110183715e-06,0.0
P0308,mixed_frequency,1,SW2,1e-10,0.42420735000774096,0.3619738362318022,0.062233513775938776,0.0038730102368999615,0.0
P0309,mixed_frequency,1,SW2,1e-10,0.5251883483840032,0.5383224304502269,0.013134082066223685,0.00017250411172229862,0.0
P0310,mixed_frequency,1,SW2,1e-10,0.3165132393578355,0.3926499743554235,0.076136734997588,0.005796802416092941,0.0
P0311,mixed_frequency,1,SW2,1e-10,0.4259485263717406,0.42040974436429945,0.005538782007441123,3.067810612595352e-05,0.0
P0312,mixed_frequency,1,SW2,1e-10,0.5838096579639899,0.6101470394713223,0.026337381507332447,0.0006936576646627772,0.0
P0313,mixed_frequency,1,SW2,1e-10,0.5435219776363511,0.5479313452317733,0.004409367595422209,1.9442522591559434e-05,0.0
P0314,mixed_frequency,1,SW2,1e-10,0.8361228669537025,0.8500388285880128,0.013915961634310303,0.00019365398820759628,0.0
P0315,mixed_frequency,1,SW2,1e-10,0.42682546879473404,0.41205449093146773,0.01477097786326631,0.00021818178703710337,0.0
P0316,mixed_frequency,1,SW2,1e-10,0.5852749290023102,0.6085826163686509,0.0233076873663407,0.0005432482903670779,0.0
P0317,mixed_frequency,1,SW2,1e-10,0.43708419379703123,0.429892434580156,0.007191759216875204,5.172140063350945e-05,0.0
P0318,mixed_frequency,1,SW2,1e-10,0.43933979918286187,0.39204653808406975,0.047293261098792116,0.0022366525453585235,0.0
P0319,mixed_frequency,2,SW2,1e-10,0.6881093771628768,0.8140327948345307,0.12592341767165394,0.015856707118109808,0.0
P0320,mixed_frequency,2,SW2,1e-10,0.5538340646674051,0.5548865092370293,0.0010524445696241669,1.1076395721313979e-06,0.0
P0321,mixed_frequency,2,SW2,1e-10,0.3152115635275555,0.3967439560775554,0.08153239254999989,0.006647531034927277,0.0
P0322,mixed_frequency,2,SW2,1e-10,0.6294886597695158,0.6303496925970249,0.0008610328275090451,7.41377530048221e-07,0.0
P0323,mixed_frequency,2,SW2,1e-10,0.26328856278324353,0.276272829973252,0.012984267190008447,0.00016859119446152986,0.0
P0324,mixed_frequency,2,SW2,1e-10,0.48019324548591624,0.3680034887100495,0.11218975677586673,0.012586541525428136,0.0
P0325,mixed_frequency,2,SW2,1e-10,0.704447814558075,0.6634508837330682,0.04099693082500688,0.0016807483370703995,0.0
P0326,mixed_frequency,2,SW2,1e-10,0.6146067162260922,0.6508270799207778,0.03622036369468562,0.0013119147461753001,0.0
P0327,mixed_frequency,2,SW2,1e-10,0.511667530931385,0.5333568294057774,0.021689298474392493,0.0004704256683112845,0.0
P0328,mixed_frequency,2,SW2,1e-10,0.6017833568612643,0.6678860836431736,0.06610272678190932,0.004369570488003751,0.0
P0329,mixed_frequency,2,SW2,1e-10,0.4845289004138649,0.48087471401390125,0.003654186399963677,1.3353078245679498e-05,0.0
P0330,mixed_frequency,2,SW2,1e-10,0.38982309668862375,0.3476791051625945,0.04214399152602927,0.0017761160217460267,0.0
P0331,mixed_frequency,2,SW2,1e-10,0.3213579150442203,0.20720898854505576,0.11414892649916453,0.013029977420911665,0.0
P0332,mixed_frequency,2,SW2,1e-10,0.5803634471432908,0.6153000035934494,0.034936556450158585,0.0012205629765951174,0.0
P0333,mixed_frequency,2,SW2,1e-10,0.14207768860531808,0.0649946518336959,0.07708303677162218,0.005941794557935256,0.0
P0334,mixed_frequency,2,SW2,1e-10,0.46347081419241487,0.5226072573180978,0.05913644312568289,0.003497118905557127,0.0
P0335,mixed_frequency,2,SW2,1e-10,0.4995590126264103,0.3957690317599277,0.10378998086648256,0.010772360128264815,0.0
P0336,mixed_frequency,2,SW2,1e-10,0.593520237054399,0.7552761193165396,0.16175588226214055,0.026164965446403475,0.0
P0337,mixed_frequency,2,SW2,1e-10,0.38985941604494473,0.48475446913807674,0.09489505309313201,0.009005071101548343,0.0
P0338,mixed_frequency,2,SW2,1e-10,0.6537503547668879,0.6651371781040039,0.011386823337115937,0.00012965974571068812,0.0
P0339,mixed_frequency,2,SW2,1e-10,0.6666105551128391,0.7408408381328755,0.07423028302003642,0.005510134917234708,0.0
P0340,mixed_frequency,2,SW2,1e-10,0.4984361836025438,0.5689577717014875,0.07052158809894371,0.004973294387997079,0.0
P0341,mixed_frequency,2,SW2,1e-10,0.41403164547605187,0.2574974214481519,0.15653422402789996,0.024502963292016774,0.0
P0342,mixed_frequency,2,SW2,1e-10,0.5233446748391266,0.5173737037104447,0.005970971128681946,3.5652496219553346e-05,0.0
P0343,mixed_frequency,2,SW2,1e-10,0.3884702306895174,0.48324739685668694,0.09477716616716952,0.008982711226679263,0.0
P0344,mixed_frequency,2,SW2,1e-10,0.3540647372334693,0.270052112801759,0.08401262443171031,0.007058121063903609,0.0
P0345,mixed_frequency,2,SW2,1e-10,0.504205044082348,0.49531618841216574,0.008888855670182272,7.901175512533152e-05,0.0
P0346,mixed_frequency,2,SW2,1e-10,0.2561469610581029,0.16971157929838276,0.08643538175972015,0.0074710752199485635,0.0
P0347,mixed_frequency,2,SW2,1e-10,0.6428891886737393,0.6635927865275683,0.020703597853828914,0.0004286389640930692,0.0
P0348,mixed_frequency,2,SW2,1e-10,0.43435931481490725,0.3179991471566734,0.11636016765823387,0.013539688617452295,0.0
P0349,mixed_frequency,2,SW2,1e-10,0.5960196547054973,0.6303959865910851,0.03437633188558775,0.001181732193908077,0.0
P0350,mixed_frequency,2,SW2,1e-10,0.4403929473560668,0.35492709939749145,0.08546584795857537,0.007304411167278322,0.0
P0351,mixed_frequency,2,SW2,1e-10,0.4242306153355047,0.3906606716516097,0.03356994368389499,0.001126941118939881,0.0
P0352,mixed_frequency,2,SW2,1e-10,0.43001918687359286,0.4275323977379478,0.00248678913564504,6.184120205162205e-06,0.0
P0353,mixed_frequency,2,SW2,1e-10,0.5070275748594428,0.6041255480496204,0.09709797319017754,0.009428016397640437,0.0
P0354,mixed_frequency,2,SW2,1e-10,0.4608989686666943,0.4412332367188725,0.019665731947821785,0.00038674101304357844,0.0
P0355,mixed_frequency,2,SW2,1e-10,0.5168288702861825,0.609299498114648,0.09247062782846549,0.008550817010990577,0.0
P0356,mixed_frequency,2,SW2,1e-10,0.714362491249475,0.7689757838647319,0.054613292615256825,0.0029826117302796658,0.0
P0357,mixed_frequency,2,SW2,1e-10,0.47377232413343945,0.5332989647948638,0.05952664066142438,0.003543420948434342,0.0
P0358,mixed_frequency,2,SW2,1e-10,0.4487222733584716,0.41575437560416867,0.03296789775430292,0.0010868822823381717,0.0
P0359,mixed_frequency,2,SW2,1e-10,0.1335635440641469,0.04017781537158405,0.09338572869256284,0.008720894323440954,0.0
P0360,mixed_frequency,2,SW2,1e-10,0.5647108845177318,0.5542356586168614,0.010475225900870355,0.00010973035767426515,0.0
P0361,mixed_frequency,2,SW2,1e-10,0.4332558762930495,0.6474451945759677,0.2141893182829182,0.04587706406650124,0.0
P0362,mixed_frequency,2,SW2,1e-10,0.5649815524686271,0.5504878096411179,0.01449374282750926,0.0002100685811499761,0.0
P0363,mixed_frequency,2,SW2,1e-10,0.32743316239996406,0.2947314072873603,0.03270175511260376,0.0010694047874447062,0.0
P0364,mixed_frequency,2,SW2,1e-10,0.7000156747296404,0.718965854204543,0.018950179474902518,0.00035910930213101664,0.0
P0365,mixed_frequency,2,SW2,1e-10,0.2504169409409198,0.2420960937654339,0.008320847175485924,6.923649771779207e-05,0.0
P0366,mixed_frequency,2,SW2,1e-10,0.3707402146055624,0.3304965060026291,0.040243708602933304,0.001619556082117808,0.0
P0367,mixed_frequency,2,SW2,1e-10,0.5436867257607847,0.3705258094086487,0.17316091635213599,0.029984702951911437,0.0
P0368,mixed_frequency,2,SW2,1e-10,0.6297267142366845,0.6512758947908197,0.02154918055413524,0.00046436718255472034,0.0
P0369,mixed_frequency,2,SW2,1e-10,0.6653731919944319,0.6719703535433057,0.006597161548873798,4.352254050193893e-05,0.0
P0370,mixed_frequency,2,SW2,1e-10,0.4477071080687693,0.46107812920209956,0.013371021133330274,0.0001787842061479648,0.0
P0371,mixed_frequency,2,SW2,1e-10,0.6794790781381641,0.791170460656414,0.11169138251824995,0.01247496492883803,0.0
P0372,mixed_frequency,2,SW2,1e-10,0.5602564171254125,0.533951223416073,0.02630519370933948,0.0006919632160858733,0.0
P0373,mixed_frequency,2,SW2,1e-10,0.35311195685289093,0.31761767180206096,0.035494285050829966,0.0012598442712695717,0.0
P0374,mixed_frequency,2,SW2,1e-10,0.6012101371536696,0.6098001802240762,0.008590043070406672,7.378883995144168e-05,0.0
P0375,mixed_frequency,2,SW2,1e-10,0.6951588804734565,0.7417467047610486,0.04658782428759212,0.002170425371851558,0.0
P0376,mixed_frequency,2,SW2,1e-10,0.43737740120172697,0.3436031187899571,0.09377428241176988,0.008793616041842374,0.0
P0377,mixed_frequency,2,SW2,1e-10,0.4969924286743391,0.5015638929582081,0.004571464283869009,2.0898285698689992e-05,0.0
P0378,mixed_frequency,2,SW2,1e-10,0.7254534593648192,0.7714303015145285,0.04597684214970932,0.0021138700140592875,0.0
P0379,mixed_frequency,2,SW2,1e-10,0.3286492949660953,0.33214085095807067,0.0034915559919753703,1.2190963245099112e-05,0.0
P0380,mixed_frequency,2,SW2,1e-10,0.5694114732928318,0.5278122067042186,0.04159926658861324,0.0017304989807105137,0.0
P0381,mixed_frequency,2,SW2,1e-10,0.5271477300782988,0.3212502519429321,0.20589747813536674,0.04239377150250383,0.0
P0382,mixed_frequency,2,SW2,1e-10,0.39149634272146827,0.2252611572341287,0.16623518548733957,0.027634136894010192,0.0
P0001,smooth_polynomial,1,SW2,1e-08,-0.2722222222222222,-0.2722222222222222,0.0,0.0,0.0
P0002,smooth_polynomial,1,SW2,1e-08,0.027777777777777846,0.02777777777777779,5.551115123125783e-17,3.0814879110195774e-33,0.0
P0003,smooth_polynomial,1,SW2,1e-08,0.47777777777777786,0.4777777777777778,5.551115123125783e-17,3.0814879110195774e-33,0.0
P0004,smooth_polynomial,1,SW2,1e-08,-0.08888888888888889,-0.08888888888888888,1.3877787807814457e-17,1.925929944387236e-34,0.0
P0005,smooth_polynomial,1,SW2,1e-08,0.21111111111111108,0.2111111111111111,2.7755575615628914e-17,7.703719777548943e-34,0.0
P0006,smooth_polynomial,1,SW2,1e-08,0.6611111111111111,0.6611111111111111,0.0,0.0,0.0
P0007,smooth_polynomial,1,SW2,1e-08,0.050000000000000044,0.09444444444444444,0.0444444444444444,0.0019753086419753044,0.0
P0008,smooth_polynomial,1,SW2,1e-08,0.35000000000000003,0.39444444444444443,0.0444444444444444,0.0019753086419753044,0.0
P0009,smooth_polynomial,1,SW2,1e-08,0.8,0.8444444444444444,0.0444444444444444,0.0019753086419753044,0.0
P0010,smooth_polynomial,1,SW2,1e-08,0.26111111111111107,0.2611111111111111,5.551115123125783e-17,3.0814879110195774e-33,0.0
P0011,smooth_polynomial,1,SW2,1e-08,0.561111111111111,0.5611111111111111,1.1102230246251565e-16,1.232595164407831e-32,0.0
P0012,smooth_polynomial,1,SW2,1e-08,1.011111111111111,1.011111111111111,0.0,0.0,0.0
P0013,smooth_polynomial,1,SW2,1e-08,-0.23333333333333328,-0.2333333333333333,2.7755575615628914e-17,7.703719777548943e-34,0.0
P0014,smooth_polynomial,1,SW2,1e-08,0.06666666666666667,0.06666666666666668,1.3877787807814457e-17,1.925929944387236e-34,0.0
P0015,smooth_polynomial,1,SW2,1e-08,0.5166666666666667,0.5166666666666667,0.0,0.0,0.0
P0016,smooth_polynomial,1,SW2,1e-08,-0.04999999999999999,-0.049999999999999996,6.938893903907228e-18,4.81482486096809e-35,0.0
P0017,smooth_polynomial,1,SW2,1e-08,0.25,0.25,0.0,0.0,0.0
P0018,smooth_polynomial,1,SW2,1e-08,0.7,0.7,0.0,0.0,0.0
P0019,smooth_polynomial,1,SW2,1e-08,0.13333333333333336,0.13333333333333333,2.7755575615628914e-17,7.703719777548943e-34,0.0
P0020,smooth_polynomial,1,SW2,1e-08,0.4333333333333333,0.43333333333333335,5.551115123125783e-17,3.0814879110195774e-33,0.0
P0021,smooth_polynomial,1,SW2,1e-08,0.8833333333333333,0.8833333333333333,0.0,0.0,0.0
P0022,smooth_polynomial,1,SW2,1e-08,0.3,0.3,0.0,0.0,0.0
P0023,smooth_polynomial,1,SW2,1e-08,0.6,0.6,0.0,0.0,0.0
P0024,smooth_polynomial,1,SW2,1e-08,1.0499999999999998,1.05,2.220446049250313e-16,4.930380657631324e-32,0.0
P0025,smooth_polynomial,1,SW2,1e-08,-0.20555555555555555,-0.20555555555555555,0.0,0.0,0.0
P0026,smooth_polynomial,1,SW2,1e-08,0.09444444444444444,0.09444444444444444,0.0,0.0,0.0
P0027,smooth_polynomial,1,SW2,1e-08,0.5444444444444445,0.5444444444444445,0.0,0.0,0.0
P0028,smooth_polynomial,1,SW2,1e-08,0.0,-0.02222222222222222,0.02222222222222222,0.0004938271604938271,0.0
P0029,smooth_polynomial,1,SW2,1e-08,0.3,0.2777777777777778,0.0222222222222222,0.0004938271604938261,0.0
P0030,smooth_polynomial,1,SW2,1e-08,0.75,0.7277777777777777,0.022222222222222254,0.0004938271604938286,0.0
P0031,smooth_polynomial,1,SW2,1e-08,0.1611111111111111,0.1611111111111111,0.0,0.0,0.0
P0032,smooth_polynomial,1,SW2,1e-08,0.46111111111111114,0.4611111111111111,5.551115123125783e-17,3.0814879110195774e-33,0.0
P0033,smooth_polynomial,1,SW2,1e-08,0.911111111111111,0.9111111111111111,1.1102230246251565e-16,1.232595164407831e-32,0.0
P0034,smooth_polynomial,1,SW2,1e-08,0.3277777777777777,0.3277777777777778,5.551115123125783e-17,3.0814879110195774e-33,0.0
P0035,smooth_polynomial,1,SW2,1e-08,0.6277777777777778,0.6277777777777778,0.0,0.0,0.0
P0036,smooth_polynomial,1,SW2,1e-08,1.0777777777777777,1.0777777777777777,0.0,0.0,0.0
P0037,smooth_polynomial,2,SW2,1e-08,-0.622222222222222,-0.6222222222222221,1.1102230246251565e-16,1.232595164407831e-32,0.0
P0038,smooth_polynomial,2,SW2,1e-08,-0.3222222222222221,-0.32222222222222213,5.551115123125783e-17,3.0814879110195774e-33,0.0
P0039,smooth_polynomial,2,SW2,1e-08,0.12777777777777788,0.12777777777777788,0.0,0.0,0.0
P0040,smooth_polynomial,2,SW2,1e-08,-0.25555555555555554,-0.25555555555555554,0.0,0.0,0.0
P0041,smooth_polynomial,2,SW2,1e-08,0.04444444444444443,0.04444444444444445,2.0816681711721685e-17,4.333342374871281e-34,0.0
P0042,smooth_polynomial,2,SW2,1e-08,0.49444444444444446,0.49444444444444446,0.0,0.0,0.0
P0043,smooth_polynomial,2,SW2,1e-08,0.050000000000000044,0.11111111111111113,0.06111111111111109,0.003734567901234565,0.0
P0044,smooth_polynomial,2,SW2,1e-08,0.35000000000000003,0.4111111111111111,0.06111111111111106,0.0037345679012345616,0.0
P0045,smooth_polynomial,2,SW2,1e-08,0.8,0.8611111111111112,0.061111111111111116,0.0037345679012345686,0.0
P0046,smooth_polynomial,2,SW2,1e-08,0.4444444444444444,0.4444444444444444,0.0,0.0,0.0
P0047,smooth_polynomial,2,SW2,1e-08,0.7444444444444445,0.7444444444444445,0.0,0.0,0.0
P0048,smooth_polynomial,2,SW2,1e-08,1.1944444444444444,1.1944444444444444,0.0,0.0,0.0
P0049,smooth_polynomial,2,SW2,1e-08,-0.46666666666666656,-0.4666666666666666,5.551115123125783e-17,3.0814879110195774e-33,0.0
P0050,smooth_polynomial,2,SW2,1e-08,-0.16666666666666663,-0.16666666666666663,0.0,0.0,0.0
P0051,smooth_polynomial,2,SW2,1e-08,0.2833333333333333,0.2833333333333334,5.551115123125783e-17,3.0814879110195774e-33,0.0
P0052,smooth_polynomial,2,SW2,1e-08,-0.09999999999999998,-0.09999999999999999,1.3877787807814457e-17,1.925929944387236e-34,0.0
P0053,smooth_polynomial,2,SW2,1e-08,0.19999999999999996,0.2,5.551115123125783e-17,3.0814879110195774e-33,0.0
P0054,smooth_polynomial,2,SW2,1e-08,0.6499999999999999,0.65,1.1102230246251565e-16,1.232595164407831e-32,0.0
P0055,smooth_polynomial,2,SW2,1e-08,0.2666666666666667,0.26666666666666666,5.551115123125783e-17,3.0814879110195774e-33,0.0
P0056,smooth_polynomial,2,SW2,1e-08,0.5666666666666665,0.5666666666666667,1.1102230246251565e-16,1.232595164407831e-32,0.0
P0057,smooth_polynomial,2,SW2,1e-08,1.0166666666666664,1.0166666666666666,2.220446049250313e-16,4.930380657631324e-32,0.0
P0058,smooth_polynomial,2,SW2,1e-08,0.5999999999999999,0.6,1.1102230246251565e-16,1.232595164407831e-32,0.0
P0059,smooth_polynomial,2,SW2,1e-08,0.8999999999999999,0.8999999999999999,0.0,0.0,0.0
P0060,smooth_polynomial,2,SW2,1e-08,1.3499999999999999,1.35,2.220446049250313e-16,4.930380657631324e-32,0.0
P0061,smooth_polynomial,2,SW2,1e-08,-0.35555555555555557,-0.3555555555555555,5.551115123125783e-17,3.0814879110195774e-33,0.0
P0062,smooth_polynomial,2,SW2,1e-08,-0.05555555555555553,-0.055555555555555525,6.938893903907228e-18,4.81482486096809e-35,0.0
P0063,smooth_polynomial,2,SW2,1e-08,0.39444444444444443,0.3944444444444445,5.551115123125783e-17,3.0814879110195774e-33,0.0
P0064,smooth_polynomial,2,SW2,1e-08,0.011111111111111117,0.011111111111111113,3.469446951953614e-18,1.2037062152420224e-35,0.0
P0065,smooth_polynomial,2,SW2,1e-08,0.3111111111111111,0.3111111111111111,0.0,0.0,0.0
P0066,smooth_polynomial,2,SW2,1e-08,0.7611111111111111,0.7611111111111111,0.0,0.0,0.0
P0067,smooth_polynomial,2,SW2,1e-08,0.37777777777777777,0.37777777777777777,0.0,0.0,0.0
P0068,smooth_polynomial,2,SW2,1e-08,0.6777777777777777,0.6777777777777778,1.1102230246251565e-16,1.232595164407831e-32,0.0
P0069,smooth_polynomial,2,SW2,1e-08,1.1277777777777775,1.1277777777777778,2.220446049250313e-16,4.930380657631324e-32,0.0
P0070,smooth_polynomial,2,SW2,1e-08,0.711111111111111,0.711111111111111,0.0,0.0,0.0
P0071,smooth_polynomial,2,SW2,1e-08,1.011111111111111,1.011111111111111,0.0,0.0,0.0
P0072,smooth_polynomial,2,SW2,1e-08,1.4611111111111108,1.461111111111111,2.220446049250313e-16,4.930380657631324e-32,0.0
P0073,sinusoid,1,SW2,1e-08,0.5747241697207606,0.5750459360222461,0.00032176630148550434,1.0353355277166047e-07,0.0
P0074,sinusoid,1,SW2,1e-08,0.729697418318325,0.730415500617587,0.0007180822992619573,5.156421885133393e-07,0.0
P0075,sinusoid,1,SW2,1e-08,0.8955404849784758,0.8963605256140483,0.0008200406355725054,6.724666439901586e-07,0.0
P0076,sinusoid,1,SW2,1e-08,0.9253448211220382,0.9261899555312407,0.0008451344092025304,7.1425216961811e-07,0.0
P0077,sinusoid,1,SW2,1e-08,0.6283460862338577,0.6390576474687264,0.010711561234868716,0.00011473754408834222,0.0
P0078,sinusoid,1,SW2,1e-08,0.7717417838325302,0.7844097681841611,0.012667984351630857,0.00016047782753316424,0.0
P0079,sinusoid,1,SW2,1e-08,0.9154248257087423,0.9232342443900284,0.007809418681286151,6.098702013962113e-05,0.0
P0080,sinusoid,1,SW2,1e-08,0.8868792212307977,0.9005180993532904,0.013638878122492759,0.0001860189964402116,0.0
P0081,sinusoid,1,SW2,1e-08,0.6514075556419494,0.7000858306332174,0.04867827499126798,0.0023695744561255056,0.0
P0082,sinusoid,1,SW2,1e-08,0.7876538917233555,0.8323019291604284,0.04464803743707291,0.001993447246982264,0.0
P0083,sinusoid,1,SW2,1e-08,0.8552766828604776,0.9410273310610535,0.08575064820057587,0.007353173666818927,0.0
P0084,sinusoid,1,SW2,1e-08,0.8085473839991821,0.8662529935510221,0.05770560955184001,0.003329937373749409,0.0
P0085,sinusoid,1,SW2,1e-08,0.6440458916948187,0.764503363531613,0.12045747183679423,0.014510002521312074,0.0
P0086,sinusoid,1,SW2,1e-08,0.7745735838816628,0.8782525822748479,0.10367899839318517,0.010749334707814093,0.0
P0087,sinusoid,1,SW2,1e-08,0.8356222524249755,0.9497626892323064,0.11414043680733099,0.01302803931456832,0.0
P0088,sinusoid,1,SW2,1e-08,0.6981990246967494,0.8175214687028707,0.11932244400612124,0.01423784564359394,0.0
P0089,sinusoid,1,SW2,1e-08,0.6031663680433391,0.8215127058347615,0.21834633779142243,0.04767512322692594,0.0
P0090,sinusoid,1,SW2,1e-08,0.6685770565034996,0.913609165108942,0.24503210860544233,0.060040734247629284,0.0
P0091,sinusoid,1,SW2,1e-08,0.6902872294791933,0.9459011273494009,0.2556138978702076,0.06533846478440092,0.0
P0092,sinusoid,1,SW2,1e-08,0.6613922942394912,0.7598968261006515,0.09850453186116026,0.009703142797186337,0.0
P0093,sinusoid,1,SW2,1e-08,0.5374268803597141,0.8695171441101668,0.3320902637504527,0.11028394327784524,0.0
P0094,sinusoid,1,SW2,1e-08,0.571580030213326,0.9373814131120659,0.36580138289873987,0.1338106517306305,0.0
P0095,sinusoid,1,SW2,1e-08,0.6225954449070304,0.9295507997512531,0.30695535484422265,0.09422158986754264,0.0
P0096,sinusoid,1,SW2,1e-08,0.6703389710197905,0.6949930124620182,0.024654041442227714,0.0006078217594350816,0.0
P0097,sinusoid,2,SW2,1e-08,0.6476466411428146,0.6479899910323624,0.0003433498895478726,1.1788914665253632e-07,0.0
P0098,sinusoid,2,SW2,1e-08,0.7909025323203578,0.7916505965928816,0.0007480642725238296,5.596001558266064e-07,0.0
P0099,sinusoid,2,SW2,1e-08,0.9254986406921375,0.9263431321527904,0.0008444914606529075,7.131658271156812e-07,0.0
P0100,sinusoid,2,SW2,1e-08,0.8953133753840754,0.8961339865207938,0.0008206111367183855,6.734026377062407e-07,0.0
P0101,sinusoid,2,SW2,1e-08,0.7524795021006329,0.764503363531613,0.01202386143098011,0.00014457324371141105,0.0
P0102,sinusoid,2,SW2,1e-08,0.8640315358925659,0.8782525822748479,0.014221046382282054,0.0002022381602070175,0.0
P0103,sinusoid,2,SW2,1e-08,0.9322652283716057,0.9497626892323064,0.017497460860700698,0.0003061611365717528,0.0
P0104,sinusoid,2,SW2,1e-08,0.8052705636293969,0.8175214687028707,0.012250905073473817,0.00015008467511926652,0.0
P0105,sinusoid,2,SW2,1e-08,0.8008600746739556,0.8584384631108883,0.05757838843693275,0.0033152708149943107,0.0
P0106,sinusoid,2,SW2,1e-08,0.8821261971427963,0.9325665474142472,0.050440350271450884,0.002544228935506655,0.0
P0107,sinusoid,2,SW2,1e-08,0.8552766828604776,0.9347900511762953,0.07951336831581768,0.006322375740926879,0.0
P0108,sinusoid,2,SW2,1e-08,0.6629271216844564,0.7118049992277586,0.048877877543302195,0.002389046913138045,0.0
P0109,sinusoid,2,SW2,1e-08,0.7874712848200126,0.9279754323328191,0.1405041475128065,0.019741415468300487,0.0
P0110,sinusoid,2,SW2,1e-08,0.8378861440909631,0.9492985900688871,0.11141244597792399,0.012412733118783832,0.0
P0111,sinusoid,2,SW2,1e-08,0.7669998870047692,0.8724546351889504,0.10545474818418121,0.01112070391458907,0.0
P0112,sinusoid,2,SW2,1e-08,0.47206354212107354,0.5694513006537083,0.09738775853263476,0.009484375512010774,0.0
P0113,sinusoid,2,SW2,1e-08,0.7061191161477334,0.9499013075636804,0.24378219141594704,0.05942975685156144,0.0
P0114,sinusoid,2,SW2,1e-08,0.6685770565034996,0.9160473958699,0.2474703393664004,0.06124156886612138,0.0
P0115,sinusoid,2,SW2,1e-08,0.5472728895002994,0.7686846617394372,0.22141177223913777,0.04902317288607582,0.0
P0116,sinusoid,2,SW2,1e-08,0.3565280038087316,0.4193713352114835,0.06284333140275189,0.003949284301796102,0.0
P0117,sinusoid,2,SW2,1e-08,0.5747995014299291,0.9217768952713512,0.3469773938414221,0.12039331183698536,0.0
P0118,sinusoid,2,SW2,1e-08,0.4981233712910747,0.836512069047858,0.3383886977567833,0.11450691076953165,0.0
P0119,sinusoid,2,SW2,1e-08,0.38626825094956546,0.6350242559949993,0.24875600504543388,0.061879550046163925,0.0
P0120,sinusoid,2,SW2,1e-08,0.32950305514713857,0.2782610877661441,0.05124196738099446,0.0026257392210749,0.0
P0121,smooth_edge,1,SW2,1e-08,0.7796648930110823,0.7968410695441766,0.017176176533094223,0.00029502104029601665,0.0
P0122,smooth_edge,1,SW2,1e-08,0.9176630036528476,0.9682213690407698,0.050558365387922244,0.002556148310698654,0.0
P0123,smooth_edge,1,SW2,1e-08,0.9917921798180391,0.9997254218438986,0.007933242025859433,6.293632904086227e-05,0.0
P0124,smooth_edge,1,SW2,1e-08,0.9999691952640428,0.9999999950965821,3.079983253928553e-05,9.486296844480319e-10,0.0
P0125,smooth_edge,1,SW2,1e-08,0.6786648581389483,0.7040516276171624,0.025386769478214166,0.0006444880645399863,0.0
P0126,smooth_edge,1,SW2,1e-08,0.7774980758586187,0.8972159750827483,0.11971789922412956,0.014332375394638842,0.0
P0127,smooth_edge,1,SW2,1e-08,0.8749376386439769,0.9945137011005495,0.1195760624565726,0.01429843471261815,0.0
P0128,smooth_edge,1,SW2,1e-08,0.9681606522169192,0.9999946227781964,0.031833970561277236,0.0010134016816962658,0.0
P0129,smooth_edge,1,SW2,1e-08,0.5675341005710255,0.5906532827008858,0.023119182129860305,0.000534496582353652,0.0
P0130,smooth_edge,1,SW2,1e-08,0.5310237847374387,0.7143624294910559,0.18333864475361716,0.03361305866009304,0.0
P0131,smooth_edge,1,SW2,1e-08,0.41164251582932654,0.9002495108803148,0.48860699505098826,0.23873679561275646,0.0
P0132,smooth_edge,1,SW2,1e-08,0.33026046975443646,0.9941376978036617,0.6638772280492252,0.44073297392232297,0.0
P0133,smooth_edge,1,SW2,1e-08,0.4604011448251709,0.4667159617488687,0.006314816923697786,3.9876912779819965e-05,0.0
P0134,smooth_edge,1,SW2,1e-08,0.38446377398293924,0.4174297935376853,0.03296601955474604,0.0010867584452838982,0.0
P0135,smooth_edge,1,SW2,1e-08,0.32591566456983123,0.31002551887238744,0.01589014569744379,0.00025249673028599146,0.0
P0136,smooth_edge,1,SW2,1e-08,0.3209962096721631,0.1339278883240735,0.18706832134808957,0.034994556851992105,0.0
P0137,smooth_edge,1,SW2,1e-08,0.36198132632494917,0.34675509928171655,0.01522622704323262,0.0002318379899720684,0.0
P0138,smooth_edge,1,SW2,1e-08,0.3050274182478161,0.1703239186438458,0.1347034996039703,0.018145032805556825,0.0
P0139,smooth_edge,1,SW2,1e-08,0.31744899491683876,0.02188127093613046,0.2955677239807083,0.08736027945913617,0.0
P0140,smooth_edge,1,SW2,1e-08,0.3209734537973419,0.0001409919630903207,0.32083246183425157,0.1029334685666265,0.0
P0141,smooth_edge,1,SW2,1e-08,0.27061458582459497,0.2435464707695958,0.027068115054999176,0.000732682852630673,0.0
P0142,smooth_edge,1,SW2,1e-08,0.2143951950680831,0.05554926015761178,0.15884593491047133,0.025232031037581693,0.0
P0143,smooth_edge,1,SW2,1e-08,0.2574882011836304,0.0011125360328603216,0.2563756651507701,0.06572848168149979,0.0
P0144,smooth_edge,1,SW2,1e-08,0.30614005503659647,1.2858614151064257e-07,0.30613992645045496,0.09372165456708997,0.0
P0145,smooth_edge,1,SW2,1e-08,0.1864753771438463,0.16337423951337943,0.023101137630466867,0.0005336625598217723,0.0
P0146,smooth_edge,1,SW2,1e-08,0.07267497814275437,0.016571944094738476,0.05610303404801589,0.0031475504293928306,0.0
P0147,smooth_edge,1,SW2,1e-08,0.03125398351286423,5.5448524722794907e-05,0.031198534988141433,0.0009733485854062852,0.0
P0148,smooth_edge,1,SW2,1e-08,0.003283101285217588,1.1725539852746633e-10,0.0032831011679621894,1.0778753279074692e-05,0.0
P0149,smooth_edge,2,SW2,1e-08,0.8696400134644798,0.8842526814109779,0.01461266794649807,0.00021353006451461213,0.0
P0150,smooth_edge,2,SW2,1e-08,0.9664217768559513,0.9938389829390936,0.027417206083142243,0.000751703189405492,0.0
P0151,smooth_edge,2,SW2,1e-08,0.9967168168368057,0.9999949695696981,0.0032781527328924476,1.0746285340170222e-05,0.0
P0152,smooth_edge,2,SW2,1e-08,0.9999876781056171,0.9999999999995663,1.232189394928529e-05,1.5182907049743344e-10,0.0
P0153,smooth_edge,2,SW2,1e-08,0.7975760348838777,0.8224934972879262,0.024917462404048463,0.0006208799326571686,0.0
P0154,smooth_edge,2,SW2,1e-08,0.9034213971356576,0.9788208895449324,0.0753994924092748,0.005685083455576287,0.0
P0155,smooth_edge,2,SW2,1e-08,0.9509106200863658,0.9998989708060922,0.0489883507197264,0.0023998585062389183,0.0
P0156,smooth_edge,2,SW2,1e-08,0.9872660410097418,0.9999999995245059,0.01273395851476411,0.00016215369945573338,0.0
P0157,smooth_edge,2,SW2,1e-08,0.71157963241153,0.7375616214876249,0.025981989076094947,0.0006750637563503172,0.0
P0158,smooth_edge,2,SW2,1e-08,0.76285888120872,0.9297812081694472,0.16692232696072717,0.027863063237983907,0.0
P0159,smooth_edge,2,SW2,1e-08,0.7165615807705459,0.9979746796109501,0.2814130988404042,0.07919333219895912,0.0
P0160,smooth_edge,2,SW2,1e-08,0.6828074956071952,0.9999994785576881,0.3171919829504929,0.10061075404806577,0.0
P0161,smooth_edge,2,SW2,1e-08,0.6189872846067687,0.6302602229177513,0.011272938310982639,0.00012707913816322012,0.0
P0162,smooth_edge,2,SW2,1e-08,0.6806461713434879,0.791391472673955,0.11074530133046712,0.012264521766775961,0.0
P0163,smooth_edge,2,SW2,1e-08,0.6806394174166611,0.9608342772032357,0.28019485978657455,0.07850915945081817,0.0
P0164,smooth_edge,2,SW2,1e-08,0.6790158178495903,0.9994284955764196,0.32041267772682924,0.10266428404807694,0.0
P0165,smooth_edge,2,SW2,1e-08,0.5188498513178214,0.5083325618141193,0.01051728950370201,0.00011061337850468047,0.0
P0166,smooth_edge,2,SW2,1e-08,0.5940730405624028,0.5208212853727429,0.07325175518965998,0.005365819638365878,0.0
P0167,smooth_edge,2,SW2,1e-08,0.6698446464614196,0.5498339973124777,0.12001064914894188,0.014402555909150426,0.0
P0168,smooth_edge,2,SW2,1e-08,0.6789776039654254,0.6145944982675491,0.06438310569787631,0.004145184299303913,0.0
P0169,smooth_edge,2,SW2,1e-08,0.41023720404967223,0.3854055017324505,0.02483170231722176,0.0006166134399711165,0.0
P0170,smooth_edge,2,SW2,1e-08,0.4258984164758637,0.23745802834390245,0.18844038813196123,0.035509779879324195,0.0
P0171,smooth_edge,2,SW2,1e-08,0.5283412992805321,0.05732417589886871,0.47101712338166335,0.22185713051873707,0.0
P0172,smooth_edge,2,SW2,1e-08,0.6428445473054447,0.0014520391100099098,0.6413925081954348,0.4113843495692309,0.0
P0173,smooth_edge,2,SW2,1e-08,0.29972990191379134,0.2755454045751979,0.024184497338593458,0.000584889911520434,0.0
P0174,smooth_edge,2,SW2,1e-08,0.17815544733636124,0.0819105771553252,0.09624487018103604,0.00926307503616448,0.0
P0175,smooth_edge,2,SW2,1e-08,0.07838680497797844,0.003018416324708427,0.07536838865327002,0.005680394008190361,0.0
P0176,smooth_edge,2,SW2,1e-08,0.008207769027578112,1.326011943142785e-06,0.00820644301563497,6.734570696886397e-05,0.0
P0177,hard_step,1,SW2,1e-08,1.0,1.0,0.0,0.0,0.0
P0178,hard_step,1,SW2,1e-08,1.0,1.0,0.0,0.0,0.0
P0179,hard_step,1,SW2,1e-08,0.32098765432098764,1.0,0.6790123456790124,0.46105776558451456,0.0
P0180,hard_step,1,SW2,1e-08,0.32098765432098764,1.0,0.6790123456790124,0.46105776558451456,0.0
P0181,hard_step,1,SW2,1e-08,0.32098765432098764,0.0,0.32098765432098764,0.10303307422648986,0.0
P0182,hard_step,1,SW2,1e-08,0.32098765432098764,0.0,0.32098765432098764,0.10303307422648986,0.0
P0183,hard_step,1,SW2,1e-08,0.32098765432098764,0.0,0.32098765432098764,0.10303307422648986,0.0
P0184,hard_step,1,SW2,1e-08,0.32098765432098764,0.0,0.32098765432098764,0.10303307422648986,0.0
P0185,hard_step,1,SW2,1e-08,0.0,0.0,0.0,0.0,0.0
P0186,hard_step,2,SW2,1e-08,1.0,1.0,0.0,0.0,0.0
P0187,hard_step,2,SW2,1e-08,1.0,1.0,0.0,0.0,0.0
P0188,hard_step,2,SW2,1e-08,0.6790123456790123,1.0,0.32098765432098775,0.10303307422648993,0.0
P0189,hard_step,2,SW2,1e-08,0.6790123456790123,1.0,0.32098765432098775,0.10303307422648993,0.0
P0190,hard_step,2,SW2,1e-08,0.6790123456790123,1.0,0.32098765432098775,0.10303307422648993,0.0
P0191,hard_step,2,SW2,1e-08,0.6790123456790123,1.0,0.32098765432098775,0.10303307422648993,0.0
P0192,hard_step,2,SW2,1e-08,0.6790123456790123,0.0,0.6790123456790123,0.46105776558451445,0.0
P0193,hard_step,2,SW2,1e-08,0.6790123456790123,0.0,0.6790123456790123,0.46105776558451445,0.0
P0194,hard_step,2,SW2,1e-08,0.0,0.0,0.0,0.0,0.0
P0195,kink,1,SW2,1e-08,0.4303835825531004,0.4533333333333333,0.022949750780232925,0.0005266910608748018,0.0
P0196,kink,1,SW2,1e-08,-0.13234286342331733,-0.13333333333333333,0.0009904699100160008,9.810306426471048e-07,0.0
P0197,kink,1,SW2,1e-08,0.28414097609009337,0.29333333333333333,0.009192357243239968,8.44994316873463e-05,0.0
P0198,kink,1,SW2,1e-08,0.19980122695604063,0.15583333333333332,0.04396789362270731,0.0019331756696177062,0.0
P0199,kink,1,SW2,1e-08,-0.1206070228182204,-0.04583333333333333,0.07477368948488708,0.0055911046391823125,0.0
P0200,kink,1,SW2,1e-08,0.1806174659498618,0.10083333333333333,0.07978413261652847,0.0063655078173718025,0.0
P0201,kink,1,SW2,1e-08,0.07938664030083598,-0.014000000000000004,0.09338664030083597,0.008721064586677721,0.0
P0202,kink,1,SW2,1e-08,-0.192056051862557,-0.07583333333333335,0.11622271852922365,0.013507720302323147,0.0
P0203,kink,1,SW2,1e-08,0.2025,0.05250000000000001,0.15,0.0225,0.0
P0204,kink,1,SW2,1e-08,-0.012279703479235526,-0.05,0.037720296520764474,0.0014228207696143965,0.0
P0205,kink,1,SW2,1e-08,-0.31638815427704947,-0.27083333333333337,0.0455548209437161,0.002075241711214035,0.0
P0206,kink,1,SW2,1e-08,0.24185917217829242,0.1875,0.05435917217829242,0.0029549195999092406,0.0
P0207,kink,1,SW2,1e-08,-0.09205208333478218,-0.09200000000000001,5.2083334782168644e-05,2.712673762031458e-09,0.0
P0208,kink,1,SW2,1e-08,-0.48932745062613753,-0.49833333333333346,0.009005882707195934,8.110592333577076e-05,0.0
P0209,kink,1,SW2,1e-08,0.3422644374764543,0.3450000000000001,0.002735562523545787,7.483302320228194e-06,0.0
P0210,kink,2,SW2,1e-08,0.7198358613931313,0.7366666666666667,0.01683080527353542,0.0002832760061556677,0.0
P0211,kink,2,SW2,1e-08,-0.21602992790663583,-0.21666666666666667,0.0006367387600308416,4.054362485256137e-07,0.0
P0212,kink,2,SW2,1e-08,0.4705560662000299,0.47666666666666674,0.006110600466636862,3.733943806286263e-05,0.0
P0213,kink,2,SW2,1e-08,0.4514136601665331,0.4391666666666666,0.01224699349986652,0.00014998884978577282,0.0
P0214,kink,2,SW2,1e-08,-0.15902165916527952,-0.12916666666666665,0.02985499249861287,0.0008913205770922307,0.0
P0215,kink,2,SW2,1e-08,0.3151905728986038,0.2841666666666667,0.031023906231937126,0.0009624827578880273,0.0
P0216,kink,2,SW2,1e-08,0.2541043649621073,0.18416666666666662,0.06993769829544069,0.004891281642864088,0.0
P0217,kink,2,SW2,1e-08,-0.14136873825166177,-0.054166666666666655,0.08720207158499511,0.007604201288714613,0.0
P0218,kink,2,SW2,1e-08,0.21617141597764378,0.11916666666666664,0.09700474931097713,0.00940992138888552,0.0
P0219,kink,2,SW2,1e-08,0.08712641688553836,-0.010000000000000004,0.09712641688553837,0.009433540857023394,0.0
P0220,kink,2,SW2,1e-08,-0.17255186894455193,-0.05416666666666669,0.11838520227788524,0.014015056118375804,0.0
P0221,kink,2,SW2,1e-08,0.1745419129860079,0.03750000000000002,0.13704191298600787,0.018780485914864555,0.0
P0222,kink,2,SW2,1e-08,-0.052081347563618124,-0.05200000000000001,8.134756361811296e-05,6.617426106602935e-09,0.0
P0223,kink,2,SW2,1e-08,-0.2683448186887496,-0.28166666666666673,0.013321847977917134,0.00017747163354673483,0.0
P0224,kink,2,SW2,1e-08,0.19079045804872782,0.19500000000000006,0.004209541951272239,1.7720243439520888e-05,0.0
P0225,thin_feature,1,SW2,1e-08,0.36934667311618447,8.364834722972767e-05,0.36926302476895473,0.13635518146151768,0.0
P0226,thin_feature,1,SW2,1e-08,0.5218682213789784,0.0551441169483479,0.46672410443063045,0.21783138965657403,0.0
P0227,thin_feature,1,SW2,1e-08,0.5770598096150428,0.3523219549954969,0.22473785461954587,0.05050710329899614,0.0
P0228,thin_feature,1,SW2,1e-08,0.08241238416451654,0.4111122905071876,0.3286999063426711,0.10804362842968075,0.0
P0229,thin_feature,1,SW2,1e-08,0.32848930970891566,0.7600672046071238,0.4315778948982082,0.18625947936476883,0.0
P0230,thin_feature,1,SW2,1e-08,0.49745178369090914,0.9059551911095096,0.4085034074186005,0.16687503387260708,0.0
P0231,thin_feature,1,SW2,1e-08,3.726653172078671e-06,0.24935220877729616,0.24934848212412408,0.062174665537604624,0.0
P0232,thin_feature,1,SW2,1e-08,0.02110965645367106,0.651375231630207,0.630265575176536,0.3972346952526098,0.0
P0233,thin_feature,1,SW2,1e-08,0.24935220877729616,0.8569968914352788,0.6076446826579827,0.36923206036252043,0.0
P0234,thin_feature,1,SW2,1e-08,0.03498222865659424,1.8664469113520537e-05,0.03496356418748072,0.0012224508206920843,0.0
P0235,thin_feature,1,SW2,1e-08,0.13946674088745492,0.0347085864128538,0.10475815447460113,0.010974270928924392,0.0
P0236,thin_feature,1,SW2,1e-08,0.2281121579529212,0.29823409618142144,0.07012193822850024,0.004917086220921603,0.0
P0237,thin_feature,1,SW2,1e-08,0.15677946587711714,1.7241209390354996e-13,0.15677946587694472,0.024579800920660075,0.0
P0238,thin_feature,1,SW2,1e-08,0.22152154627509596,0.00011499237699560167,0.22140655389810035,0.04902086210903241,0.0
P0239,thin_feature,1,SW2,1e-08,0.24584996605081844,0.03818043380053571,0.20766953225028273,0.043126634625051216,0.0
P0240,thin_feature,2,SW2,1e-08,0.1567794658771173,1.724120939035518e-13,0.15677946587694488,0.024579800920660127,0.0
P0241,thin_feature,2,SW2,1e-08,0.221521546275096,0.00011499237699560208,0.22140655389810038,0.04902086210903243,0.0
P0242,thin_feature,2,SW2,1e-08,0.2458499660508184,0.03818043380053579,0.20766953225028262,0.043126634625051175,0.0
P0243,thin_feature,2,SW2,1e-08,0.03498222865659422,1.8664469113520635e-05,0.0349635641874807,0.001222450820692083,0.0
P0244,thin_feature,2,SW2,1e-08,0.13946674088745487,0.03470858641285385,0.10475815447460102,0.01097427092892437,0.0
P0245,thin_feature,2,SW2,1e-08,0.22811215795292117,0.29823409618142166,0.07012193822850049,0.004917086220921639,0.0
P0246,thin_feature,2,SW2,1e-08,3.726653172078671e-06,0.24935220877729639,0.2493484821241243,0.062174665537604736,0.0
P0247,thin_feature,2,SW2,1e-08,0.02110965645367106,0.6513752316302073,0.6302655751765363,0.39723469525261007,0.0
P0248,thin_feature,2,SW2,1e-08,0.24935220877729616,0.8569968914352789,0.6076446826579828,0.3692320603625206,0.0
P0249,thin_feature,2,SW2,1e-08,0.08241238416451663,0.411112290507187,0.3286999063426704,0.10804362842968028,0.0
P0250,thin_feature,2,SW2,1e-08,0.3284893097089158,0.7600672046071234,0.4315778948982076,0.1862594793647683,0.0
P0251,thin_feature,2,SW2,1e-08,0.49745178369090937,0.9059551911095095,0.40850340741860014,0.16687503387260683,0.0
P0252,thin_feature,2,SW2,1e-08,0.3693466731161842,8.364834722972738e-05,0.36926302476895445,0.13635518146151746,0.0
P0253,thin_feature,2,SW2,1e-08,0.5218682213789783,0.055144116948347775,0.4667241044306305,0.2178313896565741,0.0
P0254,thin_feature,2,SW2,1e-08,0.5770598096150428,0.35232195499549673,0.22473785461954604,0.050507103298996214,0.0
P0255,mixed_frequency,1,SW2,1e-08,0.5021130483730383,0.49935542472536626,0.002757623647672014,7.6044881821999035e-06,0.0
P0256,mixed_frequency,1,SW2,1e-08,0.43430937243278855,0.45555610868671437,0.021246736253925813,0.0004514238014438855,0.0
P0257,mixed_frequency,1,SW2,1e-08,0.2841075201949215,0.155213372665013,0.12889414752990852,0.01661370126746182,0.0
P0258,mixed_frequency,1,SW2,1e-08,0.681071722828722,0.7427118258953607,0.061640103066638696,0.0037995023060658412,0.0
P0259,mixed_frequency,1,SW2,1e-08,0.7072023874006848,0.5406964779017696,0.1665059094989152,0.027724217898060937,0.0
P0260,mixed_frequency,1,SW2,1e-08,0.47541723753706744,0.4170475535071272,0.05836968402994025,0.003407020013755062,0.0
P0261,mixed_frequency,1,SW2,1e-08,0.5190454880670391,0.47535988945488694,0.043685598612152154,0.0019084315261020703,0.0
P0262,mixed_frequency,1,SW2,1e-08,0.5797589054088589,0.6686000035176052,0.0888410981087463,0.007892740713167885,0.0
P0263,mixed_frequency,1,SW2,1e-08,0.3781066100778639,0.28032091330418796,0.09778569677367593,0.009562042493513296,0.0
P0264,mixed_frequency,1,SW2,1e-08,0.4858846465829691,0.4747727588702795,0.011111887712689617,0.00012347404853942247,0.0
P0265,mixed_frequency,1,SW2,1e-08,0.5274109774798222,0.4673856494865241,0.06002532799329813,0.0036030400007030197,0.0
P0266,mixed_frequency,1,SW2,1e-08,0.502489473898883,0.4334862851454516,0.06900318875343137,0.004761440058141677,0.0
P0267,mixed_frequency,1,SW2,1e-08,0.6953974704468244,0.6773719504742064,0.01802551997261803,0.00032491937028325155,0.0
P0268,mixed_frequency,1,SW2,1e-08,0.5623179833911576,0.4548365472979632,0.10748143609319438,0.011552259104655429,0.0
P0269,mixed_frequency,1,SW2,1e-08,0.6823413095715999,0.6986226099788257,0.016281300407225863,0.00026508074295033304,0.0
P0270,mixed_frequency,1,SW2,1e-08,0.29627773589646766,0.23943781507349454,0.05683992082297312,0.0032307765991618537,0.0
P0271,mixed_frequency,1,SW2,1e-08,0.47719138661806515,0.4664184217464979,0.010772964871567259,0.00011605677212402216,0.0
P0272,mixed_frequency,1,SW2,1e-08,0.456959050695602,0.4844869960552387,0.027527945359636707,0.0007577877757231441,0.0
P0273,mixed_frequency,1,SW2,1e-08,0.6803186632566964,0.7668339405122937,0.08651527725559727,0.007484893198612866,0.0
P0274,mixed_frequency,1,SW2,1e-08,0.547967620973209,0.6036770727120775,0.05570945173886854,0.0031035430130453233,0.0
P0275,mixed_frequency,1,SW2,1e-08,0.5330271049312928,0.5801958680494812,0.047168763118188406,0.002224892214099771,0.0
P0276,mixed_frequency,1,SW2,1e-08,0.4776718028061239,0.43425126660147423,0.043420536204649696,0.001885342964299295,0.0
P0277,mixed_frequency,1,SW2,1e-08,0.6103884573865563,0.6813224182546447,0.07093396086808834,0.005031626804435488,0.0
P0278,mixed_frequency,1,SW2,1e-08,0.27668959909770163,0.29829739986517656,0.021607800767474927,0.0004668970540068901,0.0
P0279,mixed_frequency,1,SW2,1e-08,0.4499555032838598,0.45224178202853027,0.002286278744670467,5.227070498331966e-06,0.0
P0280,mixed_frequency,1,SW2,1e-08,0.5956458555056208,0.48763067251845843,0.10801518298716234,0.011667279755750165,0.0
P0281,mixed_frequency,1,SW2,1e-08,0.4852588728505149,0.5701012749830773,0.08484240213256239,0.007198233199623427,0.0
P0282,mixed_frequency,1,SW2,1e-08,0.5346008914639407,0.5623229858879404,0.027722094423999644,0.0007685145192531522,0.0
P0283,mixed_frequency,1,SW2,1e-08,0.5837118725907144,0.7666319644998695,0.18292009190915504,0.03345976002405372,0.0
P0284,mixed_frequency,1,SW2,1e-08,0.4839715159544872,0.5391611189168729,0.05518960296238573,0.0030458922751457757,0.0
P0285,mixed_frequency,1,SW2,1e-08,0.6726150401430467,0.6887178293753018,0.016102789232255055,0.00025929982105842936,0.0
P0286,mixed_frequency,1,SW2,1e-08,0.32716778919619643,0.2988924441998043,0.028275344996392116,0.0007994951346649966,0.0
P0287,mixed_frequency,1,SW2,1e-08,0.4285141603356476,0.4271356910831181,0.0013784692525294906,1.9001774801692125e-06,0.0
P0288,mixed_frequency,1,SW2,1e-08,0.3759765063771366,0.2645103235299279,0.11146618284720866,0.012424709918527354,0.0
P0289,mixed_frequency,1,SW2,1e-08,0.5258293693830762,0.43919422396993496,0.08663514541314127,0.007505648420756132,0.0
P0290,mixed_frequency,1,SW2,1e-08,0.332229001085926,0.35253116173124965,0.02030216064532364,0.00041217772686852805,0.0
P0291,mixed_frequency,1,SW2,1e-08,0.34863713488375475,0.3719201334216269,0.023282998537872135,0.000542098020914556,0.0
P0292,mixed_frequency,1,SW2,1e-08,0.5143983311142696,0.5405693019751132,0.026170970860843634,0.0006849197157991265,0.0
P0293,mixed_frequency,1,SW2,1e-08,0.5092241982049138,0.5848295787523584,0.07560538054744459,0.005716173567723913,0.0
P0294,mixed_frequency,1,SW2,1e-08,0.5285028075255287,0.5409906345655865,0.012487827040057797,0.00015594582418239868,0.0
P0295,mixed_frequency,1,SW2,1e-08,0.5880387223675523,0.6740210161891979,0.08598229382164557,0.007392954850831791,0.0
P0296,mixed_frequency,1,SW2,1e-08,0.48036394010913397,0.43882666894757716,0.04153727116155681,0.001725344895548699,0.0
P0297,mixed_frequency,1,SW2,1e-08,0.41935405255096664,0.4085314772238543,0.010822575327112338,0.00011712813671102074,0.0
P0298,mixed_frequency,1,SW2,1e-08,0.5754671967197817,0.5515396754151357,0.023927521304646038,0.00057252627578429,0.0
P0299,mixed_frequency,1,SW2,1e-08,0.46242463139402273,0.45758380838567025,0.0048408230083524795,2.343356739819475e-05,0.0
P0300,mixed_frequency,1,SW2,1e-08,0.5966581362912896,0.6005499470896327,0.0038918107983431094,1.514619129010003e-05,0.0
P0301,mixed_frequency,1,SW2,1e-08,0.279204465537088,0.2456362579031397,0.0335682076339483,0.001126824563755865,0.0
P0302,mixed_frequency,1,SW2,1e-08,0.3618659466983725,0.3270528513166872,0.03481309538168531,0.001211951610054319,0.0
P0303,mixed_frequency,1,SW2,1e-08,0.4736158481524128,0.4633290863928645,0.01028676175954829,0.00010581746749770505,0.0
P0304,mixed_frequency,1,SW2,1e-08,0.48533713131666245,0.4944074046768252,0.00907027336016275,8.226985882807808e-05,0.0
P0305,mixed_frequency,1,SW2,1e-08,0.5528785462679411,0.535141282,0.01773726426794109,0.00031461054371077974,0.0
P0306,mixed_frequency,1,SW2,1e-08,0.5405436931478365,0.4813603793968585,0.05918331375097796,0.0035026646265466973,0.0
P0307,mixed_frequency,1,SW2,1e-08,0.44660917523400234,0.44916240885229025,0.002553233618287909,6.519001909555568e-06,0.0
P0308,mixed_frequency,1,SW2,1e-08,0.42420734902683693,0.3619738362318022,0.06223351279503475,0.0038730101148097542,0.0
P0309,mixed_frequency,1,SW2,1e-08,0.5251883507144559,0.5383224304502269,0.013134079735770965,0.0001725040505055895,0.0
P0310,mixed_frequency,1,SW2,1e-08,0.3165132393445449,0.3926499743554235,0.07613673501087859,0.005796802418116745,0.0
P0311,mixed_frequency,1,SW2,1e-08,0.42594852405965317,0.42040974436429945,0.005538779695353713,3.0678080513662564e-05,0.0
P0312,mixed_frequency,1,SW2,1e-08,0.583809658067784,0.6101470394713223,0.026337381403538362,0.0006936576591954483,0.0
P0313,mixed_frequency,1,SW2,1e-08,0.5435219775972506,0.5479313452317733,0.0044093676345227095,1.9442522936376396e-05,0.0
P0314,mixed_frequency,1,SW2,1e-08,0.8361228669537025,0.8500388285880128,0.013915961634310303,0.00019365398820759628,0.0
P0315,mixed_frequency,1,SW2,1e-08,0.42682546879473404,0.41205449093146773,0.01477097786326631,0.00021818178703710337,0.0
P0316,mixed_frequency,1,SW2,1e-08,0.5852749295366596,0.6085826163686509,0.023307686831991248,0.0005432482654581782,0.0
P0317,mixed_frequency,1,SW2,1e-08,0.43708419270663146,0.429892434580156,0.007191758126475434,5.172138494972544e-05,0.0
P0318,mixed_frequency,1,SW2,1e-08,0.4393397982302117,0.39204653808406975,0.047293260146141936,0.002236652455250657,0.0
P0319,mixed_frequency,2,SW2,1e-08,0.6881093778908042,0.8140327948345307,0.12592341694372655,0.0158567069347836,0.0
P0320,mixed_frequency,2,SW2,1e-08,0.5538340646463055,0.5548865092370293,0.0010524445907238444,1.1076396165438804e-06,0.0
P0321,mixed_frequency,2,SW2,1e-08,0.3152115634768008,0.3967439560775554,0.08153239260075462,0.006647531043203587,0.0
P0322,mixed_frequency,2,SW2,1e-08,0.6294886620097461,0.6303496925970249,0.0008610305872788215,7.413736722297123e-07,0.0
P0323,mixed_frequency,2,SW2,1e-08,0.263288562781306,0.276272829973252,0.012984267191945953,0.00016859119451184405,0.0
P0324,mixed_frequency,2,SW2,1e-08,0.4801932450732626,0.3680034887100495,0.1121897563632131,0.012586541432837115,0.0
P0325,mixed_frequency,2,SW2,1e-08,0.7044478152805562,0.6634508837330682,0.04099693154748807,0.0016807483963094225,0.0
P0326,mixed_frequency,2,SW2,1e-08,0.6146067168254209,0.6508270799207778,0.03622036309535692,0.0013119147027594938,0.0
P0327,mixed_frequency,2,SW2,1e-08,0.5116675320792973,0.5333568294057774,0.021689297326480173,0.00047042561851645996,0.0
P0328,mixed_frequency,2,SW2,1e-08,0.6017833571232905,0.6678860836431736,0.06610272651988314,0.004369570453362461,0.0
P0329,mixed_frequency,2,SW2,1e-08,0.48452889987456754,0.48087471401390125,0.0036541858606662925,1.3353074304293452e-05,0.0
P0330,mixed_frequency,2,SW2,1e-08,0.3898230962302339,0.3476791051625945,0.04214399106763944,0.001776115983109273,0.0
P0331,mixed_frequency,2,SW2,1e-08,0.3213579147950789,0.20720898854505576,0.11414892625002315,0.013029977364033225,0.0
P0332,mixed_frequency,2,SW2,1e-08,0.5803634482594472,0.6153000035934494,0.034936555334002195,0.0012205628986057973,0.0
P0333,mixed_frequency,2,SW2,1e-08,0.1420776883731499,0.0649946518336959,0.077083036539454,0.005941794522142801,0.0
P0334,mixed_frequency,2,SW2,1e-08,0.46347081505651916,0.5226072573180978,0.0591364422615786,0.00349711880335702,0.0
P0335,mixed_frequency,2,SW2,1e-08,0.499559011931215,0.3957690317599277,0.10378998017128727,0.010772359983956203,0.0
P0336,mixed_frequency,2,SW2,1e-08,0.5935202378014225,0.7552761193165396,0.1617558815151171,0.026164965204732604,0.0
P0337,mixed_frequency,2,SW2,1e-08,0.3898594181998879,0.48475446913807674,0.09489505093818884,0.009005070692561455,0.0
P0338,mixed_frequency,2,SW2,1e-08,0.6537503548791535,0.6651371781040039,0.011386823224850406,0.00012965974315399262,0.0
P0339,mixed_frequency,2,SW2,1e-08,0.6666105551128391,0.7408408381328755,0.07423028302003642,0.005510134917234708,0.0
P0340,mixed_frequency,2,SW2,1e-08,0.49843618510229526,0.5689577717014875,0.07052158659919228,0.004973294176467376,0.0
P0341,mixed_frequency,2,SW2,1e-08,0.4140316453146237,0.2574974214481519,0.1565342238664718,0.024502963241478715,0.0
P0342,mixed_frequency,2,SW2,1e-08,0.5233446769709418,0.5173737037104447,0.005970973260497114,3.565252167757154e-05,0.0
P0343,mixed_frequency,2,SW2,1e-08,0.38847023122866214,0.48324739685668694,0.0947771656280248,0.008982711124482045,0.0
P0344,mixed_frequency,2,SW2,1e-08,0.3540647369120984,0.270052112801759,0.08401262411033938,0.007058121009905179,0.0
P0345,mixed_frequency,2,SW2,1e-08,0.5042050443832824,0.49531618841216574,0.00888885597111666,7.90117604752563e-05,0.0
P0346,mixed_frequency,2,SW2,1e-08,0.2561469610581029,0.16971157929838276,0.08643538175972015,0.0074710752199485635,0.0
P0347,mixed_frequency,2,SW2,1e-08,0.6428891895101926,0.6635927865275683,0.020703597017375674,0.0004286389294578869,0.0
P0348,mixed_frequency,2,SW2,1e-08,0.4343593143040979,0.3179991471566734,0.11636016714742453,0.013539688498576575,0.0
P0349,mixed_frequency,2,SW2,1e-08,0.5960196550165566,0.6303959865910851,0.03437633157452846,0.0011817321725219225,0.0
P0350,mixed_frequency,2,SW2,1e-08,0.4403929470434795,0.35492709939749145,0.08546584764598802,0.0073044111138472366,0.0
P0351,mixed_frequency,2,SW2,1e-08,0.42423061463311035,0.3906606716516097,0.03356994298150062,0.001126941071781203,0.0
P0352,mixed_frequency,2,SW2,1e-08,0.43001918667827005,0.4275323977379478,0.0024867889403222265,6.1841192337089424e-06,0.0
P0353,mixed_frequency,2,SW2,1e-08,0.5070275757920649,0.6041255480496204,0.09709797225755545,0.00942801621652901,0.0
P0354,mixed_frequency,2,SW2,1e-08,0.4608989684660872,0.4412332367188725,0.0196657317472147,0.0003867410051534081,0.0
P0355,mixed_frequency,2,SW2,1e-08,0.5168288709500972,0.609299498114648,0.09247062716455079,0.008550816888205357,0.0
P0356,mixed_frequency,2,SW2,1e-08,0.714362491560214,0.7689757838647319,0.054613292304517835,0.002982611696338707,0.0
P0357,mixed_frequency,2,SW2,1e-08,0.4737723246400122,0.5332989647948638,0.05952664015485165,0.003543420888125197,0.0
P0358,mixed_frequency,2,SW2,1e-08,0.4487222727803154,0.41575437560416867,0.03296789717614673,0.0010868822442169836,0.0
P0359,mixed_frequency,2,SW2,1e-08,0.13356354389029762,0.04017781537158405,0.09338572851871357,0.008720894290970874,0.0
P0360,mixed_frequency,2,SW2,1e-08,0.5647108813966302,0.5542356586168614,0.010475222779768756,0.00010973029228578625,0.0
P0361,mixed_frequency,2,SW2,1e-08,0.43325587676978544,0.6474451945759677,0.21418931780618228,0.04587706386227775,0.0
P0362,mixed_frequency,2,SW2,1e-08,0.564981551269209,0.5504878096411179,0.014493741628091139,0.00021006854638186198,0.0
P0363,mixed_frequency,2,SW2,1e-08,0.3274331616367597,0.2947314072873603,0.03270175434939937,0.0010694047375284605,0.0
P0364,mixed_frequency,2,SW2,1e-08,0.700015675440275,0.718965854204543,0.018950178764267966,0.0003591092751977126,0.0
P0365,mixed_frequency,2,SW2,1e-08,0.25041694045839136,0.2420960937654339,0.008320846692957462,6.923648968770113e-05,0.0
P0366,mixed_frequency,2,SW2,1e-08,0.3707402142246741,0.3304965060026291,0.04024370822204504,0.0016195560514610954,0.0
P0367,mixed_frequency,2,SW2,1e-08,0.5436867250369144,0.3705258094086487,0.1731609156282657,0.02998470270121935,0.0
P0368,mixed_frequency,2,SW2,1e-08,0.6297267143392555,0.6512758947908197,0.021549180451564176,0.0004643671781340756,0.0
P0369,mixed_frequency,2,SW2,1e-08,0.6653731922476422,0.6719703535433057,0.006597161295663456,4.352253716099993e-05,0.0
P0370,mixed_frequency,2,SW2,1e-08,0.4477071068742061,0.46107812920209956,0.013371022327893445,0.00017878423809302503,0.0
P0371,mixed_frequency,2,SW2,1e-08,0.6794790786632225,0.791170460656414,0.11169138199319151,0.012474964811549024,0.0
P0372,mixed_frequency,2,SW2,1e-08,0.5602564171254125,0.533951223416073,0.02630519370933948,0.0006919632160858733,0.0
P0373,mixed_frequency,2,SW2,1e-08,0.3531119564830017,0.31761767180206096,0.035494284680940735,0.0012598442450116642,0.0
P0374,mixed_frequency,2,SW2,1e-08,0.6012101371545433,0.6098001802240762,0.008590043069532927,7.378883993643066e-05,0.0
P0375,mixed_frequency,2,SW2,1e-08,0.6951588812765737,0.7417467047610486,0.04658782348447499,0.0021704252970205992,0.0
P0376,mixed_frequency,2,SW2,1e-08,0.4373774006881752,0.3436031187899571,0.09377428189821813,0.00879361594552648,0.0
P0377,mixed_frequency,2,SW2,1e-08,0.4969924316120877,0.5015638929582081,0.004571461346120409,2.089825883907302e-05,0.0
P0378,mixed_frequency,2,SW2,1e-08,0.7254534601735316,0.7714303015145285,0.04597684134099689,0.0021138699396952005,0.0
P0379,mixed_frequency,2,SW2,1e-08,0.3286492934560362,0.33214085095807067,0.003491557502034448,1.2190973790013034e-05,0.0
P0380,mixed_frequency,2,SW2,1e-08,0.5694114730377904,0.5278122067042186,0.041599266333571805,0.0017304989594914405,0.0
P0381,mixed_frequency,2,SW2,1e-08,0.5271477297671635,0.3212502519429321,0.2058974778242314,0.042393771374379864,0.0
P0382,mixed_frequency,2,SW2,1e-08,0.3914963425614732,0.2252611572341287,0.1662351853273445,0.02763413684081657,0.0
P0001,smooth_polynomial,1,SW2,1e-06,-0.2722222222222222,-0.2722222222222222,0.0,0.0,0.0
P0002,smooth_polynomial,1,SW2,1e-06,0.027777777777777846,0.02777777777777779,5.551115123125783e-17,3.0814879110195774e-33,0.0
P0003,smooth_polynomial,1,SW2,1e-06,0.47777777777777786,0.4777777777777778,5.551115123125783e-17,3.0814879110195774e-33,0.0
P0004,smooth_polynomial,1,SW2,1e-06,-0.08888888888888889,-0.08888888888888888,1.3877787807814457e-17,1.925929944387236e-34,0.0
P0005,smooth_polynomial,1,SW2,1e-06,0.21111111111111108,0.2111111111111111,2.7755575615628914e-17,7.703719777548943e-34,0.0
P0006,smooth_polynomial,1,SW2,1e-06,0.6611111111111111,0.6611111111111111,0.0,0.0,0.0
P0007,smooth_polynomial,1,SW2,1e-06,0.050000000000000044,0.09444444444444444,0.0444444444444444,0.0019753086419753044,0.0
P0008,smooth_polynomial,1,SW2,1e-06,0.35000000000000003,0.39444444444444443,0.0444444444444444,0.0019753086419753044,0.0
P0009,smooth_polynomial,1,SW2,1e-06,0.8,0.8444444444444444,0.0444444444444444,0.0019753086419753044,0.0
P0010,smooth_polynomial,1,SW2,1e-06,0.26111111111111107,0.2611111111111111,5.551115123125783e-17,3.0814879110195774e-33,0.0
P0011,smooth_polynomial,1,SW2,1e-06,0.561111111111111,0.5611111111111111,1.1102230246251565e-16,1.232595164407831e-32,0.0
P0012,smooth_polynomial,1,SW2,1e-06,1.011111111111111,1.011111111111111,0.0,0.0,0.0
P0013,smooth_polynomial,1,SW2,1e-06,-0.23333333333333328,-0.2333333333333333,2.7755575615628914e-17,7.703719777548943e-34,0.0
P0014,smooth_polynomial,1,SW2,1e-06,0.06666666666666667,0.06666666666666668,1.3877787807814457e-17,1.925929944387236e-34,0.0
P0015,smooth_polynomial,1,SW2,1e-06,0.5166666666666667,0.5166666666666667,0.0,0.0,0.0
P0016,smooth_polynomial,1,SW2,1e-06,-0.04999999999999999,-0.049999999999999996,6.938893903907228e-18,4.81482486096809e-35,0.0
P0017,smooth_polynomial,1,SW2,1e-06,0.25,0.25,0.0,0.0,0.0
P0018,smooth_polynomial,1,SW2,1e-06,0.7,0.7,0.0,0.0,0.0
P0019,smooth_polynomial,1,SW2,1e-06,0.13333333333333336,0.13333333333333333,2.7755575615628914e-17,7.703719777548943e-34,0.0
P0020,smooth_polynomial,1,SW2,1e-06,0.4333333333333333,0.43333333333333335,5.551115123125783e-17,3.0814879110195774e-33,0.0
P0021,smooth_polynomial,1,SW2,1e-06,0.8833333333333333,0.8833333333333333,0.0,0.0,0.0
P0022,smooth_polynomial,1,SW2,1e-06,0.3,0.3,0.0,0.0,0.0
P0023,smooth_polynomial,1,SW2,1e-06,0.6,0.6,0.0,0.0,0.0
P0024,smooth_polynomial,1,SW2,1e-06,1.0499999999999998,1.05,2.220446049250313e-16,4.930380657631324e-32,0.0
P0025,smooth_polynomial,1,SW2,1e-06,-0.20555555555555555,-0.20555555555555555,0.0,0.0,0.0
P0026,smooth_polynomial,1,SW2,1e-06,0.09444444444444444,0.09444444444444444,0.0,0.0,0.0
P0027,smooth_polynomial,1,SW2,1e-06,0.5444444444444445,0.5444444444444445,0.0,0.0,0.0
P0028,smooth_polynomial,1,SW2,1e-06,0.0,-0.02222222222222222,0.02222222222222222,0.0004938271604938271,0.0
P0029,smooth_polynomial,1,SW2,1e-06,0.3,0.2777777777777778,0.0222222222222222,0.0004938271604938261,0.0
P0030,smooth_polynomial,1,SW2,1e-06,0.75,0.7277777777777777,0.022222222222222254,0.0004938271604938286,0.0
P0031,smooth_polynomial,1,SW2,1e-06,0.1611111111111111,0.1611111111111111,0.0,0.0,0.0
P0032,smooth_polynomial,1,SW2,1e-06,0.46111111111111114,0.4611111111111111,5.551115123125783e-17,3.0814879110195774e-33,0.0
P0033,smooth_polynomial,1,SW2,1e-06,0.911111111111111,0.9111111111111111,1.1102230246251565e-16,1.232595164407831e-32,0.0
P0034,smooth_polynomial,1,SW2,1e-06,0.3277777777777777,0.3277777777777778,5.551115123125783e-17,3.0814879110195774e-33,0.0
P0035,smooth_polynomial,1,SW2,1e-06,0.6277777777777778,0.6277777777777778,0.0,0.0,0.0
P0036,smooth_polynomial,1,SW2,1e-06,1.0777777777777777,1.0777777777777777,0.0,0.0,0.0
P0037,smooth_polynomial,2,SW2,1e-06,-0.622222222222222,-0.6222222222222221,1.1102230246251565e-16,1.232595164407831e-32,0.0
P0038,smooth_polynomial,2,SW2,1e-06,-0.322222222222222,-0.32222222222222213,1.1102230246251565e-16,1.232595164407831e-32,0.0
P0039,smooth_polynomial,2,SW2,1e-06,0.12777777777777788,0.12777777777777788,0.0,0.0,0.0
P0040,smooth_polynomial,2,SW2,1e-06,-0.25555555555555554,-0.25555555555555554,0.0,0.0,0.0
P0041,smooth_polynomial,2,SW2,1e-06,0.04444444444444444,0.04444444444444445,1.3877787807814457e-17,1.925929944387236e-34,0.0
P0042,smooth_polynomial,2,SW2,1e-06,0.49444444444444446,0.49444444444444446,0.0,0.0,0.0
P0043,smooth_polynomial,2,SW2,1e-06,0.050000000000000044,0.11111111111111113,0.06111111111111109,0.003734567901234565,0.0
P0044,smooth_polynomial,2,SW2,1e-06,0.35000000000000003,0.4111111111111111,0.06111111111111106,0.0037345679012345616,0.0
P0045,smooth_polynomial,2,SW2,1e-06,0.8,0.8611111111111112,0.061111111111111116,0.0037345679012345686,0.0
P0046,smooth_polynomial,2,SW2,1e-06,0.4444444444444444,0.4444444444444444,0.0,0.0,0.0
P0047,smooth_polynomial,2,SW2,1e-06,0.7444444444444445,0.7444444444444445,0.0,0.0,0.0
P0048,smooth_polynomial,2,SW2,1e-06,1.1944444444444444,1.1944444444444444,0.0,0.0,0.0
P0049,smooth_polynomial,2,SW2,1e-06,-0.46666666666666656,-0.4666666666666666,5.551115123125783e-17,3.0814879110195774e-33,0.0
P0050,smooth_polynomial,2,SW2,1e-06,-0.16666666666666663,-0.16666666666666663,0.0,0.0,0.0
P0051,smooth_polynomial,2,SW2,1e-06,0.2833333333333333,0.2833333333333334,5.551115123125783e-17,3.0814879110195774e-33,0.0
P0052,smooth_polynomial,2,SW2,1e-06,-0.09999999999999998,-0.09999999999999999,1.3877787807814457e-17,1.925929944387236e-34,0.0
P0053,smooth_polynomial,2,SW2,1e-06,0.19999999999999996,0.2,5.551115123125783e-17,3.0814879110195774e-33,0.0
P0054,smooth_polynomial,2,SW2,1e-06,0.6499999999999999,0.65,1.1102230246251565e-16,1.232595164407831e-32,0.0
P0055,smooth_polynomial,2,SW2,1e-06,0.2666666666666667,0.26666666666666666,5.551115123125783e-17,3.0814879110195774e-33,0.0
P0056,smooth_polynomial,2,SW2,1e-06,0.5666666666666665,0.5666666666666667,1.1102230246251565e-16,1.232595164407831e-32,0.0
P0057,smooth_polynomial,2,SW2,1e-06,1.0166666666666664,1.0166666666666666,2.220446049250313e-16,4.930380657631324e-32,0.0
P0058,smooth_polynomial,2,SW2,1e-06,0.5999999999999999,0.6,1.1102230246251565e-16,1.232595164407831e-32,0.0
P0059,smooth_polynomial,2,SW2,1e-06,0.8999999999999999,0.8999999999999999,0.0,0.0,0.0
P0060,smooth_polynomial,2,SW2,1e-06,1.3499999999999999,1.35,2.220446049250313e-16,4.930380657631324e-32,0.0
P0061,smooth_polynomial,2,SW2,1e-06,-0.3555555555555555,-0.3555555555555555,0.0,0.0,0.0
P0062,smooth_polynomial,2,SW2,1e-06,-0.055555555555555525,-0.055555555555555525,0.0,0.0,0.0
P0063,smooth_polynomial,2,SW2,1e-06,0.3944444444444444,0.3944444444444445,1.1102230246251565e-16,1.232595164407831e-32,0.0
P0064,smooth_polynomial,2,SW2,1e-06,0.011111111111111115,0.011111111111111113,1.734723475976807e-18,3.009265538105056e-36,0.0
P0065,smooth_polynomial,2,SW2,1e-06,0.3111111111111111,0.3111111111111111,0.0,0.0,0.0
P0066,smooth_polynomial,2,SW2,1e-06,0.7611111111111111,0.7611111111111111,0.0,0.0,0.0
P0067,smooth_polynomial,2,SW2,1e-06,0.37777777777777777,0.37777777777777777,0.0,0.0,0.0
P0068,smooth_polynomial,2,SW2,1e-06,0.6777777777777777,0.6777777777777778,1.1102230246251565e-16,1.232595164407831e-32,0.0
P0069,smooth_polynomial,2,SW2,1e-06,1.1277777777777775,1.1277777777777778,2.220446049250313e-16,4.930380657631324e-32,0.0
P0070,smooth_polynomial,2,SW2,1e-06,0.7111111111111111,0.711111111111111,1.1102230246251565e-16,1.232595164407831e-32,0.0
P0071,smooth_polynomial,2,SW2,1e-06,1.011111111111111,1.011111111111111,0.0,0.0,0.0
P0072,smooth_polynomial,2,SW2,1e-06,1.4611111111111108,1.461111111111111,2.220446049250313e-16,4.930380657631324e-32,0.0
P0073,sinusoid,1,SW2,1e-06,0.5747241735050037,0.5750459360222461,0.00032176251724236327,1.0353111750214211e-07,0.0
P0074,sinusoid,1,SW2,1e-06,0.7296974281670663,0.730415500617587,0.0007180724505206904,5.156280441967893e-07,0.0
P0075,sinusoid,1,SW2,1e-06,0.8955404996250906,0.8963605256140483,0.0008200259889576955,6.724426225660465e-07,0.0
P0076,sinusoid,1,SW2,1e-06,0.9253448375034141,0.9261899555312407,0.0008451180278266079,7.142244809575353e-07,0.0
P0077,sinusoid,1,SW2,1e-06,0.6283461212481732,0.6390576474687264,0.010711526220553158,0.00011473679397359783,0.0
P0078,sinusoid,1,SW2,1e-06,0.7717418180530269,0.7844097681841611,0.012667950131134198,0.00016047696052490294,0.0
P0079,sinusoid,1,SW2,1e-06,0.9154248344724899,0.9232342443900284,0.0078094099175385345,6.098688326014922e-05,0.0
P0080,sinusoid,1,SW2,1e-06,0.8868792643853215,0.9005180993532904,0.013638834967968916,0.00018601781928349165,0.0
P0081,sinusoid,1,SW2,1e-06,0.6514075846092808,0.7000858306332174,0.048678246023936556,0.002369571635966895,0.0
P0082,sinusoid,1,SW2,1e-06,0.7876539126624424,0.8323019291604284,0.044648016497986,0.00199344537720443,0.0
P0083,sinusoid,1,SW2,1e-06,0.8552766828604776,0.9410273310610535,0.08575064820057587,0.007353173666818927,0.0
P0084,sinusoid,1,SW2,1e-06,0.8085474252895676,0.8662529935510221,0.057705568261454565,0.0033299326083773926,0.0
P0085,sinusoid,1,SW2,1e-06,0.6440459047654247,0.764503363531613,0.1204574587661883,0.014509999372407954,0.0
P0086,sinusoid,1,SW2,1e-06,0.7745735993254684,0.8782525822748479,0.1036789829493795,0.010749331505417724,0.0
P0087,sinusoid,1,SW2,1e-06,0.8356222751181365,0.9497626892323064,0.11414041411416997,0.013028034134154213,0.0
P0088,sinusoid,1,SW2,1e-06,0.69819906633176,0.8175214687028707,0.11932240237111069,0.014237835707613243,0.0
P0089,sinusoid,1,SW2,1e-06,0.6031663773861052,0.8215127058347615,0.2183463284486563,0.047675119147008505,0.0
P0090,sinusoid,1,SW2,1e-06,0.6685770565034996,0.913609165108942,0.24503210860544233,0.060040734247629284,0.0
P0091,sinusoid,1,SW2,1e-06,0.6902872542589965,0.9459011273494009,0.2556138730904044,0.06533845211627737,0.0
P0092,sinusoid,1,SW2,1e-06,0.6613923086819854,0.7598968261006515,0.09850451741866606,0.009703139951884284,0.0
P0093,sinusoid,1,SW2,1e-06,0.5374268987262141,0.8695171441101668,0.3320902453839527,0.11028393107917392,0.0
P0094,sinusoid,1,SW2,1e-06,0.5715800976890858,0.9373814131120659,0.3658013154229801,0.13381060236518258,0.0
P0095,sinusoid,1,SW2,1e-06,0.6225954700547081,0.9295507997512531,0.30695532969654504,0.09422157442911466,0.0
P0096,sinusoid,1,SW2,1e-06,0.6703389703905158,0.6949930124620182,0.024654042071502347,0.0006078217904634078,0.0
P0097,sinusoid,2,SW2,1e-06,0.6476466450364293,0.6479899910323624,0.00034334599593310866,1.1788647292329826e-07,0.0
P0098,sinusoid,2,SW2,1e-06,0.7909025428966621,0.7916505965928816,0.0007480536962195528,5.595843324277349e-07,0.0
P0099,sinusoid,2,SW2,1e-06,0.9254986570534707,0.9263431321527904,0.0008444750993197303,7.131381933710684e-07,0.0
P0100,sinusoid,2,SW2,1e-06,0.8953133900480201,0.8961339865207938,0.0008205964727736603,6.733785711285727e-07,0.0
P0101,sinusoid,2,SW2,1e-06,0.7524795458742238,0.764503363531613,0.012023817657389135,0.00014457219105814276,0.0
P0102,sinusoid,2,SW2,1e-06,0.8640315821587946,0.8782525822748479,0.014221000116053317,0.00020223684430078847,0.0
P0103,sinusoid,2,SW2,1e-06,0.9322652283716057,0.9497626892323064,0.017497460860700698,0.0003061611365717528,0.0
P0104,sinusoid,2,SW2,1e-06,0.8052705954866244,0.8175214687028707,0.012250873216246294,0.00015008389456054082,0.0
P0105,sinusoid,2,SW2,1e-06,0.8008601174499441,0.8584384631108883,0.05757834566094422,0.003315265889051174,0.0
P0106,sinusoid,2,SW2,1e-06,0.8821262282826323,0.9325665474142472,0.05044031913161484,0.0025442257940991504,0.0
P0107,sinusoid,2,SW2,1e-06,0.8552766828604776,0.9347900511762953,0.07951336831581768,0.006322375740926879,0.0
P0108,sinusoid,2,SW2,1e-06,0.6629271495255021,0.7118049992277586,0.048877849702256504,0.002389044191516376,0.0
P0109,sinusoid,2,SW2,1e-06,0.787471304989172,0.9279754323328191,0.14050412734364714,0.019741409800599814,0.0
P0110,sinusoid,2,SW2,1e-06,0.8378861670100417,0.9492985900688871,0.11141242305884536,0.012412728011843135,0.0
P0111,sinusoid,2,SW2,1e-06,0.7669999021400155,0.8724546351889504,0.10545473304893493,0.01112070072242213,0.0
P0112,sinusoid,2,SW2,1e-06,0.4720635721028936,0.5694513006537083,0.09738772855081468,0.009484369672287165,0.0
P0113,sinusoid,2,SW2,1e-06,0.7061191306788352,0.9499013075636804,0.24378217688484516,0.05942974976671393,0.0
P0114,sinusoid,2,SW2,1e-06,0.6685770565034996,0.9160473958699,0.2474703393664004,0.06124156886612138,0.0
P0115,sinusoid,2,SW2,1e-06,0.5472729056147093,0.7686846617394372,0.22141175612472785,0.049023165750235964,0.0
P0116,sinusoid,2,SW2,1e-06,0.35652801666564393,0.4193713352114835,0.06284331854583958,0.003949282685853864,0.0
P0117,sinusoid,2,SW2,1e-06,0.5747995300463767,0.9217768952713512,0.34697736522497447,0.12039329197846532,0.0
P0118,sinusoid,2,SW2,1e-06,0.49812341587813846,0.836512069047858,0.33838865316971956,0.11450688059401676,0.0
P0119,sinusoid,2,SW2,1e-06,0.38626827211227865,0.6350242559949993,0.2487559838827207,0.0618795395174604,0.0
P0120,sinusoid,2,SW2,1e-06,0.32950305451402295,0.2782610877661441,0.05124196674787884,0.002625739156190721,0.0
P0121,smooth_edge,1,SW2,1e-06,0.779664894506326,0.7968410695441766,0.017176175037850516,0.0002950209889308792,0.0
P0122,smooth_edge,1,SW2,1e-06,0.9176630261231826,0.9682213690407698,0.05055834291758721,0.0025561460385723407,0.0
P0123,smooth_edge,1,SW2,1e-06,0.9917921799330188,0.9997254218438986,0.00793324191087974,6.293632721653884e-05,0.0
P0124,smooth_edge,1,SW2,1e-06,0.9999691952641627,0.9999999950965821,3.0799832419381445e-05,9.486296770619803e-10,0.0
P0125,smooth_edge,1,SW2,1e-06,0.678664882504004,0.7040516276171624,0.025386745113158415,0.0006444868274404727,0.0
P0126,smooth_edge,1,SW2,1e-06,0.7774980846138245,0.8972159750827483,0.11971789046892378,0.014332373298329232,0.0
P0127,smooth_edge,1,SW2,1e-06,0.8749376776974402,0.9945137011005495,0.11957602340310924,0.014298425372900929,0.0
P0128,smooth_edge,1,SW2,1e-06,0.9681606543447108,0.9999946227781964,0.03183396843348563,0.0010134015462241594,0.0
P0129,smooth_edge,1,SW2,1e-06,0.5675341283219537,0.5906532827008858,0.023119154378932083,0.0005344952991968945,0.0
P0130,smooth_edge,1,SW2,1e-06,0.531023810518441,0.7143624294910559,0.18333861897261483,0.03361304920678564,0.0
P0131,smooth_edge,1,SW2,1e-06,0.4116425255912246,0.9002495108803148,0.4886069852890902,0.23873678607329318,0.0
P0132,smooth_edge,1,SW2,1e-06,0.33026047057729907,0.9941376978036617,0.6638772272263627,0.4407329728297636,0.0
P0133,smooth_edge,1,SW2,1e-06,0.4604011551958616,0.4667159617488687,0.006314806553007091,3.9876781801901296e-05,0.0
P0134,smooth_edge,1,SW2,1e-06,0.3844637793781075,0.4174297935376853,0.03296601415957778,0.0010867580895694829,0.0
P0135,smooth_edge,1,SW2,1e-06,0.3259156649787285,0.31002551887238744,0.01589014610634104,0.00025249674328086535,0.0
P0136,smooth_edge,1,SW2,1e-06,0.320996209672902,0.1339278883240735,0.18706832134882848,0.03499455685226856,0.0
P0137,smooth_edge,1,SW2,1e-06,0.3619813101161149,0.34675509928171655,0.015226210834398346,0.0002318374963735496,0.0
P0138,smooth_edge,1,SW2,1e-06,0.3050274092154004,0.1703239186438458,0.1347034905715546,0.018145030372160895,0.0
P0139,smooth_edge,1,SW2,1e-06,0.31744899411061167,0.02188127093613046,0.2955677231744812,0.08736027898254675,0.0
P0140,smooth_edge,1,SW2,1e-06,0.32097345379433495,0.0001409919630903207,0.32083246183124464,0.10293346856469705,0.0
P0141,smooth_edge,1,SW2,1e-06,0.27061455136934115,0.2435464707695958,0.02706808059974536,0.000732680987354311,0.0
P0142,smooth_edge,1,SW2,1e-06,0.21439515760888714,0.05554926015761178,0.15884589745127536,0.02523201913710109,0.0
P0143,smooth_edge,1,SW2,1e-06,0.25748818083505376,0.0011125360328603216,0.25637564480219344,0.06572847124774045,0.0
P0144,smooth_edge,1,SW2,1e-06,0.3061400514971885,1.2858614151064257e-07,0.30613992291104697,0.09372165239998179,0.0
P0145,smooth_edge,1,SW2,1e-06,0.18647535243496471,0.16337423951337943,0.023101112921585287,0.0005336614182158347,0.0
P0146,smooth_edge,1,SW2,1e-06,0.07267497729478514,0.016571944094738476,0.05610303320004667,0.003147550334245539,0.0
P0147,smooth_edge,1,SW2,1e-06,0.03125397176500645,5.5448524722794907e-05,0.031198523240283656,0.0009733478523745194,0.0
P0148,smooth_edge,1,SW2,1e-06,0.0032831012117217786,1.1725539852746633e-10,0.00328310109446638,1.0778752796486342e-05,0.0
P0149,smooth_edge,2,SW2,1e-06,0.86964001503516,0.8842526814109779,0.014612666375817929,0.00021353001861095988,0.0
P0150,smooth_edge,2,SW2,1e-06,0.9664217913375119,0.9938389829390936,0.027417191601581625,0.000751702395317838,0.0
P0151,smooth_edge,2,SW2,1e-06,0.9967168169103927,0.9999949695696981,0.003278152659305422,1.074628485771121e-05,0.0
P0152,smooth_edge,2,SW2,1e-06,0.9999876781056939,0.9999999999995663,1.2321893872457856e-05,1.5182906860411447e-10,0.0
P0153,smooth_edge,2,SW2,1e-06,0.7975760643276131,0.8224934972879262,0.024917432960313124,0.0006208784653316989,0.0
P0154,smooth_edge,2,SW2,1e-06,0.9034214073358352,0.9788208895449324,0.0753994822090972,0.005685081917399966,0.0
P0155,smooth_edge,2,SW2,1e-06,0.9509106470658031,0.9998989708060922,0.048988323740289164,0.0023998558628833787,0.0
P0156,smooth_edge,2,SW2,1e-06,0.9872660423716075,0.9999999995245059,0.012733957152898379,0.00016215366477185177,0.0
P0157,smooth_edge,2,SW2,1e-06,0.7115796649138326,0.7375616214876249,0.02598195657379232,0.0006750620674024299,0.0
P0158,smooth_edge,2,SW2,1e-06,0.7628589123464299,0.9297812081694472,0.16692229582301732,0.027863052842826905,0.0
P0159,smooth_edge,2,SW2,1e-06,0.7165615912983031,0.9979746796109501,0.281413088312647,0.07919332627366166,0.0
P0160,smooth_edge,2,SW2,1e-06,0.6828074964357822,0.9999994785576881,0.3171919821219059,0.10061075352242348,0.0
P0161,smooth_edge,2,SW2,1e-06,0.6189872955133341,0.6302602229177513,0.01127292740441721,0.00012707889226526054,0.0
P0162,smooth_edge,2,SW2,1e-06,0.6806461769550389,0.791391472673955,0.11074529571891611,0.012264520523870179,0.0
P0163,smooth_edge,2,SW2,1e-06,0.6806394178269752,0.9608342772032357,0.28019485937626043,0.07850915922088236,0.0
P0164,smooth_edge,2,SW2,1e-06,0.6790158178503292,0.9994284955764196,0.3204126777260904,0.10266428404760346,0.0
P0165,smooth_edge,2,SW2,1e-06,0.51884983627671,0.5083325618141193,0.010517274462590653,0.00011061306212146152,0.0
P0166,smooth_edge,2,SW2,1e-06,0.5940730320704416,0.5208212853727429,0.07325174669769874,0.005365818394263818,0.0
P0167,smooth_edge,2,SW2,1e-06,0.6698446456606107,0.5498339973124777,0.12001064834813302,0.014402555716939243,0.0
P0168,smooth_edge,2,SW2,1e-06,0.6789776039624185,0.6145944982675491,0.06438310569486938,0.004145184298916722,0.0
P0169,smooth_edge,2,SW2,1e-06,0.410237175065194,0.3854055017324505,0.024831673332743553,0.0006166120005040873,0.0
P0170,smooth_edge,2,SW2,1e-06,0.4258983866281069,0.23745802834390245,0.18844035828420447,0.03550976863027935,0.0
P0171,smooth_edge,2,SW2,1e-06,0.5283412814714238,0.05732417589886871,0.47101710557255505,0.22185711374194747,0.0
P0172,smooth_edge,2,SW2,1e-06,0.6428445438640666,0.0014520391100099098,0.6413925047540567,0.4113843451546827,0.0
P0173,smooth_edge,2,SW2,1e-06,0.29972988124327393,0.2755454045751979,0.02418447666807605,0.0005848889117087148,0.0
P0174,smooth_edge,2,SW2,1e-06,0.1781554464470031,0.0819105771553252,0.0962448692916779,0.009263074864972163,0.0
P0175,smooth_edge,2,SW2,1e-06,0.0783867867088021,0.003018416324708427,0.07536837038409368,0.005680391254353929,0.0
P0176,smooth_edge,2,SW2,1e-06,0.008207768912740925,1.326011943142785e-06,0.008206442900797783,6.734570508405433e-05,0.0
P0177,hard_step,1,SW2,1e-06,1.0,1.0,0.0,0.0,0.0
P0178,hard_step,1,SW2,1e-06,1.0,1.0,0.0,0.0,0.0
P0179,hard_step,1,SW2,1e-06,0.32098765432098764,1.0,0.6790123456790124,0.46105776558451456,0.0
P0180,hard_step,1,SW2,1e-06,0.32098765432098764,1.0,0.6790123456790124,0.46105776558451456,0.0
P0181,hard_step,1,SW2,1e-06,0.32098765432098764,0.0,0.32098765432098764,0.10303307422648986,0.0
P0182,hard_step,1,SW2,1e-06,0.32098765432098764,0.0,0.32098765432098764,0.10303307422648986,0.0
P0183,hard_step,1,SW2,1e-06,0.32098765432098764,0.0,0.32098765432098764,0.10303307422648986,0.0
P0184,hard_step,1,SW2,1e-06,0.32098765432098764,0.0,0.32098765432098764,0.10303307422648986,0.0
P0185,hard_step,1,SW2,1e-06,0.0,0.0,0.0,0.0,0.0
P0186,hard_step,2,SW2,1e-06,1.0,1.0,0.0,0.0,0.0
P0187,hard_step,2,SW2,1e-06,1.0,1.0,0.0,0.0,0.0
P0188,hard_step,2,SW2,1e-06,0.6790123456790124,1.0,0.32098765432098764,0.10303307422648986,0.0
P0189,hard_step,2,SW2,1e-06,0.6790123456790124,1.0,0.32098765432098764,0.10303307422648986,0.0
P0190,hard_step,2,SW2,1e-06,0.6790123456790124,1.0,0.32098765432098764,0.10303307422648986,0.0
P0191,hard_step,2,SW2,1e-06,0.6790123456790124,1.0,0.32098765432098764,0.10303307422648986,0.0
P0192,hard_step,2,SW2,1e-06,0.6790123456790124,0.0,0.6790123456790124,0.46105776558451456,0.0
P0193,hard_step,2,SW2,1e-06,0.6790123456790124,0.0,0.6790123456790124,0.46105776558451456,0.0
P0194,hard_step,2,SW2,1e-06,0.0,0.0,0.0,0.0,0.0
P0195,kink,1,SW2,1e-06,0.4303835687991261,0.4533333333333333,0.022949764534207218,0.0005266916921755554,0.0
P0196,kink,1,SW2,1e-06,-0.1323428355370078,-0.13333333333333333,0.0009904977963255401,9.810858845257513e-07,0.0
P0197,kink,1,SW2,1e-06,0.2841409385311029,0.29333333333333333,0.009192394802230441,8.450012220007323e-05,0.0
P0198,kink,1,SW2,1e-06,0.19980120945147922,0.15583333333333332,0.0439678761181459,0.0019331741303406245,0.0
P0199,kink,1,SW2,1e-06,-0.12060700996060382,-0.04583333333333333,0.0747736766272705,0.005591102716359618,0.0
P0200,kink,1,SW2,1e-06,0.18061743668864344,0.10083333333333333,0.07978410335531011,0.006365503148210806,0.0
P0201,kink,1,SW2,1e-06,0.07938663896712664,-0.014000000000000004,0.09338663896712664,0.008721064337576455,0.0
P0202,kink,1,SW2,1e-06,-0.19205604486861255,-0.07583333333333335,0.1162227115352792,0.013507718676612721,0.0
P0203,kink,1,SW2,1e-06,0.2025,0.05250000000000001,0.15,0.0225,0.0
P0204,kink,1,SW2,1e-06,-0.012279731858705206,-0.05,0.0377202681412948,0.0014228186286511792,0.0
P0205,kink,1,SW2,1e-06,-0.31638813211542793,-0.27083333333333337,0.04555479878209456,0.0020752396920771243,0.0
P0206,kink,1,SW2,1e-06,0.24185915422810644,0.1875,0.05435915422810644,0.0029549176483950625,0.0
P0207,kink,1,SW2,1e-06,-0.09205209027755196,-0.09200000000000001,5.20902775519444e-05,2.7133970154386024e-09,0.0
P0208,kink,1,SW2,1e-06,-0.4893274268044588,-0.49833333333333346,0.009005906528874674,8.110635240682748e-05,0.0
P0209,kink,1,SW2,1e-06,0.34226441633841986,0.3450000000000001,0.002735583661580221,7.483417969504648e-06,0.0
P0210,kink,2,SW2,1e-06,0.7198358498346143,0.7366666666666667,0.016830816832052342,0.00028327639523409643,0.0
P0211,kink,2,SW2,1e-06,-0.21602990989923107,-0.21666666666666667,0.0006367567674356034,4.054591808750391e-07,0.0
P0212,kink,2,SW2,1e-06,0.47055604026731446,0.47666666666666674,0.006110626399352281,3.733975499246103e-05,0.0
P0213,kink,2,SW2,1e-06,0.45141364612011536,0.4391666666666666,0.01224697945344877,0.00014998850573319633,0.0
P0214,kink,2,SW2,1e-06,-0.15902165091721598,-0.12916666666666665,0.029854984250549332,0.0008913200846005487,0.0
P0215,kink,2,SW2,1e-06,0.3151905535406305,0.2841666666666667,0.031023886873963846,0.0009624815567685062,0.0
P0216,kink,2,SW2,1e-06,0.2541043637074922,0.18416666666666662,0.06993769704082556,0.0048912814673743,0.0
P0217,kink,2,SW2,1e-06,-0.1413687322557279,-0.054166666666666655,0.08720206558906125,0.007604200242998941,0.0
P0218,kink,2,SW2,1e-06,0.2161714099193774,0.11916666666666664,0.09700474325271075,0.00940992021352433,0.0
P0219,kink,2,SW2,1e-06,0.08712637583473336,-0.010000000000000004,0.09712637583473337,0.009433532882789877,0.0
P0220,kink,2,SW2,1e-06,-0.17255183753686,-0.05416666666666669,0.11838517087019329,0.014015048681964862,0.0
P0221,kink,2,SW2,1e-06,0.1745418856061893,0.03750000000000002,0.1370418856061893,0.018780478410499873,0.0
P0222,kink,2,SW2,1e-06,-0.05208135840299335,-0.05200000000000001,8.135840299333674e-05,6.619189737626185e-09,0.0
P0223,kink,2,SW2,1e-06,-0.2683447853285492,-0.28166666666666673,0.013321881338117514,0.0001774725223868837,0.0
P0224,kink,2,SW2,1e-06,0.19079042601400886,0.19500000000000006,0.0042095739859912,1.7720513143533836e-05,0.0
P0225,thin_feature,1,SW2,1e-06,0.3693467159332431,8.364834722972767e-05,0.36926306758601335,0.13635521308303267,0.0
P0226,thin_feature,1,SW2,1e-06,0.5218682516823463,0.0551441169483479,0.4667241347339984,0.21783141794319946,0.0
P0227,thin_feature,1,SW2,1e-06,0.5770598371728224,0.3523219549954969,0.2247378821773255,0.050507115685549435,0.0
P0228,thin_feature,1,SW2,1e-06,0.08241257605590321,0.4111122905071876,0.32869971445128443,0.10804350228035592,0.0
P0229,thin_feature,1,SW2,1e-06,0.3284893578573186,0.7600672046071238,0.43157784674980526,0.1862594378051984,0.0
P0230,thin_feature,1,SW2,1e-06,0.49745181681441386,0.9059551911095096,0.40850337429509576,0.1668750068104791,0.0
P0231,thin_feature,1,SW2,1e-06,3.726653172078671e-06,0.24935220877729616,0.24934848212412408,0.062174665537604624,0.0
P0232,thin_feature,1,SW2,1e-06,0.02110965645367106,0.651375231630207,0.630265575176536,0.3972346952526098,0.0
P0233,thin_feature,1,SW2,1e-06,0.24935220877729616,0.8569968914352788,0.6076446826579827,0.36923206036252043,0.0
P0234,thin_feature,1,SW2,1e-06,0.034982366957864816,1.8664469113520537e-05,0.034963702488751296,0.0012224604917219135,0.0
P0235,thin_feature,1,SW2,1e-06,0.13946677558798848,0.0347085864128538,0.10475818917513469,0.010974278199253305,0.0
P0236,thin_feature,1,SW2,1e-06,0.2281121815104126,0.29823409618142144,0.07012191467100884,0.004917082917128245,0.0
P0237,thin_feature,1,SW2,1e-06,0.1567794967364714,1.7241209390354996e-13,0.15677949673629898,0.024579810596887183,0.0
P0238,thin_feature,1,SW2,1e-06,0.22152156811552662,0.00011499237699560167,0.221406575738531,0.04902087178026187,0.0
P0239,thin_feature,1,SW2,1e-06,0.24584998594202123,0.03818043380053571,0.20766955214148552,0.043126642886645174,0.0
P0240,thin_feature,2,SW2,1e-06,0.15677949673647157,1.724120939035518e-13,0.15677949673629915,0.024579810596887235,0.0
P0241,thin_feature,2,SW2,1e-06,0.2215215681155267,0.00011499237699560208,0.2214065757385311,0.049020871780261904,0.0
P0242,thin_feature,2,SW2,1e-06,0.24584998594202118,0.03818043380053579,0.2076695521414854,0.04312664288664512,0.0
P0243,thin_feature,2,SW2,1e-06,0.03498236695786478,1.8664469113520635e-05,0.03496370248875126,0.001222460491721911,0.0
P0244,thin_feature,2,SW2,1e-06,0.1394667755879884,0.03470858641285385,0.10475818917513455,0.010974278199253278,0.0
P0245,thin_feature,2,SW2,1e-06,0.22811218151041257,0.29823409618142166,0.07012191467100909,0.00491708291712828,0.0
P0246,thin_feature,2,SW2,1e-06,3.726653172078671e-06,0.24935220877729639,0.2493484821241243,0.062174665537604736,0.0
P0247,thin_feature,2,SW2,1e-06,0.02110965645367106,0.6513752316302073,0.6302655751765363,0.39723469525261007,0.0
P0248,thin_feature,2,SW2,1e-06,0.24935220877729616,0.8569968914352789,0.6076446826579828,0.3692320603625206,0.0
P0249,thin_feature,2,SW2,1e-06,0.0824125760559033,0.411112290507187,0.3286997144512837,0.10804350228035545,0.0
P0250,thin_feature,2,SW2,1e-06,0.32848935785731875,0.7600672046071234,0.43157784674980465,0.18625943780519788,0.0
P0251,thin_feature,2,SW2,1e-06,0.497451816814414,0.9059551911095095,0.4085033742950955,0.16687500681047887,0.0
P0252,thin_feature,2,SW2,1e-06,0.36934671593324275,8.364834722972738e-05,0.369263067586013,0.13635521308303242,0.0
P0253,thin_feature,2,SW2,1e-06,0.5218682516823461,0.055144116948347775,0.4667241347339983,0.2178314179431994,0.0
P0254,thin_feature,2,SW2,1e-06,0.5770598371728224,0.35232195499549673,0.22473788217732565,0.05050711568554951,0.0
P0255,mixed_frequency,1,SW2,1e-06,0.5021128368357834,0.49935542472536626,0.00275741211041719,7.6033215466753814e-06,0.0
P0256,mixed_frequency,1,SW2,1e-06,0.4343088175168127,0.45555610868671437,0.02124729116990165,0.00045144738205858063,0.0
P0257,mixed_frequency,1,SW2,1e-06,0.2841075071009544,0.155213372665013,0.1288941344359414,0.01661369789199053,0.0
P0258,mixed_frequency,1,SW2,1e-06,0.6810718983831519,0.7427118258953607,0.061639927512208814,0.003799480663710357,0.0
P0259,mixed_frequency,1,SW2,1e-06,0.707202309792403,0.5406964779017696,0.1665058318906334,0.02772419205359187,0.0
P0260,mixed_frequency,1,SW2,1e-06,0.47541722083801174,0.4170475535071272,0.058369667330884556,0.003407018064318132,0.0
P0261,mixed_frequency,1,SW2,1e-06,0.5190455440621405,0.47535988945488694,0.0436856546072536,0.0019084364184642575,0.0
P0262,mixed_frequency,1,SW2,1e-06,0.5797589911599164,0.6686000035176052,0.08884101235768882,0.007892725476739018,0.0
P0263,mixed_frequency,1,SW2,1e-06,0.37810657671210834,0.28032091330418796,0.09778566340792039,0.0095620359681271,0.0
P0264,mixed_frequency,1,SW2,1e-06,0.4858847209926342,0.4747727588702795,0.011111962122354713,0.00012347570220864584,0.0
P0265,mixed_frequency,1,SW2,1e-06,0.5274110148626996,0.4673856494865241,0.06002536537617548,0.0036030444885433656,0.0
P0266,mixed_frequency,1,SW2,1e-06,0.5024894361987471,0.4334862851454516,0.06900315105329546,0.004761434855283911,0.0
P0267,mixed_frequency,1,SW2,1e-06,0.6953974784488361,0.6773719504742064,0.01802552797462975,0.00032491965876415977,0.0
P0268,mixed_frequency,1,SW2,1e-06,0.5623179440345002,0.4548365472979632,0.107481396736537,0.011552250644436867,0.0
P0269,mixed_frequency,1,SW2,1e-06,0.6823414479190877,0.6986226099788257,0.016281162059738064,0.0002650762380154542,0.0
P0270,mixed_frequency,1,SW2,1e-06,0.29627773589646766,0.23943781507349454,0.05683992082297312,0.0032307765991618537,0.0
P0271,mixed_frequency,1,SW2,1e-06,0.47719143953691545,0.4664184217464979,0.01077301779041756,0.00011605791231265326,0.0
P0272,mixed_frequency,1,SW2,1e-06,0.4569592197255804,0.4844869960552387,0.027527776329658304,0.000757778469655696,0.0
P0273,mixed_frequency,1,SW2,1e-06,0.6803186730676876,0.7668339405122937,0.08651526744460614,0.0074848915010117265,0.0
P0274,mixed_frequency,1,SW2,1e-06,0.5479676621013807,0.6036770727120775,0.055709410610696786,0.0031035384305912158,0.0
P0275,mixed_frequency,1,SW2,1e-06,0.5330271687964432,0.5801958680494812,0.047168699253038016,0.002224886189223549,0.0
P0276,mixed_frequency,1,SW2,1e-06,0.47767175841843973,0.43425126660147423,0.0434204918169655,0.001885339109627168,0.0
P0277,mixed_frequency,1,SW2,1e-06,0.6103884573865563,0.6813224182546447,0.07093396086808834,0.005031626804435488,0.0
P0278,mixed_frequency,1,SW2,1e-06,0.2766891986614087,0.29829739986517656,0.021608201203767885,0.00046691435926251586,0.0
P0279,mixed_frequency,1,SW2,1e-06,0.44995538898199966,0.45224178202853027,0.0022863930465306104,5.227593163223526e-06,0.0
P0280,mixed_frequency,1,SW2,1e-06,0.595645825842106,0.48763067251845843,0.10801515332364758,0.011667273347531096,0.0
P0281,mixed_frequency,1,SW2,1e-06,0.48525893753263627,0.5701012749830773,0.08484233745044101,0.007198222224054505,0.0
P0282,mixed_frequency,1,SW2,1e-06,0.5346008726750237,0.5623229858879404,0.027722113212916732,0.0007685155609897724,0.0
P0283,mixed_frequency,1,SW2,1e-06,0.5837118872733851,0.7666319644998695,0.1829200772264844,0.033459754652543014,0.0
P0284,mixed_frequency,1,SW2,1e-06,0.4839715745804051,0.5391611189168729,0.05518954433646783,0.003045885804066949,0.0
P0285,mixed_frequency,1,SW2,1e-06,0.672615107718639,0.6887178293753018,0.016102721656662822,0.00025929764475195785,0.0
P0286,mixed_frequency,1,SW2,1e-06,0.3271677261620568,0.2988924441998043,0.028275281962252485,0.0007994915700448808,0.0
P0287,mixed_frequency,1,SW2,1e-06,0.4285141017858728,0.4271356910831181,0.0013784107027546844,1.9000160654686629e-06,0.0
P0288,mixed_frequency,1,SW2,1e-06,0.3759764957539719,0.2645103235299279,0.11146617222404398,0.012424707550280233,0.0
P0289,mixed_frequency,1,SW2,1e-06,0.5258292973887576,0.43919422396993496,0.08663507341882265,0.007505635946284791,0.0
P0290,mixed_frequency,1,SW2,1e-06,0.3322289980962521,0.35253116173124965,0.02030216363499754,0.0004121778482622165,0.0
P0291,mixed_frequency,1,SW2,1e-06,0.3486370429035236,0.3719201334216269,0.02328309051810329,0.0005421023040741913,0.0
P0292,mixed_frequency,1,SW2,1e-06,0.5143983760281603,0.5405693019751132,0.026170925946952917,0.0006849173649208934,0.0
P0293,mixed_frequency,1,SW2,1e-06,0.5092243821325294,0.5848295787523584,0.07560519661982901,0.005716145755923004,0.0
P0294,mixed_frequency,1,SW2,1e-06,0.528502938360302,0.5409906345655865,0.012487696205284449,0.0001559425565154756,0.0
P0295,mixed_frequency,1,SW2,1e-06,0.5880387223675523,0.6740210161891979,0.08598229382164557,0.007392954850831791,0.0
P0296,mixed_frequency,1,SW2,1e-06,0.4803638509929453,0.43882666894757716,0.04153718204536816,0.001725337492270055,0.0
P0297,mixed_frequency,1,SW2,1e-06,0.4193539871989857,0.4085314772238543,0.0108225099751314,0.00011712672216181866,0.0
P0298,mixed_frequency,1,SW2,1e-06,0.5754671479710196,0.5515396754151357,0.0239274725558839,0.0005725239429125772,0.0
P0299,mixed_frequency,1,SW2,1e-06,0.4624245744239579,0.45758380838567025,0.004840766038287647,2.343301583743908e-05,0.0
P0300,mixed_frequency,1,SW2,1e-06,0.5966581434516098,0.6005499470896327,0.0038918036380228838,1.5146135556928154e-05,0.0
P0301,mixed_frequency,1,SW2,1e-06,0.279204465537088,0.2456362579031397,0.0335682076339483,0.001126824563755865,0.0
P0302,mixed_frequency,1,SW2,1e-06,0.3618658359376303,0.3270528513166872,0.034812984620943066,0.0012119438982180185,0.0
P0303,mixed_frequency,1,SW2,1e-06,0.4736157625401189,0.4633290863928645,0.01028667614725437,0.00010581570615849201,0.0
P0304,mixed_frequency,1,SW2,1e-06,0.4853370237225506,0.4944074046768252,0.009070380954274593,8.227181065566727e-05,0.0
P0305,mixed_frequency,1,SW2,1e-06,0.5528785007506288,0.535141282,0.017737218750628836,0.0003146089290076592,0.0
P0306,mixed_frequency,1,SW2,1e-06,0.540543770102703,0.4813603793968585,0.05918339070584455,0.003502673735440647,0.0
P0307,mixed_frequency,1,SW2,1e-06,0.44660918309527886,0.44916240885229025,0.0025532257570113903,6.518961766266387e-06,0.0
P0308,mixed_frequency,1,SW2,1e-06,0.42420725093664113,0.3619738362318022,0.06223341470483895,0.003872997905824465,0.0
P0309,mixed_frequency,1,SW2,1e-06,0.5251885837512936,0.5383224304502269,0.01313384669893325,0.00017249792911107982,0.0
P0310,mixed_frequency,1,SW2,1e-06,0.316513238015766,0.3926499743554235,0.07613673633965751,0.005796802620454524,0.0
P0311,mixed_frequency,1,SW2,1e-06,0.4259482928602334,0.42040974436429945,0.005538548495933937,3.0675519441812074e-05,0.0
P0312,mixed_frequency,1,SW2,1e-06,0.5838096684471875,0.6101470394713223,0.026337371024134804,0.0006936571124629355,0.0
P0313,mixed_frequency,1,SW2,1e-06,0.5435219736872013,0.5479313452317733,0.004409371544571994,1.944255741808121e-05,0.0
P0314,mixed_frequency,1,SW2,1e-06,0.8361228669537025,0.8500388285880128,0.013915961634310303,0.00019365398820759628,0.0
P0315,mixed_frequency,1,SW2,1e-06,0.42682546879473404,0.41205449093146773,0.01477097786326631,0.00021818178703710337,0.0
P0316,mixed_frequency,1,SW2,1e-06,0.5852749829718756,0.6085826163686509,0.023307633396775218,0.0005432457745584715,0.0
P0317,mixed_frequency,1,SW2,1e-06,0.4370840836664217,0.429892434580156,0.0071916490862656834,5.171981657998604e-05,0.0
P0318,mixed_frequency,1,SW2,1e-06,0.43933970296300345,0.39204653808406975,0.0472931648789337,0.002236643444266008,0.0
P0319,mixed_frequency,2,SW2,1e-06,0.6881094506836127,0.8140327948345307,0.125923344150918,0.01585668860215053,0.0
P0320,mixed_frequency,2,SW2,1e-06,0.5538340625363367,0.5548865092370293,0.0010524467006925997,1.1076440577987386e-06,0.0
P0321,mixed_frequency,2,SW2,1e-06,0.31521155840134685,0.3967439560775554,0.08153239767620857,0.00664753187083142,0.0
P0322,mixed_frequency,2,SW2,1e-06,0.6294888860289023,0.6303496925970249,0.0008608065681225963,7.40987947723002e-07,0.0
P0323,mixed_frequency,2,SW2,1e-06,0.263288562587578,0.276272829973252,0.012984267385673987,0.0001685911995426772,0.0
P0324,mixed_frequency,2,SW2,1e-06,0.48019320380782793,0.3680034887100495,0.11218971509777842,0.012586532173720692,0.0
P0325,mixed_frequency,2,SW2,1e-06,0.7044478875286335,0.6634508837330682,0.04099700379556537,0.001680754320213601,0.0
P0326,mixed_frequency,2,SW2,1e-06,0.6146067767582001,0.6508270799207778,0.03622030316257774,0.0013119103611890389,0.0
P0327,mixed_frequency,2,SW2,1e-06,0.5116676468720349,0.5333568294057774,0.021689182533742524,0.00047042063898200174,0.0
P0328,mixed_frequency,2,SW2,1e-06,0.6017833833258769,0.6678860836431736,0.0661027003172967,0.004369566989238338,0.0
P0329,mixed_frequency,2,SW2,1e-06,0.48452884594494416,0.48087471401390125,0.0036541319310429143,1.3352680169467419e-05,0.0
P0330,mixed_frequency,2,SW2,1e-06,0.38982305039129256,0.3476791051625945,0.042143945228698076,0.0017761121194395033,0.0
P0331,mixed_frequency,2,SW2,1e-06,0.32135788988096897,0.20720898854505576,0.11414890133591321,0.013029971676196048,0.0
P0332,mixed_frequency,2,SW2,1e-06,0.5803635598755618,0.6153000035934494,0.03493644371788762,0.0012205550996531294,0.0
P0333,mixed_frequency,2,SW2,1e-06,0.1420776651563355,0.0649946518336959,0.07708301332263959,0.005941790942898232,0.0
P0334,mixed_frequency,2,SW2,1e-06,0.46347090146646597,0.5226072573180978,0.059136355851631794,0.003497108583410826,0.0
P0335,mixed_frequency,2,SW2,1e-06,0.4995589424116795,0.3957690317599277,0.10378991065175175,0.010772345553098611,0.0
P0336,mixed_frequency,2,SW2,1e-06,0.5935203125037147,0.7552761193165396,0.16175580681282486,0.026164941037667918,0.0
P0337,mixed_frequency,2,SW2,1e-06,0.3898596336948067,0.48475446913807674,0.09489483544327004,0.0090050297938053,0.0
P0338,mixed_frequency,2,SW2,1e-06,0.6537503661056863,0.6651371781040039,0.011386811998317592,0.00012965948748502946,0.0
P0339,mixed_frequency,2,SW2,1e-06,0.6666105551128391,0.7408408381328755,0.07423028302003642,0.005510134917234708,0.0
P0340,mixed_frequency,2,SW2,1e-06,0.4984363350763137,0.5689577717014875,0.07052143662517385,0.004973273023678412,0.0
P0341,mixed_frequency,2,SW2,1e-06,0.4140316291716851,0.2574974214481519,0.15653420772353321,0.024502958187634247,0.0
P0342,mixed_frequency,2,SW2,1e-06,0.523344890148451,0.5173737037104447,0.005971186438006315,3.565506747743055e-05,0.0
P0343,mixed_frequency,2,SW2,1e-06,0.38847028514306126,0.48324739685668694,0.09477711171362568,0.008982700904777083,0.0
P0344,mixed_frequency,2,SW2,1e-06,0.3540647047744805,0.270052112801759,0.08401259197272148,0.0070581156099749865,0.0
P0345,mixed_frequency,2,SW2,1e-06,0.5042050744762345,0.49531618841216574,0.00888888606406879,7.901229545999635e-05,0.0
P0346,mixed_frequency,2,SW2,1e-06,0.2561469610581029,0.16971157929838276,0.08643538175972015,0.0074710752199485635,0.0
P0347,mixed_frequency,2,SW2,1e-06,0.6428892731553875,0.6635927865275683,0.020703513372180793,0.0004286354659520689,0.0
P0348,mixed_frequency,2,SW2,1e-06,0.434359263222002,0.3179991471566734,0.11636011606532864,0.013539676610736753,0.0
P0349,mixed_frequency,2,SW2,1e-06,0.5960196861224374,0.6303959865910851,0.0343763004686477,0.0011817300339107483,0.0
P0350,mixed_frequency,2,SW2,1e-06,0.44039291578471945,0.35492709939749145,0.085465816387228,0.00730440577073537,0.0
P0351,mixed_frequency,2,SW2,1e-06,0.4242305443925472,0.3906606716516097,0.03356987274093748,0.0011269363558427373,0.0
P0352,mixed_frequency,2,SW2,1e-06,0.43001916714621663,0.4275323977379478,0.0024867694082688074,6.184022089901595e-06,0.0
P0353,mixed_frequency,2,SW2,1e-06,0.5070276690560074,0.6041255480496204,0.097097878993613,0.009427998105058313,0.0
P0354,mixed_frequency,2,SW2,1e-06,0.460898948400614,0.4412332367188725,0.019665711681741527,0.00038674021594938516,0.0
P0355,mixed_frequency,2,SW2,1e-06,0.5168289373410695,0.609299498114648,0.09247056077357851,0.008550804609780078,0.0
P0356,mixed_frequency,2,SW2,1e-06,0.7143625226341938,0.7689757838647319,0.05461326123053811,0.0029826083022349973,0.0
P0357,mixed_frequency,2,SW2,1e-06,0.4737723752972326,0.5332989647948638,0.05952658949763123,0.003543414857219501,0.0
P0358,mixed_frequency,2,SW2,1e-06,0.4487222149648884,0.41575437560416867,0.03296783936071973,0.001086878432114221,0.0
P0359,mixed_frequency,2,SW2,1e-06,0.13356352650516198,0.04017781537158405,0.09338571113357794,0.008720891043924062,0.0
P0360,mixed_frequency,2,SW2,1e-06,0.5647105695081629,0.5542356586168614,0.010474910891301481,0.00010972375818070639,0.0
P0361,mixed_frequency,2,SW2,1e-06,0.433255924443584,0.6474451945759677,0.2141892701323837,0.04587704343984324,0.0
P0362,mixed_frequency,2,SW2,1e-06,0.5649814313310002,0.5504878096411179,0.01449362168988233,0.00021006506968942752,0.0
P0363,mixed_frequency,2,SW2,1e-06,0.32743308531742416,0.2947314072873603,0.03270167803006385,0.0010693997459819608,0.0
P0364,mixed_frequency,2,SW2,1e-06,0.7000157465037827,0.718965854204543,0.01895010770076022,0.00035910658187041187,0.0
P0365,mixed_frequency,2,SW2,1e-06,0.2504168922057548,0.2420960937654339,0.008320798440320909,6.923568668444688e-05,0.0
P0366,mixed_frequency,2,SW2,1e-06,0.37074017613580706,0.3304965060026291,0.04024367013317798,0.0016195529857880413,0.0
P0367,mixed_frequency,2,SW2,1e-06,0.5436866526500457,0.3705258094086487,0.17316084324139697,0.029984677632071653,0.0
P0368,mixed_frequency,2,SW2,1e-06,0.6297267245963634,0.6512758947908197,0.021549170194456346,0.0004643667360696458,0.0
P0369,mixed_frequency,2,SW2,1e-06,0.6653732175686381,0.6719703535433057,0.006597135974667601,4.352220306825343e-05,0.0
P0370,mixed_frequency,2,SW2,1e-06,0.4477069874193791,0.46107812920209956,0.013371141782720475,0.0001787874325736133,0.0
P0371,mixed_frequency,2,SW2,1e-06,0.6794791311690335,0.791170460656414,0.11169132948738059,0.012474953082658611,0.0
P0372,mixed_frequency,2,SW2,1e-06,0.5602564171254125,0.533951223416073,0.02630519370933948,0.0006919632160858733,0.0
P0373,mixed_frequency,2,SW2,1e-06,0.35311191949413456,0.31761767180206096,0.0354942476920736,0.001259841619226272,0.0
P0374,mixed_frequency,2,SW2,1e-06,0.6012101372419032,0.6098001802240762,0.00859004298217303,7.378883843558011e-05,0.0
P0375,mixed_frequency,2,SW2,1e-06,0.6951589615885838,0.7417467047610486,0.046587743172464835,0.002170417813903544,0.0
P0376,mixed_frequency,2,SW2,1e-06,0.43737734933308114,0.3436031187899571,0.09377423054312406,0.00879360631395498,0.0
P0377,mixed_frequency,2,SW2,1e-06,0.49699272534711936,0.5015638929582081,0.004571167611088778,2.0895573328667083e-05,0.0
P0378,mixed_frequency,2,SW2,1e-06,0.7254535410446543,0.7714303015145285,0.0459767604698742,0.0021138625033041867,0.0
P0379,mixed_frequency,2,SW2,1e-06,0.32864914245156934,0.33214085095807067,0.003491708506501323,1.21920282943737e-05,0.0
P0380,mixed_frequency,2,SW2,1e-06,0.5694114475336969,0.5278122067042186,0.0415992408294783,0.0017304968375889346,0.0
P0381,mixed_frequency,2,SW2,1e-06,0.527147698653647,0.3212502519429321,0.20589744671071486,0.042393758561991665,0.0
P0382,mixed_frequency,2,SW2,1e-06,0.3914963265618962,0.2252611572341287,0.1662351693277675,0.027634131521431533,0.0
P0001,smooth_polynomial,1,SW2,1e-05,-0.2722222222222222,-0.2722222222222222,0.0,0.0,0.0
P0002,smooth_polynomial,1,SW2,1e-05,0.027777777777777846,0.02777777777777779,5.551115123125783e-17,3.0814879110195774e-33,0.0
P0003,smooth_polynomial,1,SW2,1e-05,0.47777777777777786,0.4777777777777778,5.551115123125783e-17,3.0814879110195774e-33,0.0
P0004,smooth_polynomial,1,SW2,1e-05,-0.08888888888888889,-0.08888888888888888,1.3877787807814457e-17,1.925929944387236e-34,0.0
P0005,smooth_polynomial,1,SW2,1e-05,0.21111111111111108,0.2111111111111111,2.7755575615628914e-17,7.703719777548943e-34,0.0
P0006,smooth_polynomial,1,SW2,1e-05,0.6611111111111111,0.6611111111111111,0.0,0.0,0.0
P0007,smooth_polynomial,1,SW2,1e-05,0.050000000000000044,0.09444444444444444,0.0444444444444444,0.0019753086419753044,0.0
P0008,smooth_polynomial,1,SW2,1e-05,0.35000000000000003,0.39444444444444443,0.0444444444444444,0.0019753086419753044,0.0
P0009,smooth_polynomial,1,SW2,1e-05,0.8,0.8444444444444444,0.0444444444444444,0.0019753086419753044,0.0
P0010,smooth_polynomial,1,SW2,1e-05,0.26111111111111107,0.2611111111111111,5.551115123125783e-17,3.0814879110195774e-33,0.0
P0011,smooth_polynomial,1,SW2,1e-05,0.561111111111111,0.5611111111111111,1.1102230246251565e-16,1.232595164407831e-32,0.0
P0012,smooth_polynomial,1,SW2,1e-05,1.011111111111111,1.011111111111111,0.0,0.0,0.0
P0013,smooth_polynomial,1,SW2,1e-05,-0.23333333333333328,-0.2333333333333333,2.7755575615628914e-17,7.703719777548943e-34,0.0
P0014,smooth_polynomial,1,SW2,1e-05,0.06666666666666667,0.06666666666666668,1.3877787807814457e-17,1.925929944387236e-34,0.0
P0015,smooth_polynomial,1,SW2,1e-05,0.5166666666666667,0.5166666666666667,0.0,0.0,0.0
P0016,smooth_polynomial,1,SW2,1e-05,-0.04999999999999999,-0.049999999999999996,6.938893903907228e-18,4.81482486096809e-35,0.0
P0017,smooth_polynomial,1,SW2,1e-05,0.25,0.25,0.0,0.0,0.0
P0018,smooth_polynomial,1,SW2,1e-05,0.7,0.7,0.0,0.0,0.0
P0019,smooth_polynomial,1,SW2,1e-05,0.13333333333333336,0.13333333333333333,2.7755575615628914e-17,7.703719777548943e-34,0.0
P0020,smooth_polynomial,1,SW2,1e-05,0.4333333333333333,0.43333333333333335,5.551115123125783e-17,3.0814879110195774e-33,0.0
P0021,smooth_polynomial,1,SW2,1e-05,0.8833333333333333,0.8833333333333333,0.0,0.0,0.0
P0022,smooth_polynomial,1,SW2,1e-05,0.3,0.3,0.0,0.0,0.0
P0023,smooth_polynomial,1,SW2,1e-05,0.6,0.6,0.0,0.0,0.0
P0024,smooth_polynomial,1,SW2,1e-05,1.0499999999999998,1.05,2.220446049250313e-16,4.930380657631324e-32,0.0
P0025,smooth_polynomial,1,SW2,1e-05,-0.20555555555555555,-0.20555555555555555,0.0,0.0,0.0
P0026,smooth_polynomial,1,SW2,1e-05,0.09444444444444444,0.09444444444444444,0.0,0.0,0.0
P0027,smooth_polynomial,1,SW2,1e-05,0.5444444444444445,0.5444444444444445,0.0,0.0,0.0
P0028,smooth_polynomial,1,SW2,1e-05,0.0,-0.02222222222222222,0.02222222222222222,0.0004938271604938271,0.0
P0029,smooth_polynomial,1,SW2,1e-05,0.3,0.2777777777777778,0.0222222222222222,0.0004938271604938261,0.0
P0030,smooth_polynomial,1,SW2,1e-05,0.75,0.7277777777777777,0.022222222222222254,0.0004938271604938286,0.0
P0031,smooth_polynomial,1,SW2,1e-05,0.1611111111111111,0.1611111111111111,0.0,0.0,0.0
P0032,smooth_polynomial,1,SW2,1e-05,0.46111111111111114,0.4611111111111111,5.551115123125783e-17,3.0814879110195774e-33,0.0
P0033,smooth_polynomial,1,SW2,1e-05,0.911111111111111,0.9111111111111111,1.1102230246251565e-16,1.232595164407831e-32,0.0
P0034,smooth_polynomial,1,SW2,1e-05,0.3277777777777777,0.3277777777777778,5.551115123125783e-17,3.0814879110195774e-33,0.0
P0035,smooth_polynomial,1,SW2,1e-05,0.6277777777777778,0.6277777777777778,0.0,0.0,0.0
P0036,smooth_polynomial,1,SW2,1e-05,1.0777777777777777,1.0777777777777777,0.0,0.0,0.0
P0037,smooth_polynomial,2,SW2,1e-05,-0.622222222222222,-0.6222222222222221,1.1102230246251565e-16,1.232595164407831e-32,0.0
P0038,smooth_polynomial,2,SW2,1e-05,-0.322222222222222,-0.32222222222222213,1.1102230246251565e-16,1.232595164407831e-32,0.0
P0039,smooth_polynomial,2,SW2,1e-05,0.12777777777777788,0.12777777777777788,0.0,0.0,0.0
P0040,smooth_polynomial,2,SW2,1e-05,-0.25555555555555554,-0.25555555555555554,0.0,0.0,0.0
P0041,smooth_polynomial,2,SW2,1e-05,0.04444444444444443,0.04444444444444445,2.0816681711721685e-17,4.333342374871281e-34,0.0
P0042,smooth_polynomial,2,SW2,1e-05,0.49444444444444446,0.49444444444444446,0.0,0.0,0.0
P0043,smooth_polynomial,2,SW2,1e-05,0.050000000000000044,0.11111111111111113,0.06111111111111109,0.003734567901234565,0.0
P0044,smooth_polynomial,2,SW2,1e-05,0.35000000000000003,0.4111111111111111,0.06111111111111106,0.0037345679012345616,0.0
P0045,smooth_polynomial,2,SW2,1e-05,0.8,0.8611111111111112,0.061111111111111116,0.0037345679012345686,0.0
P0046,smooth_polynomial,2,SW2,1e-05,0.4444444444444444,0.4444444444444444,0.0,0.0,0.0
P0047,smooth_polynomial,2,SW2,1e-05,0.7444444444444445,0.7444444444444445,0.0,0.0,0.0
P0048,smooth_polynomial,2,SW2,1e-05,1.1944444444444444,1.1944444444444444,0.0,0.0,0.0
P0049,smooth_polynomial,2,SW2,1e-05,-0.46666666666666656,-0.4666666666666666,5.551115123125783e-17,3.0814879110195774e-33,0.0
P0050,smooth_polynomial,2,SW2,1e-05,-0.16666666666666663,-0.16666666666666663,0.0,0.0,0.0
P0051,smooth_polynomial,2,SW2,1e-05,0.2833333333333333,0.2833333333333334,5.551115123125783e-17,3.0814879110195774e-33,0.0
P0052,smooth_polynomial,2,SW2,1e-05,-0.09999999999999998,-0.09999999999999999,1.3877787807814457e-17,1.925929944387236e-34,0.0
P0053,smooth_polynomial,2,SW2,1e-05,0.19999999999999996,0.2,5.551115123125783e-17,3.0814879110195774e-33,0.0
P0054,smooth_polynomial,2,SW2,1e-05,0.6499999999999999,0.65,1.1102230246251565e-16,1.232595164407831e-32,0.0
P0055,smooth_polynomial,2,SW2,1e-05,0.2666666666666667,0.26666666666666666,5.551115123125783e-17,3.0814879110195774e-33,0.0
P0056,smooth_polynomial,2,SW2,1e-05,0.5666666666666667,0.5666666666666667,0.0,0.0,0.0
P0057,smooth_polynomial,2,SW2,1e-05,1.0166666666666664,1.0166666666666666,2.220446049250313e-16,4.930380657631324e-32,0.0
P0058,smooth_polynomial,2,SW2,1e-05,0.5999999999999999,0.6,1.1102230246251565e-16,1.232595164407831e-32,0.0
P0059,smooth_polynomial,2,SW2,1e-05,0.8999999999999999,0.8999999999999999,0.0,0.0,0.0
P0060,smooth_polynomial,2,SW2,1e-05,1.35,1.35,0.0,0.0,0.0
P0061,smooth_polynomial,2,SW2,1e-05,-0.3555555555555555,-0.3555555555555555,0.0,0.0,0.0
P0062,smooth_polynomial,2,SW2,1e-05,-0.055555555555555525,-0.055555555555555525,0.0,0.0,0.0
P0063,smooth_polynomial,2,SW2,1e-05,0.3944444444444444,0.3944444444444445,1.1102230246251565e-16,1.232595164407831e-32,0.0
P0064,smooth_polynomial,2,SW2,1e-05,0.011111111111111115,0.011111111111111113,1.734723475976807e-18,3.009265538105056e-36,0.0
P0065,smooth_polynomial,2,SW2,1e-05,0.3111111111111111,0.3111111111111111,0.0,0.0,0.0
P0066,smooth_polynomial,2,SW2,1e-05,0.7611111111111111,0.7611111111111111,0.0,0.0,0.0
P0067,smooth_polynomial,2,SW2,1e-05,0.37777777777777777,0.37777777777777777,0.0,0.0,0.0
P0068,smooth_polynomial,2,SW2,1e-05,0.6777777777777777,0.6777777777777778,1.1102230246251565e-16,1.232595164407831e-32,0.0
P0069,smooth_polynomial,2,SW2,1e-05,1.1277777777777778,1.1277777777777778,0.0,0.0,0.0
P0070,smooth_polynomial,2,SW2,1e-05,0.711111111111111,0.711111111111111,0.0,0.0,0.0
P0071,smooth_polynomial,2,SW2,1e-05,1.011111111111111,1.011111111111111,0.0,0.0,0.0
P0072,smooth_polynomial,2,SW2,1e-05,1.4611111111111108,1.461111111111111,2.220446049250313e-16,4.930380657631324e-32,0.0
P0073,sinusoid,1,SW2,1e-05,0.5747242079002083,0.5750459360222461,0.0003217281220377899,1.0350898450996303e-07,0.0
P0074,sinusoid,1,SW2,1e-05,0.7296975176783744,0.730415500617587,0.000717982939212547,5.15499501000288e-07,0.0
P0075,sinusoid,1,SW2,1e-05,0.8955406327101851,0.8963605256140483,0.0008198929038631952,6.722243738052228e-07,0.0
P0076,sinusoid,1,SW2,1e-05,0.9253449863471088,0.9261899555312407,0.0008449691841319051,7.139729221325375e-07,0.0
P0077,sinusoid,1,SW2,1e-05,0.628346439547135,0.6390576474687264,0.010711207921591415,0.00011472997513956268,0.0
P0078,sinusoid,1,SW2,1e-05,0.7717421291382413,0.7844097681841611,0.012667639045919832,0.0001604690789977127,0.0
P0079,sinusoid,1,SW2,1e-05,0.9154249141372517,0.9232342443900284,0.007809330252776747,6.0985638996934135e-05,0.0
P0080,sinusoid,1,SW2,1e-05,0.8868796566828383,0.9005180993532904,0.013638442670452111,0.00018600711847520891,0.0
P0081,sinusoid,1,SW2,1e-05,0.6514078479491425,0.7000858306332174,0.04867798268407486,0.002369545998191092,0.0
P0082,sinusoid,1,SW2,1e-05,0.7876541030186507,0.8323019291604284,0.04464782614177776,0.0019934283791864134,0.0
P0083,sinusoid,1,SW2,1e-05,0.8552766828604776,0.9410273310610535,0.08575064820057587,0.007353173666818927,0.0
P0084,sinusoid,1,SW2,1e-05,0.8085478006571127,0.8662529935510221,0.05770519289390941,0.003329889286923293,0.0
P0085,sinusoid,1,SW2,1e-05,0.6440460235910738,0.764503363531613,0.1204573399405392,0.01450997074555062,0.0
P0086,sinusoid,1,SW2,1e-05,0.7745737397240677,0.8782525822748479,0.10367884255078019,0.010749302392669469,0.0
P0087,sinusoid,1,SW2,1e-05,0.8356224814203927,0.9497626892323064,0.1141402078119137,0.013027987039346845,0.0
P0088,sinusoid,1,SW2,1e-05,0.6981994448304258,0.8175214687028707,0.11932202387244484,0.014237745381016296,0.0
P0089,sinusoid,1,SW2,1e-05,0.6031664623237836,0.8215127058347615,0.21834624351097798,0.04767508205535529,0.0
P0090,sinusoid,1,SW2,1e-05,0.6685770565034996,0.913609165108942,0.24503210860544233,0.060040734247629284,0.0
P0091,sinusoid,1,SW2,1e-05,0.6902874795323327,0.9459011273494009,0.2556136478170682,0.06533833695034817,0.0
P0092,sinusoid,1,SW2,1e-05,0.6613924399769373,0.7598968261006515,0.09850438612371415,0.009703114085609768,0.0
P0093,sinusoid,1,SW2,1e-05,0.5374270657491191,0.8695171441101668,0.33209007836104765,0.11028382014584677,0.0
P0094,sinusoid,1,SW2,1e-05,0.5715807111142347,0.9373814131120659,0.3658007019978312,0.13381015358210613,0.0
P0095,sinusoid,1,SW2,1e-05,0.622595698668956,0.9295507997512531,0.30695510108229707,0.09422143408044321,0.0
P0096,sinusoid,1,SW2,1e-05,0.6703389646698521,0.6949930124620182,0.024654047792166067,0.0006078220725384085,0.0
P0097,sinusoid,2,SW2,1e-05,0.647646680425617,0.6479899910323624,0.00034331060674541725,1.1786217270390652e-07,0.0
P0098,sinusoid,2,SW2,1e-05,0.7909026390196098,0.7916505965928816,0.0007479575732718402,5.594405314147002e-07,0.0
P0099,sinusoid,2,SW2,1e-05,0.9254988057149283,0.9263431321527904,0.0008443264378621418,7.128871336729732e-07,0.0
P0100,sinusoid,2,SW2,1e-05,0.8953135232906886,0.8961339865207938,0.0008204632301052062,6.731599119546685e-07,0.0
P0101,sinusoid,2,SW2,1e-05,0.7524799437975885,0.764503363531613,0.012023419734024432,0.00014456262210052814,0.0
P0102,sinusoid,2,SW2,1e-05,0.8640320027440243,0.8782525822748479,0.014220579530823674,0.00020222488219248126,0.0
P0103,sinusoid,2,SW2,1e-05,0.9322652283716057,0.9497626892323064,0.017497460860700698,0.0003061611365717528,0.0
P0104,sinusoid,2,SW2,1e-05,0.8052708850879327,0.8175214687028707,0.012250583614938026,0.00015007679890658804,0.0
P0105,sinusoid,2,SW2,1e-05,0.8008605063225066,0.8584384631108883,0.057577956788381734,0.0033152211079247543,0.0
P0106,sinusoid,2,SW2,1e-05,0.882126511372699,0.9325665474142472,0.05044003604154812,0.002544197235872673,0.0
P0107,sinusoid,2,SW2,1e-05,0.8552766828604776,0.9347900511762953,0.07951336831581768,0.006322375740926879,0.0
P0108,sinusoid,2,SW2,1e-05,0.6629274026266906,0.7118049992277586,0.04887759660106805,0.0023890194494967393,0.0
P0109,sinusoid,2,SW2,1e-05,0.7874714883480808,0.9279754323328191,0.1405039439847383,0.01974135827526648,0.0
P0110,sinusoid,2,SW2,1e-05,0.8378863753655141,0.9492985900688871,0.11141221470337292,0.012412681585110465,0.0
P0111,sinusoid,2,SW2,1e-05,0.7670000397338878,0.8724546351889504,0.10545459545506264,0.011120671702590918,0.0
P0112,sinusoid,2,SW2,1e-05,0.47206384466409457,0.5694513006537083,0.09738745598961374,0.009484316584128953,0.0
P0113,sinusoid,2,SW2,1e-05,0.7061192627850551,0.9499013075636804,0.2437820447786253,0.05942968535644767,0.0
P0114,sinusoid,2,SW2,1e-05,0.6685770565034996,0.9160473958699,0.2474703393664004,0.06124156886612138,0.0
P0115,sinusoid,2,SW2,1e-05,0.5472730521109846,0.7686846617394372,0.22141160962845252,0.04902310087826225,0.0
P0116,sinusoid,2,SW2,1e-05,0.3565281335462872,0.4193713352114835,0.0628432016651963,0.003949267995532532,0.0
P0117,sinusoid,2,SW2,1e-05,0.5747997902806105,0.9217768952713512,0.34697710499074075,0.12039311138775553,0.0
P0118,sinusoid,2,SW2,1e-05,0.4981238212221978,0.836512069047858,0.33838824782566024,0.11450660626652046,0.0
P0119,sinusoid,2,SW2,1e-05,0.38626846449980884,0.6350242559949993,0.2487557914951905,0.061879443802398695,0.0
P0120,sinusoid,2,SW2,1e-05,0.3295030487584403,0.2782610877661441,0.051241960992296165,0.002625738566336002,0.0
P0121,smooth_edge,1,SW2,1e-05,0.7796649080983025,0.7968410695441766,0.017176161445874083,0.00029502052201473125,0.0
P0122,smooth_edge,1,SW2,1e-05,0.9176632304149726,0.9682213690407698,0.05055813862579728,0.0025561253813053348,0.0
P0123,smooth_edge,1,SW2,1e-05,0.9917921809897422,0.9997254218438986,0.007933240854156365,6.29363104500556e-05,0.0
P0124,smooth_edge,1,SW2,1e-05,0.9999691952758953,0.9999999950965821,3.0799820686766566e-05,9.486289543369736e-10,0.0
P0125,smooth_edge,1,SW2,1e-05,0.6786651039934788,0.7040516276171624,0.025386523623683654,0.0006444755816958482,0.0
P0126,smooth_edge,1,SW2,1e-05,0.777498164203763,0.8972159750827483,0.11971781087898525,0.01433235424165648,0.0
P0127,smooth_edge,1,SW2,1e-05,0.8749380327256762,0.9945137011005495,0.11957566837487332,0.01429834046729768,0.0
P0128,smooth_edge,1,SW2,1e-05,0.9681606737020381,0.9999946227781964,0.03183394907615833,0.0010134003137834417,0.0
P0129,smooth_edge,1,SW2,1e-05,0.5675343805934716,0.5906532827008858,0.023118902107414185,0.0005344836346522,0.0
P0130,smooth_edge,1,SW2,1e-05,0.5310240448886102,0.7143624294910559,0.18333838460244567,0.033612963268634284,0.0
P0131,smooth_edge,1,SW2,1e-05,0.4116426143351502,0.9002495108803148,0.4886068965451646,0.2387366993514972,0.0
P0132,smooth_edge,1,SW2,1e-05,0.330260478057831,0.9941376978036617,0.6638772197458307,0.44073296289745395,0.0
P0133,smooth_edge,1,SW2,1e-05,0.4604012494714761,0.4667159617488687,0.006314712277392609,3.987559114625295e-05,0.0
P0134,smooth_edge,1,SW2,1e-05,0.3844638284247226,0.4174297935376853,0.03296596511296268,0.0010867548558290726,0.0
P0135,smooth_edge,1,SW2,1e-05,0.32591566869595745,0.31002551887238744,0.01589014982357001,0.00025249686141550203,0.0
P0136,smooth_edge,1,SW2,1e-05,0.32099620967961895,0.1339278883240735,0.18706832135554544,0.03499455685478162,0.0
P0137,smooth_edge,1,SW2,1e-05,0.36198116276859915,0.34675509928171655,0.015226063486882602,0.00023183300930657957,0.0
P0138,smooth_edge,1,SW2,1e-05,0.305027327103197,0.1703239186438458,0.13470340845935122,0.018145008250566814,0.0
P0139,smooth_edge,1,SW2,1e-05,0.31744898678131095,0.02188127093613046,0.2955677158451805,0.08736027464993736,0.0
P0140,smooth_edge,1,SW2,1e-05,0.32097345376699965,0.0001409919630903207,0.32083246180390934,0.10293346854715694,0.0
P0141,smooth_edge,1,SW2,1e-05,0.27061423815326857,0.2435464707695958,0.02706776738367278,0.00073266403113662,0.0
P0142,smooth_edge,1,SW2,1e-05,0.21439481707544858,0.05554926015761178,0.1588455569178368,0.025231910952537732,0.0
P0143,smooth_edge,1,SW2,1e-05,0.25748799584966076,0.0011125360328603216,0.25637545981680043,0.06572837639627585,0.0
P0144,smooth_edge,1,SW2,1e-05,0.30614001932093193,1.2858614151064257e-07,0.3061398907347904,0.09372163269910942,0.0
P0145,smooth_edge,1,SW2,1e-05,0.18647512782228845,0.16337423951337943,0.023100888308909023,0.0005336510406606896,0.0
P0146,smooth_edge,1,SW2,1e-05,0.07267496958631706,0.016571944094738476,0.056103025491578584,0.0031475494693087164,0.0
P0147,smooth_edge,1,SW2,1e-05,0.031253864956552226,5.5448524722794907e-05,0.03119841643182943,0.0009733411878538445,0.0
P0148,smooth_edge,1,SW2,1e-05,0.0032831005362569813,1.1725539852746633e-10,0.0032831004190015827,1.0778748361248368e-05,0.0
P0149,smooth_edge,2,SW2,1e-05,0.8696400293128361,0.8842526814109779,0.014612652098141776,0.00021352960134132725,0.0
P0150,smooth_edge,2,SW2,1e-05,0.9664219229985709,0.9938389829390936,0.02741705994052268,0.0007516951757822136,0.0
P0151,smooth_edge,2,SW2,1e-05,0.9967168175866958,0.9999949695696981,0.0032781519830022976,1.0746280423661897e-05,0.0
P0152,smooth_edge,2,SW2,1e-05,0.9999876781132028,0.9999999999995663,1.2321886363575452e-05,1.5182888355686666e-10,0.0
P0153,smooth_edge,2,SW2,1e-05,0.7975763319831937,0.8224934972879262,0.024917165304732536,0.0006208651268233669,0.0
P0154,smooth_edge,2,SW2,1e-05,0.9034215000611401,0.9788208895449324,0.07539938948379232,0.005685067934528613,0.0
P0155,smooth_edge,2,SW2,1e-05,0.9509108923322359,0.9998989708060922,0.048988078473856334,0.0023998318325607064,0.0
P0156,smooth_edge,2,SW2,1e-05,0.9872660547610173,0.9999999995245059,0.012733944763488658,0.0001621533492395802,0.0
P0157,smooth_edge,2,SW2,1e-05,0.7115799603770451,0.7375616214876249,0.025981661110579868,0.0006750467140650183,0.0
P0158,smooth_edge,2,SW2,1e-05,0.7628591954130763,0.9297812081694472,0.16692201275637086,0.027862958342638036,0.0
P0159,smooth_edge,2,SW2,1e-05,0.7165616870045111,0.9979746796109501,0.28141299260643904,0.0791932724077117,0.0
P0160,smooth_edge,2,SW2,1e-05,0.6828075039683534,0.9999994785576881,0.3171919745893347,0.10061074874388114,0.0
P0161,smooth_edge,2,SW2,1e-05,0.6189873946602702,0.6302602229177513,0.011272828257481105,0.0001270766569226645,0.0
P0162,smooth_edge,2,SW2,1e-05,0.6806462279687482,0.791391472673955,0.11074524470520686,0.012264509224816148,0.0
P0163,smooth_edge,2,SW2,1e-05,0.6806394215570859,0.9608342772032357,0.28019485564614977,0.0785091571305667,0.0
P0164,smooth_edge,2,SW2,1e-05,0.6790158178570461,0.9994284955764196,0.32041267771937343,0.10266428404329907,0.0
P0165,smooth_edge,2,SW2,1e-05,0.5188496995442703,0.5083325618141193,0.01051713773015095,0.00011061018603496467,0.0
P0166,smooth_edge,2,SW2,1e-05,0.594072954871401,0.5208212853727429,0.07325166949865813,0.005365807084340642,0.0
P0167,smooth_edge,2,SW2,1e-05,0.6698446383805667,0.5498339973124777,0.12001064106808901,0.014402553969573692,0.0
P0168,smooth_edge,2,SW2,1e-05,0.6789776039350839,0.6145944982675491,0.0643831056675348,0.004145184295396952,0.0
P0169,smooth_edge,2,SW2,1e-05,0.41023691158031583,0.3854055017324505,0.02483140984786536,0.0006165989150326648,0.0
P0170,smooth_edge,2,SW2,1e-05,0.4258981152881729,0.23745802834390245,0.18844008694427045,0.035509666367564204,0.0
P0171,smooth_edge,2,SW2,1e-05,0.5283411195718017,0.05732417589886871,0.471016943672933,0.22185696122699095,0.0
P0172,smooth_edge,2,SW2,1e-05,0.6428445125789843,0.0014520391100099098,0.6413924734689744,0.41138430502264905,0.0
P0173,smooth_edge,2,SW2,1e-05,0.2997296933397757,0.2755454045751979,0.024184288764577844,0.0005848798230484861,0.0
P0174,smooth_edge,2,SW2,1e-05,0.17815543836229777,0.0819105771553252,0.09624486120697258,0.009263073308749415,0.0
P0175,smooth_edge,2,SW2,1e-05,0.07838662061039614,0.003018416324708427,0.07536820428568772,0.005680366217249156,0.0
P0176,smooth_edge,2,SW2,1e-05,0.008207767857327334,1.326011943142785e-06,0.008206441845384192,6.73456877616727e-05,0.0
P0177,hard_step,1,SW2,1e-05,1.0,1.0,0.0,0.0,0.0
P0178,hard_step,1,SW2,1e-05,1.0,1.0,0.0,0.0,0.0
P0179,hard_step,1,SW2,1e-05,0.32098765432098764,1.0,0.6790123456790124,0.46105776558451456,0.0
P0180,hard_step,1,SW2,1e-05,0.32098765432098764,1.0,0.6790123456790124,0.46105776558451456,0.0
P0181,hard_step,1,SW2,1e-05,0.32098765432098764,0.0,0.32098765432098764,0.10303307422648986,0.0
P0182,hard_step,1,SW2,1e-05,0.32098765432098764,0.0,0.32098765432098764,0.10303307422648986,0.0
P0183,hard_step,1,SW2,1e-05,0.32098765432098764,0.0,0.32098765432098764,0.10303307422648986,0.0
P0184,hard_step,1,SW2,1e-05,0.32098765432098764,0.0,0.32098765432098764,0.10303307422648986,0.0
P0185,hard_step,1,SW2,1e-05,0.0,0.0,0.0,0.0,0.0
P0186,hard_step,2,SW2,1e-05,1.0,1.0,0.0,0.0,0.0
P0187,hard_step,2,SW2,1e-05,1.0,1.0,0.0,0.0,0.0
P0188,hard_step,2,SW2,1e-05,0.6790123456790123,1.0,0.32098765432098775,0.10303307422648993,0.0
P0189,hard_step,2,SW2,1e-05,0.6790123456790123,1.0,0.32098765432098775,0.10303307422648993,0.0
P0190,hard_step,2,SW2,1e-05,0.6790123456790123,1.0,0.32098765432098775,0.10303307422648993,0.0
P0191,hard_step,2,SW2,1e-05,0.6790123456790123,1.0,0.32098765432098775,0.10303307422648993,0.0
P0192,hard_step,2,SW2,1e-05,0.6790123456790123,0.0,0.6790123456790123,0.46105776558451445,0.0
P0193,hard_step,2,SW2,1e-05,0.6790123456790123,0.0,0.6790123456790123,0.46105776558451445,0.0
P0194,hard_step,2,SW2,1e-05,0.0,0.0,0.0,0.0,0.0
P0195,kink,1,SW2,1e-05,0.43038344376426163,0.4533333333333333,0.02294988956907168,0.0005266974312325851,0.0
P0196,kink,1,SW2,1e-05,-0.13234258201183255,-0.13333333333333333,0.0009907513215007824,9.815881810555466e-07,0.0
P0197,kink,1,SW2,1e-05,0.28414059708685924,0.29333333333333333,0.009192736246474098,8.450639969723869e-05,0.0
P0198,kink,1,SW2,1e-05,0.19980105032086132,0.15583333333333332,0.043967716987527994,0.0019331601370953578,0.0
P0199,kink,1,SW2,1e-05,-0.12060689305839555,-0.04583333333333333,0.07477355972506222,0.005591085233957447,0.0
P0200,kink,1,SW2,1e-05,0.18061717067564764,0.10083333333333333,0.07978383734231431,0.0063654607010648675,0.0
P0201,kink,1,SW2,1e-05,0.0793866268427865,-0.014000000000000004,0.0933866268427865,0.00872106207307385,0.0
P0202,kink,1,SW2,1e-05,-0.19205598128973722,-0.07583333333333335,0.11622264795640387,0.013507703897998189,0.0
P0203,kink,1,SW2,1e-05,0.2025,0.05250000000000001,0.15,0.0225,0.0
P0204,kink,1,SW2,1e-05,-0.012279989852737521,-0.05,0.03772001014726248,0.0014227991655095843,0.0
P0205,kink,1,SW2,1e-05,-0.31638793064733395,-0.27083333333333337,0.04555459731400058,0.0020752213364407484,0.0
P0206,kink,1,SW2,1e-05,0.2418589910413396,0.1875,0.054358991041339594,0.0029548999070324383,0.0
P0207,kink,1,SW2,1e-05,-0.09205215341351008,-0.09200000000000001,5.215341351007263e-05,2.7199785407526265e-09,0.0
P0208,kink,1,SW2,1e-05,-0.48932721024468856,-0.49833333333333346,0.009006123088644902,8.111025308782278e-05,0.0
P0209,kink,1,SW2,1e-05,0.3422642241728179,0.3450000000000001,0.0027357758271822075,7.484469376594492e-06,0.0
P0210,kink,2,SW2,1e-05,0.7198357447581578,0.7366666666666667,0.016830921908508878,0.00028327993229032415,0.0
P0211,kink,2,SW2,1e-05,-0.21602974618677398,-0.21666666666666667,0.0006369204798926942,4.0566769770673985e-07,0.0
P0212,kink,2,SW2,1e-05,0.47055580451575607,0.47666666666666674,0.0061108621509106675,3.734263622743255e-05,0.0
P0213,kink,2,SW2,1e-05,0.45141351842666,0.4391666666666666,0.012246851759993405,0.00014998537803125354,0.0
P0214,kink,2,SW2,1e-05,-0.15902157592528574,-0.12916666666666665,0.029854909258619083,0.0008913156068403794,0.0
P0215,kink,2,SW2,1e-05,0.31519037755754076,0.2841666666666667,0.03102371089087408,0.0009624706374405389,0.0
P0216,kink,2,SW2,1e-05,0.25410435230216527,0.18416666666666662,0.06993768563549865,0.004891279872049834,0.0
P0217,kink,2,SW2,1e-05,-0.14136867774916811,-0.054166666666666655,0.08720201108250146,0.007604190736832707,0.0
P0218,kink,2,SW2,1e-05,0.21617135484588787,0.11916666666666664,0.09700468817922123,0.009409909528747942,0.0
P0219,kink,2,SW2,1e-05,0.08712600264868166,-0.010000000000000004,0.09712600264868167,0.009433460390511718,0.0
P0220,kink,2,SW2,1e-05,-0.17255155201476252,-0.05416666666666669,0.11838488534809583,0.014014981078881793,0.0
P0221,kink,2,SW2,1e-05,0.1745416366942289,0.03750000000000002,0.13704163669422886,0.018780410187833014,0.0
P0222,kink,2,SW2,1e-05,-0.052081456973735264,-0.05200000000000001,8.145697373525274e-05,6.635238570105654e-09,0.0
P0223,kink,2,SW2,1e-05,-0.2683444820557562,-0.28166666666666673,0.013322184610910559,0.00017748060280718212,0.0
P0224,kink,2,SW2,1e-05,0.19079013478713136,0.19500000000000006,0.004209865212868702,1.7722965110522042e-05,0.0
P0225,thin_feature,1,SW2,1e-05,0.36934710517780406,8.364834722972767e-05,0.3692634568305743,0.1363555005504654,0.0
P0226,thin_feature,1,SW2,1e-05,0.5218685271670027,0.0551441169483479,0.4667244102186548,0.21783167509395115,0.0
P0227,thin_feature,1,SW2,1e-05,0.5770600876977039,0.3523219549954969,0.224738132702207,0.0505072282904748,0.0
P0228,thin_feature,1,SW2,1e-05,0.08241432039464142,0.4111122905071876,0.3286979701125462,0.10804235555610832,0.0
P0229,thin_feature,1,SW2,1e-05,0.3284897955680451,0.7600672046071238,0.43157740903907876,0.1862590599928843,0.0
P0230,thin_feature,1,SW2,1e-05,0.49745211793660804,0.9059551911095096,0.4085030731729016,0.166874760791705,0.0
P0231,thin_feature,1,SW2,1e-05,3.726653172078671e-06,0.24935220877729616,0.24934848212412408,0.062174665537604624,0.0
P0232,thin_feature,1,SW2,1e-05,0.02110965645367106,0.651375231630207,0.630265575176536,0.3972346952526098,0.0
P0233,thin_feature,1,SW2,1e-05,0.24935220877729616,0.8569968914352788,0.6076446826579827,0.36923206036252043,0.0
P0234,thin_feature,1,SW2,1e-05,0.03498362417020628,1.8664469113520537e-05,0.03496495970109276,0.0012225484068990405,0.0
P0235,thin_feature,1,SW2,1e-05,0.13946709104624844,0.0347085864128538,0.10475850463339464,0.010974344293024968,0.0
P0236,thin_feature,1,SW2,1e-05,0.22811239566912167,0.29823409618142144,0.07012170051229977,0.004917052882736661,0.0
P0237,thin_feature,1,SW2,1e-05,0.1567797772752565,1.7241209390354996e-13,0.15677977727508408,0.02457989856242497,0.0
P0238,thin_feature,1,SW2,1e-05,0.22152176666461323,0.00011499237699560167,0.22140677428761762,0.04902095970044806,0.0
P0239,thin_feature,1,SW2,1e-05,0.24585016677091964,0.03818043380053571,0.20766973297038394,0.04312671799199057,0.0
P0240,thin_feature,2,SW2,1e-05,0.15677977727525663,1.724120939035518e-13,0.15677977727508421,0.024579898562425012,0.0
P0241,thin_feature,2,SW2,1e-05,0.2215217666646133,0.00011499237699560208,0.22140677428761768,0.049020959700448084,0.0
P0242,thin_feature,2,SW2,1e-05,0.2458501667709196,0.03818043380053579,0.2076697329703838,0.04312671799199051,0.0
P0243,thin_feature,2,SW2,1e-05,0.03498362417020625,1.8664469113520635e-05,0.03496495970109273,0.0012225484068990385,0.0
P0244,thin_feature,2,SW2,1e-05,0.13946709104624838,0.03470858641285385,0.10475850463339453,0.010974344293024943,0.0
P0245,thin_feature,2,SW2,1e-05,0.22811239566912167,0.29823409618142166,0.07012170051229999,0.004917052882736693,0.0
P0246,thin_feature,2,SW2,1e-05,3.726653172078671e-06,0.24935220877729639,0.2493484821241243,0.062174665537604736,0.0
P0247,thin_feature,2,SW2,1e-05,0.02110965645367106,0.6513752316302073,0.6302655751765363,0.39723469525261007,0.0
P0248,thin_feature,2,SW2,1e-05,0.24935220877729616,0.8569968914352789,0.6076446826579828,0.3692320603625206,0.0
P0249,thin_feature,2,SW2,1e-05,0.0824143203946415,0.411112290507187,0.32869797011254553,0.10804235555610787,0.0
P0250,thin_feature,2,SW2,1e-05,0.3284897955680452,0.7600672046071234,0.4315774090390782,0.18625905999288384,0.0
P0251,thin_feature,2,SW2,1e-05,0.49745211793660815,0.9059551911095095,0.40850307317290135,0.1668747607917048,0.0
P0252,thin_feature,2,SW2,1e-05,0.36934710517780367,8.364834722972738e-05,0.36926345683057393,0.13635550055046514,0.0
P0253,thin_feature,2,SW2,1e-05,0.5218685271670026,0.055144116948347775,0.46672441021865485,0.2178316750939512,0.0
P0254,thin_feature,2,SW2,1e-05,0.5770600876977039,0.35232195499549673,0.22473813270220716,0.050507228290474875,0.0
P0255,mixed_frequency,1,SW2,1e-05,0.5021109221553838,0.49935542472536626,0.0027554974300175172,7.592766086833142e-06,0.0
P0256,mixed_frequency,1,SW2,1e-05,0.4343037720955517,0.45555610868671437,0.021252336591162657,0.0004516618105840712,0.0
P0257,mixed_frequency,1,SW2,1e-05,0.2841073880612614,0.155213372665013,0.1288940153962484,0.01661366720496832,0.0
P0258,mixed_frequency,1,SW2,1e-05,0.681073494151011,0.7427118258953607,0.06163833174434963,0.003799283940226499,0.0
P0259,mixed_frequency,1,SW2,1e-05,0.7072016043059364,0.5406964779017696,0.16650512640416681,0.02772395711886757,0.0
P0260,mixed_frequency,1,SW2,1e-05,0.4754170690289956,0.4170475535071272,0.05836951552186842,0.0034070003422576383,0.0
P0261,mixed_frequency,1,SW2,1e-05,0.519046053108938,0.47535988945488694,0.04368616365405109,0.0019084808948085345,0.0
P0262,mixed_frequency,1,SW2,1e-05,0.5797597707299809,0.6686000035176052,0.08884023278762432,0.007892586961759278,0.0
P0263,mixed_frequency,1,SW2,1e-05,0.37810627339052405,0.28032091330418796,0.09778536008633609,0.009561976647214412,0.0
P0264,mixed_frequency,1,SW2,1e-05,0.48588539741388287,0.4747727588702795,0.011112638543603393,0.00012349073540077974,0.0
P0265,mixed_frequency,1,SW2,1e-05,0.527411354645392,0.4673856494865241,0.060025705158867904,0.0036030852798193407,0.0
P0266,mixed_frequency,1,SW2,1e-05,0.5024890934710675,0.4334862851454516,0.0690028083256159,0.004761387556821687,0.0
P0267,mixed_frequency,1,SW2,1e-05,0.6953975511894762,0.6773719504742064,0.01802560071526982,0.00032492228114633576,0.0
P0268,mixed_frequency,1,SW2,1e-05,0.5623175862541113,0.4548365472979632,0.10748103895614813,0.011552173735093032,0.0
P0269,mixed_frequency,1,SW2,1e-05,0.6823427056438308,0.6986226099788257,0.016279904334994932,0.00026503528515658677,0.0
P0270,mixed_frequency,1,SW2,1e-05,0.29627773589646766,0.23943781507349454,0.05683992082297312,0.0032307765991618537,0.0
P0271,mixed_frequency,1,SW2,1e-05,0.4771919206035416,0.4664184217464979,0.010773498857043706,0.00011606827762272204,0.0
P0272,mixed_frequency,1,SW2,1e-05,0.45696075678999615,0.4844869960552387,0.027526239265242558,0.0007576938480873812,0.0
P0273,mixed_frequency,1,SW2,1e-05,0.6803187622641557,0.7668339405122937,0.08651517824813804,0.007484876067307097,0.0
P0274,mixed_frequency,1,SW2,1e-05,0.5479680359896812,0.6036770727120775,0.055709036722396243,0.003103496772537293,0.0
P0275,mixed_frequency,1,SW2,1e-05,0.5330277493878788,0.5801958680494812,0.04716811866160242,0.0022248314180750065,0.0
P0276,mixed_frequency,1,SW2,1e-05,0.4776713547413868,0.43425126660147423,0.04342008813991255,0.0018853040540777743,0.0
P0277,mixed_frequency,1,SW2,1e-05,0.6103884573865563,0.6813224182546447,0.07093396086808834,0.005031626804435488,0.0
P0278,mixed_frequency,1,SW2,1e-05,0.27668555833223674,0.29829739986517656,0.021611841532939824,0.00046707169444490273,0.0
P0279,mixed_frequency,1,SW2,1e-05,0.4499543505716431,0.45224178202853027,0.0022874314568871457,5.2323426699568495e-06,0.0
P0280,mixed_frequency,1,SW2,1e-05,0.5956455561768054,0.48763067251845843,0.10801488365834694,0.011667215091726224,0.0
P0281,mixed_frequency,1,SW2,1e-05,0.48525952554237745,0.5701012749830773,0.08484174944069983,0.00719812244815849,0.0
P0282,mixed_frequency,1,SW2,1e-05,0.5346007018697913,0.5623229858879404,0.027722284018149135,0.000768525031182927,0.0
P0283,mixed_frequency,1,SW2,1e-05,0.5837120207633962,0.7666319644998695,0.18291994373647325,0.03345970581655454,0.0
P0284,mixed_frequency,1,SW2,1e-05,0.48397210753856656,0.5391611189168729,0.05518901137830634,0.0030458269769148266,0.0
P0285,mixed_frequency,1,SW2,1e-05,0.6726157221376997,0.6887178293753018,0.01610210723760208,0.00025927785749123734,0.0
P0286,mixed_frequency,1,SW2,1e-05,0.32716715193407386,0.2988924441998043,0.028274707734269544,0.000799459097458362,0.0
P0287,mixed_frequency,1,SW2,1e-05,0.4285135696025738,0.4271356910831181,0.0013778785194556997,1.898549214377431e-06,0.0
P0288,mixed_frequency,1,SW2,1e-05,0.3759763990993795,0.2645103235299279,0.1114660755694516,0.012424686002854693,0.0
P0289,mixed_frequency,1,SW2,1e-05,0.5258286429030907,0.43919422396993496,0.08663441893315577,0.007505522543885538,0.0
P0290,mixed_frequency,1,SW2,1e-05,0.3322289709178464,0.35253116173124965,0.02030219081340323,0.00041217895182383456,0.0
P0291,mixed_frequency,1,SW2,1e-05,0.34863620658231,0.3719201334216269,0.023283926839316904,0.000542141249058662,0.0
P0292,mixed_frequency,1,SW2,1e-05,0.5143987843381366,0.5405693019751132,0.026170517636976642,0.0006848959933873055,0.0
P0293,mixed_frequency,1,SW2,1e-05,0.5092260541438703,0.5848295787523584,0.07560352460848807,0.005715892933226261,0.0
P0294,mixed_frequency,1,SW2,1e-05,0.5285041331490251,0.5409906345655865,0.01248650141656138,0.00015591271762578935,0.0
P0295,mixed_frequency,1,SW2,1e-05,0.5880387223675523,0.6740210161891979,0.08598229382164557,0.007392954850831791,0.0
P0296,mixed_frequency,1,SW2,1e-05,0.48036304083135584,0.43882666894757716,0.04153637188377868,0.0017252701892675598,0.0
P0297,mixed_frequency,1,SW2,1e-05,0.41935339311743103,0.4085314772238543,0.010821915893576728,0.00011711386360764858,0.0
P0298,mixed_frequency,1,SW2,1e-05,0.575466704815545,0.5515396754151357,0.02392702940040925,0.0005725027359280487,0.0
P0299,mixed_frequency,1,SW2,1e-05,0.4624240566243962,0.45758380838567025,0.004840248238725919,2.3428003012489363e-05,0.0
P0300,mixed_frequency,1,SW2,1e-05,0.5966582085442157,0.6005499470896327,0.003891738545417023,1.5145628905884604e-05,0.0
P0301,mixed_frequency,1,SW2,1e-05,0.279204465537088,0.2456362579031397,0.0335682076339483,0.001126824563755865,0.0
P0302,mixed_frequency,1,SW2,1e-05,0.36186482903642603,0.3270528513166872,0.03481197771973882,0.001211873792759592,0.0
P0303,mixed_frequency,1,SW2,1e-05,0.47361498431312254,0.4633290863928645,0.010285897920258025,0.00010579969602596835,0.0
P0304,mixed_frequency,1,SW2,1e-05,0.48533604573740236,0.4944074046768252,0.009071358939422847,8.228955300784679e-05,0.0
P0305,mixed_frequency,1,SW2,1e-05,0.5528780869757389,0.535141282,0.01773680497573893,0.00031459425074739726,0.0
P0306,mixed_frequency,1,SW2,1e-05,0.5405444696829398,0.4813603793968585,0.05918409028608129,0.003502756542991022,0.0
P0307,mixed_frequency,1,SW2,1e-05,0.44660925450944866,0.44916240885229025,0.0025531543428415904,6.518597098370873e-06,0.0
P0308,mixed_frequency,1,SW2,1e-05,0.42420635922613636,0.3619738362318022,0.06223252299433418,0.003872886918240333,0.0
P0309,mixed_frequency,1,SW2,1e-05,0.5251907015020072,0.5383224304502269,0.013131728948219679,0.0001724423051695107,0.0
P0310,mixed_frequency,1,SW2,1e-05,0.31651322596135595,0.3926499743554235,0.07613674839406753,0.005796804456021545,0.0
P0311,mixed_frequency,1,SW2,1e-05,0.42594619189345734,0.42040974436429945,0.005536447529157884,3.0652251243118436e-05,0.0
P0312,mixed_frequency,1,SW2,1e-05,0.5838097628041805,0.6101470394713223,0.026337276667141807,0.0006936521422415723,0.0
P0313,mixed_frequency,1,SW2,1e-05,0.5435219381419206,0.5479313452317733,0.004409407089852713,1.944287088404337e-05,0.0
P0314,mixed_frequency,1,SW2,1e-05,0.8361228669537025,0.8500388285880128,0.013915961634310303,0.00019365398820759628,0.0
P0315,mixed_frequency,1,SW2,1e-05,0.42682546879473404,0.41205449093146773,0.01477097786326631,0.00021818178703710337,0.0
P0316,mixed_frequency,1,SW2,1e-05,0.5852754687711581,0.6085826163686509,0.02330714759749275,0.0005432231291313121,0.0
P0317,mixed_frequency,1,SW2,1e-05,0.43708309237068904,0.429892434580156,0.007190657790533017,5.170555946055317e-05,0.0
P0318,mixed_frequency,1,SW2,1e-05,0.43933883669827445,0.39204653808406975,0.0472922986142047,0.0022365615082151073,0.0
P0319,mixed_frequency,2,SW2,1e-05,0.6881101124424227,0.8140327948345307,0.12592268239210802,0.015856521940823712,0.0
P0320,mixed_frequency,2,SW2,1e-05,0.5538340433556641,0.5548865092370293,0.0010524658813652055,1.1076844314378387e-06,0.0
P0321,mixed_frequency,2,SW2,1e-05,0.31521151226226857,0.3967439560775554,0.08153244381528685,0.006647539394492906,0.0
P0322,mixed_frequency,2,SW2,1e-05,0.6294909222147851,0.6303496925970249,0.0008587703822398041,7.374865694122992e-07,0.0
P0323,mixed_frequency,2,SW2,1e-05,0.2632885608287442,0.276272829973252,0.012984269144507787,0.000168591245217017,0.0
P0324,mixed_frequency,2,SW2,1e-05,0.48019282866152657,0.3680034887100495,0.11218933995147706,0.012586447998748087,0.0
P0325,mixed_frequency,2,SW2,1e-05,0.704448544325535,0.6634508837330682,0.0409976605924669,0.0016808081740551134,0.0
P0326,mixed_frequency,2,SW2,1e-05,0.6146073215932675,0.6508270799207778,0.03621975832751034,0.0013118708933032549,0.0
P0327,mixed_frequency,2,SW2,1e-05,0.5116686905797226,0.5333568294057774,0.021688138826054804,0.0004703753657382258,0.0
P0328,mixed_frequency,2,SW2,1e-05,0.6017836215287496,0.6678860836431736,0.06610246211442394,0.004369535497588853,0.0
P0329,mixed_frequency,2,SW2,1e-05,0.4845283556855882,0.48087471401390125,0.003653641671686969,1.334909746508755e-05,0.0
P0330,mixed_frequency,2,SW2,1e-05,0.38982263367733216,0.3476791051625945,0.04214352851473768,0.0017760769956725081,0.0
P0331,mixed_frequency,2,SW2,1e-05,0.32135766339136895,0.20720898854505576,0.11414867484631319,0.013029919969169334,0.0
P0332,mixed_frequency,2,SW2,1e-05,0.5803645746103027,0.6153000035934494,0.03493542898314672,0.001220484198236488,0.0
P0333,mixed_frequency,2,SW2,1e-05,0.14207745409460376,0.0649946518336959,0.07708280226090786,0.005941758404394221,0.0
P0334,mixed_frequency,2,SW2,1e-05,0.4634716869682825,0.5226072573180978,0.05913557034981526,0.0034970156805979495,0.0
P0335,mixed_frequency,2,SW2,1e-05,0.4995583104154467,0.3957690317599277,0.10378927865551896,0.010772214363832962,0.0
P0336,mixed_frequency,2,SW2,1e-05,0.5935209916097889,0.7552761193165396,0.1617551277067507,0.02616472133942723,0.0
P0337,mixed_frequency,2,SW2,1e-05,0.38986159279335636,0.48475446913807674,0.09489287634472038,0.009004657980974393,0.0
P0338,mixed_frequency,2,SW2,1e-05,0.6537504681641699,0.6651371781040039,0.011386709939833928,0.00012965716325391276,0.0
P0339,mixed_frequency,2,SW2,1e-05,0.6666105551128391,0.7408408381328755,0.07423028302003642,0.005510134917234708,0.0
P0340,mixed_frequency,2,SW2,1e-05,0.49843769837374674,0.5689577717014875,0.0705200733277408,0.004973080742149939,0.0
P0341,mixed_frequency,2,SW2,1e-05,0.414031482406425,0.2574974214481519,0.1565340609582731,0.02450291224008836,0.0
P0342,mixed_frequency,2,SW2,1e-05,0.5233468277614124,0.5173737037104447,0.005973124050967726,3.56782109282491e-05,0.0
P0343,mixed_frequency,2,SW2,1e-05,0.3884707752670977,0.48324739685668694,0.09477662158958922,0.00898260799993619,0.0
P0344,mixed_frequency,2,SW2,1e-05,0.354064412566366,0.270052112801759,0.084012299764607,0.007058066511738186,0.0
P0345,mixed_frequency,2,SW2,1e-05,0.5042053480042883,0.49531618841216574,0.008889159592122553,7.901715825422439e-05,0.0
P0346,mixed_frequency,2,SW2,1e-05,0.2561469610581029,0.16971157929838276,0.08643538175972015,0.0074710752199485635,0.0
P0347,mixed_frequency,2,SW2,1e-05,0.6428900335551192,0.6635927865275683,0.020702752972449057,0.00042860398063824823,0.0
P0348,mixed_frequency,2,SW2,1e-05,0.4343587987338538,0.3179991471566734,0.11635965157718042,0.013539568515162826,0.0
P0349,mixed_frequency,2,SW2,1e-05,0.5960199688988541,0.6303959865910851,0.034376017692230976,0.0011817105923765771,0.0
P0350,mixed_frequency,2,SW2,1e-05,0.44039263161204417,0.35492709939749145,0.08546553221455272,0.007304357196716749,0.0
P0351,mixed_frequency,2,SW2,1e-05,0.42422990573951325,0.3906606716516097,0.03356923408790352,0.0011268934772484637,0.0
P0352,mixed_frequency,2,SW2,1e-05,0.4300189896024398,0.4275323977379478,0.0024865918644919605,6.1831391005576044e-06,0.0
P0353,mixed_frequency,2,SW2,1e-05,0.5070285170671766,0.6041255480496204,0.09709703098244382,0.009427833425605655,0.0
P0354,mixed_frequency,2,SW2,1e-05,0.46089876555463893,0.4412332367188725,0.019665528835766444,0.0003867330243903615,0.0
P0355,mixed_frequency,2,SW2,1e-05,0.5168295408501138,0.609299498114648,0.09246995726453422,0.008550692996504785,0.0
P0356,mixed_frequency,2,SW2,1e-05,0.7143628051323456,0.7689757838647319,0.05461297873238624,0.002982577446024072,0.0
P0357,mixed_frequency,2,SW2,1e-05,0.4737728358132547,0.5332989647948638,0.05952612898160914,0.0035433600315351674,0.0
P0358,mixed_frequency,2,SW2,1e-05,0.44872168938774604,0.41575437560416867,0.03296731378357737,0.0010868437781048504,0.0
P0359,mixed_frequency,2,SW2,1e-05,0.1335633684395554,0.04017781537158405,0.09338555306797136,0.008720861521810895,0.0
P0360,mixed_frequency,2,SW2,1e-05,0.564707754175312,0.5542356586168614,0.010472095558450634,0.00010966478538532149,0.0
P0361,mixed_frequency,2,SW2,1e-05,0.4332563578609824,0.6474451945759677,0.21418883671498534,0.04587685777331865,0.0
P0362,mixed_frequency,2,SW2,1e-05,0.5649803413112553,0.5504878096411179,0.01449253167013742,0.00021003347420993614,0.0
P0363,mixed_frequency,2,SW2,1e-05,0.3274323916055103,0.2947314072873603,0.032700984318149995,0.0010693543753758918,0.0
P0364,mixed_frequency,2,SW2,1e-05,0.700016392540288,0.718965854204543,0.01894946166425493,0.0003590820973650672,0.0
P0365,mixed_frequency,2,SW2,1e-05,0.2504164535645334,0.2420960937654339,0.008320359799099508,6.922838718647121e-05,0.0
P0366,mixed_frequency,2,SW2,1e-05,0.37073982986950094,0.3304965060026291,0.04024332386687185,0.0016195251158539375,0.0
P0367,mixed_frequency,2,SW2,1e-05,0.5436859946021849,0.3705258094086487,0.1731601851935362,0.029984449736259758,0.0
P0368,mixed_frequency,2,SW2,1e-05,0.6297268178423914,0.6512758947908197,0.021549076948428336,0.0004643627173292855,0.0
P0369,mixed_frequency,2,SW2,1e-05,0.6653734477565734,0.6719703535433057,0.006596905786732332,4.3519165959022533e-05,0.0
P0370,mixed_frequency,2,SW2,1e-05,0.4477059016020123,0.46107812920209956,0.013372227600087272,0.00017881647098853581,0.0
P0371,mixed_frequency,2,SW2,1e-05,0.6794796084915987,0.791170460656414,0.11169085216481534,0.012474846457302635,0.0
P0372,mixed_frequency,2,SW2,1e-05,0.5602564171254125,0.533951223416073,0.02630519370933948,0.0006919632160858733,0.0
P0373,mixed_frequency,2,SW2,1e-05,0.35311158323619596,0.31761767180206096,0.035493911434134995,0.0012598177488942189,0.0
P0374,mixed_frequency,2,SW2,1e-05,0.6012101380359158,0.6098001802240762,0.008590042188160396,7.378882479437545e-05,0.0
P0375,mixed_frequency,2,SW2,1e-05,0.6951596917248928,0.7417467047610486,0.046587013036155867,0.002170349783630957,0.0
P0376,mixed_frequency,2,SW2,1e-05,0.43737688247641915,0.3436031187899571,0.09377376368646206,0.00879351875592443,0.0
P0377,mixed_frequency,2,SW2,1e-05,0.49699539205290666,0.5015638929582081,0.004568500905301476,2.0871200521740404e-05,0.0
P0378,mixed_frequency,2,SW2,1e-05,0.7254542762253389,0.7714303015145285,0.04597602528918965,0.002113794901392206,0.0
P0379,mixed_frequency,2,SW2,1e-05,0.32864776981474336,0.33214085095807067,0.0034930811433273035,1.2201615873868782e-05,0.0
P0380,mixed_frequency,2,SW2,1e-05,0.5694112156821326,0.5278122067042186,0.04159900897791402,0.0017304775479445712,0.0
P0381,mixed_frequency,2,SW2,1e-05,0.5271474158042437,0.3212502519429321,0.20589716386131163,0.04239364208613181,0.0
P0382,mixed_frequency,2,SW2,1e-05,0.3914961811048863,0.2252611572341287,0.16623502387075761,0.027634083161311353,0.0
P0001,smooth_polynomial,1,SW2,0.0001,-0.2722222222222222,-0.2722222222222222,0.0,0.0,0.0
P0002,smooth_polynomial,1,SW2,0.0001,0.027777777777777846,0.02777777777777779,5.551115123125783e-17,3.0814879110195774e-33,0.0
P0003,smooth_polynomial,1,SW2,0.0001,0.47777777777777786,0.4777777777777778,5.551115123125783e-17,3.0814879110195774e-33,0.0
P0004,smooth_polynomial,1,SW2,0.0001,-0.08888888888888889,-0.08888888888888888,1.3877787807814457e-17,1.925929944387236e-34,0.0
P0005,smooth_polynomial,1,SW2,0.0001,0.21111111111111108,0.2111111111111111,2.7755575615628914e-17,7.703719777548943e-34,0.0
P0006,smooth_polynomial,1,SW2,0.0001,0.6611111111111111,0.6611111111111111,0.0,0.0,0.0
P0007,smooth_polynomial,1,SW2,0.0001,0.050000000000000044,0.09444444444444444,0.0444444444444444,0.0019753086419753044,0.0
P0008,smooth_polynomial,1,SW2,0.0001,0.35000000000000003,0.39444444444444443,0.0444444444444444,0.0019753086419753044,0.0
P0009,smooth_polynomial,1,SW2,0.0001,0.8,0.8444444444444444,0.0444444444444444,0.0019753086419753044,0.0
P0010,smooth_polynomial,1,SW2,0.0001,0.26111111111111107,0.2611111111111111,5.551115123125783e-17,3.0814879110195774e-33,0.0
P0011,smooth_polynomial,1,SW2,0.0001,0.561111111111111,0.5611111111111111,1.1102230246251565e-16,1.232595164407831e-32,0.0
P0012,smooth_polynomial,1,SW2,0.0001,1.011111111111111,1.011111111111111,0.0,0.0,0.0
P0013,smooth_polynomial,1,SW2,0.0001,-0.23333333333333328,-0.2333333333333333,2.7755575615628914e-17,7.703719777548943e-34,0.0
P0014,smooth_polynomial,1,SW2,0.0001,0.06666666666666667,0.06666666666666668,1.3877787807814457e-17,1.925929944387236e-34,0.0
P0015,smooth_polynomial,1,SW2,0.0001,0.5166666666666667,0.5166666666666667,0.0,0.0,0.0
P0016,smooth_polynomial,1,SW2,0.0001,-0.04999999999999999,-0.049999999999999996,6.938893903907228e-18,4.81482486096809e-35,0.0
P0017,smooth_polynomial,1,SW2,0.0001,0.25,0.25,0.0,0.0,0.0
P0018,smooth_polynomial,1,SW2,0.0001,0.7,0.7,0.0,0.0,0.0
P0019,smooth_polynomial,1,SW2,0.0001,0.13333333333333336,0.13333333333333333,2.7755575615628914e-17,7.703719777548943e-34,0.0
P0020,smooth_polynomial,1,SW2,0.0001,0.4333333333333333,0.43333333333333335,5.551115123125783e-17,3.0814879110195774e-33,0.0
P0021,smooth_polynomial,1,SW2,0.0001,0.8833333333333333,0.8833333333333333,0.0,0.0,0.0
P0022,smooth_polynomial,1,SW2,0.0001,0.3,0.3,0.0,0.0,0.0
P0023,smooth_polynomial,1,SW2,0.0001,0.6,0.6,0.0,0.0,0.0
P0024,smooth_polynomial,1,SW2,0.0001,1.0499999999999998,1.05,2.220446049250313e-16,4.930380657631324e-32,0.0
P0025,smooth_polynomial,1,SW2,0.0001,-0.20555555555555555,-0.20555555555555555,0.0,0.0,0.0
P0026,smooth_polynomial,1,SW2,0.0001,0.09444444444444444,0.09444444444444444,0.0,0.0,0.0
P0027,smooth_polynomial,1,SW2,0.0001,0.5444444444444445,0.5444444444444445,0.0,0.0,0.0
P0028,smooth_polynomial,1,SW2,0.0001,0.0,-0.02222222222222222,0.02222222222222222,0.0004938271604938271,0.0
P0029,smooth_polynomial,1,SW2,0.0001,0.3,0.2777777777777778,0.0222222222222222,0.0004938271604938261,0.0
P0030,smooth_polynomial,1,SW2,0.0001,0.75,0.7277777777777777,0.022222222222222254,0.0004938271604938286,0.0
P0031,smooth_polynomial,1,SW2,0.0001,0.1611111111111111,0.1611111111111111,0.0,0.0,0.0
P0032,smooth_polynomial,1,SW2,0.0001,0.46111111111111114,0.4611111111111111,5.551115123125783e-17,3.0814879110195774e-33,0.0
P0033,smooth_polynomial,1,SW2,0.0001,0.911111111111111,0.9111111111111111,1.1102230246251565e-16,1.232595164407831e-32,0.0
P0034,smooth_polynomial,1,SW2,0.0001,0.3277777777777777,0.3277777777777778,5.551115123125783e-17,3.0814879110195774e-33,0.0
P0035,smooth_polynomial,1,SW2,0.0001,0.6277777777777778,0.6277777777777778,0.0,0.0,0.0
P0036,smooth_polynomial,1,SW2,0.0001,1.0777777777777777,1.0777777777777777,0.0,0.0,0.0
P0037,smooth_polynomial,2,SW2,0.0001,-0.622222222222222,-0.6222222222222221,1.1102230246251565e-16,1.232595164407831e-32,0.0
P0038,smooth_polynomial,2,SW2,0.0001,-0.3222222222222221,-0.32222222222222213,5.551115123125783e-17,3.0814879110195774e-33,0.0
P0039,smooth_polynomial,2,SW2,0.0001,0.12777777777777788,0.12777777777777788,0.0,0.0,0.0
P0040,smooth_polynomial,2,SW2,0.0001,-0.25555555555555554,-0.25555555555555554,0.0,0.0,0.0
P0041,smooth_polynomial,2,SW2,0.0001,0.04444444444444444,0.04444444444444445,1.3877787807814457e-17,1.925929944387236e-34,0.0
P0042,smooth_polynomial,2,SW2,0.0001,0.49444444444444446,0.49444444444444446,0.0,0.0,0.0
P0043,smooth_polynomial,2,SW2,0.0001,0.050000000000000044,0.11111111111111113,0.06111111111111109,0.003734567901234565,0.0
P0044,smooth_polynomial,2,SW2,0.0001,0.35000000000000003,0.4111111111111111,0.06111111111111106,0.0037345679012345616,0.0
P0045,smooth_polynomial,2,SW2,0.0001,0.8,0.8611111111111112,0.061111111111111116,0.0037345679012345686,0.0
P0046,smooth_polynomial,2,SW2,0.0001,0.4444444444444444,0.4444444444444444,0.0,0.0,0.0
P0047,smooth_polynomial,2,SW2,0.0001,0.7444444444444445,0.7444444444444445,0.0,0.0,0.0
P0048,smooth_polynomial,2,SW2,0.0001,1.1944444444444444,1.1944444444444444,0.0,0.0,0.0
P0049,smooth_polynomial,2,SW2,0.0001,-0.4666666666666666,-0.4666666666666666,0.0,0.0,0.0
P0050,smooth_polynomial,2,SW2,0.0001,-0.16666666666666663,-0.16666666666666663,0.0,0.0,0.0
P0051,smooth_polynomial,2,SW2,0.0001,0.2833333333333333,0.2833333333333334,5.551115123125783e-17,3.0814879110195774e-33,0.0
P0052,smooth_polynomial,2,SW2,0.0001,-0.09999999999999998,-0.09999999999999999,1.3877787807814457e-17,1.925929944387236e-34,0.0
P0053,smooth_polynomial,2,SW2,0.0001,0.19999999999999996,0.2,5.551115123125783e-17,3.0814879110195774e-33,0.0
P0054,smooth_polynomial,2,SW2,0.0001,0.6499999999999999,0.65,1.1102230246251565e-16,1.232595164407831e-32,0.0
P0055,smooth_polynomial,2,SW2,0.0001,0.2666666666666667,0.26666666666666666,5.551115123125783e-17,3.0814879110195774e-33,0.0
P0056,smooth_polynomial,2,SW2,0.0001,0.5666666666666667,0.5666666666666667,0.0,0.0,0.0
P0057,smooth_polynomial,2,SW2,0.0001,1.0166666666666666,1.0166666666666666,0.0,0.0,0.0
P0058,smooth_polynomial,2,SW2,0.0001,0.6,0.6,0.0,0.0,0.0
P0059,smooth_polynomial,2,SW2,0.0001,0.8999999999999999,0.8999999999999999,0.0,0.0,0.0
P0060,smooth_polynomial,2,SW2,0.0001,1.3499999999999999,1.35,2.220446049250313e-16,4.930380657631324e-32,0.0
P0061,smooth_polynomial,2,SW2,0.0001,-0.3555555555555555,-0.3555555555555555,0.0,0.0,0.0
P0062,smooth_polynomial,2,SW2,0.0001,-0.055555555555555525,-0.055555555555555525,0.0,0.0,0.0
P0063,smooth_polynomial,2,SW2,0.0001,0.3944444444444444,0.3944444444444445,1.1102230246251565e-16,1.232595164407831e-32,0.0
P0064,smooth_polynomial,2,SW2,0.0001,0.011111111111111115,0.011111111111111113,1.734723475976807e-18,3.009265538105056e-36,0.0
P0065,smooth_polynomial,2,SW2,0.0001,0.3111111111111111,0.3111111111111111,0.0,0.0,0.0
P0066,smooth_polynomial,2,SW2,0.0001,0.7611111111111111,0.7611111111111111,0.0,0.0,0.0
P0067,smooth_polynomial,2,SW2,0.0001,0.37777777777777777,0.37777777777777777,0.0,0.0,0.0
P0068,smooth_polynomial,2,SW2,0.0001,0.6777777777777777,0.6777777777777778,1.1102230246251565e-16,1.232595164407831e-32,0.0
P0069,smooth_polynomial,2,SW2,0.0001,1.1277777777777775,1.1277777777777778,2.220446049250313e-16,4.930380657631324e-32,0.0
P0070,smooth_polynomial,2,SW2,0.0001,0.711111111111111,0.711111111111111,0.0,0.0,0.0
P0071,smooth_polynomial,2,SW2,0.0001,1.011111111111111,1.011111111111111,0.0,0.0,0.0
P0072,smooth_polynomial,2,SW2,0.0001,1.4611111111111108,1.461111111111111,2.220446049250313e-16,4.930380657631324e-32,0.0
P0073,sinusoid,1,SW2,0.0001,0.5747245511594946,0.5750459360222461,0.0003213848627514615,1.0328823000577574e-07,0.0
P0074,sinusoid,1,SW2,0.0001,0.7296984105471538,0.730415500617587,0.0007170900704331906,5.142181691138783e-07,0.0
P0075,sinusoid,1,SW2,0.0001,0.8955419570571956,0.8963605256140483,0.0008185685568526946,6.700544822679031e-07,0.0
P0076,sinusoid,1,SW2,0.0001,0.9253464671033289,0.9261899555312407,0.0008434884279118204,7.114727280211543e-07,0.0
P0077,sinusoid,1,SW2,0.0001,0.6283496212491353,0.6390576474687264,0.010708026219591105,0.00011466182551945056,0.0
P0078,sinusoid,1,SW2,0.0001,0.771745238978685,0.7844097681841611,0.012664529205476116,0.0001603902999963575,0.0
P0079,sinusoid,1,SW2,0.0001,0.9154257102231858,0.9232342443900284,0.007808534166842684,6.0973205834749575e-05,0.0
P0080,sinusoid,1,SW2,0.0001,0.8868835780392895,0.9005180993532904,0.013634521314000891,0.0001859001714619446,0.0
P0081,sinusoid,1,SW2,0.0001,0.6514104813958048,0.7000858306332174,0.04867534923741257,0.00236928962338408,0.0
P0082,sinusoid,1,SW2,0.0001,0.787656006667072,0.8323019291604284,0.044645922493356416,0.001993258395282788,0.0
P0083,sinusoid,1,SW2,0.0001,0.8552766828604776,0.9410273310610535,0.08575064820057587,0.007353173666818927,0.0
P0084,sinusoid,1,SW2,0.0001,0.8085515543724942,0.8662529935510221,0.05770143917852799,0.003329456083273365,0.0
P0085,sinusoid,1,SW2,0.0001,0.6440472120416886,0.764503363531613,0.12045615148992439,0.014509684431763615,0.0
P0086,sinusoid,1,SW2,0.0001,0.7745751437461962,0.8782525822748479,0.10367743852865174,0.010749011259862362,0.0
P0087,sinusoid,1,SW2,0.0001,0.8356245445214513,0.9497626892323064,0.11413814471085515,0.013027516078036112,0.0
P0088,sinusoid,1,SW2,0.0001,0.6982032296752778,0.8175214687028707,0.11931823902759287,0.014236842164645784,0.0
P0089,sinusoid,1,SW2,0.0001,0.6031673120415622,0.8215127058347615,0.2183453937931994,0.04767471099070732,0.0
P0090,sinusoid,1,SW2,0.0001,0.6685770565034996,0.913609165108942,0.24503210860544233,0.060040734247629284,0.0
P0091,sinusoid,1,SW2,0.0001,0.6902897325032366,0.9459011273494009,0.25561139484616435,0.06533718517520173,0.0
P0092,sinusoid,1,SW2,0.0001,0.6613937528818804,0.7598968261006515,0.09850307321877105,0.009702855433542571,0.0
P0093,sinusoid,1,SW2,0.0001,0.5374287413955245,0.8695171441101668,0.33208840271464224,0.1102827072175624,0.0
P0094,sinusoid,1,SW2,0.0001,0.5715868462715777,0.9373814131120659,0.36579456684048817,0.13380566513002037,0.0
P0095,sinusoid,1,SW2,0.0001,0.6225979847119514,0.9295507997512531,0.3069528150393017,0.09422003066055178,0.0
P0096,sinusoid,1,SW2,0.0001,0.6703389074645799,0.6949930124620182,0.024654104997438253,0.0006078248932247099,0.0
P0097,sinusoid,2,SW2,0.0001,0.6476470335944968,0.6479899910323624,0.0003429574378656097,1.1761980418734355e-07,0.0
P0098,sinusoid,2,SW2,0.0001,0.7909035977512162,0.7916505965928816,0.0007469988416654028,5.580072694494535e-07,0.0
P0099,sinusoid,2,SW2,0.0001,0.9255002846458042,0.9263431321527904,0.0008428475069861552,7.103919200327769e-07,0.0
P0100,sinusoid,2,SW2,0.0001,0.895314849216374,0.8961339865207938,0.000819137304419737,6.709859234920328e-07,0.0
P0101,sinusoid,2,SW2,0.0001,0.7524839212114831,0.764503363531613,0.012019442320129858,0.00014446699368692863,0.0
P0102,sinusoid,2,SW2,0.0001,0.8640362069268601,0.8782525822748479,0.014216375347987809,0.00020210532803487547,0.0
P0103,sinusoid,2,SW2,0.0001,0.9322652283716057,0.9497626892323064,0.017497460860700698,0.0003061611365717528,0.0
P0104,sinusoid,2,SW2,0.0001,0.8052737801248837,0.8175214687028707,0.01224768857798697,0.0001500058755033525,0.0
P0105,sinusoid,2,SW2,0.0001,0.8008643950419098,0.8584384631108883,0.05757406806897858,0.003314773314011379,0.0
P0106,sinusoid,2,SW2,0.0001,0.8821293423374005,0.9325665474142472,0.05043720507684668,0.0025439116559638885,0.0
P0107,sinusoid,2,SW2,0.0001,0.8552766828604776,0.9347900511762953,0.07951336831581768,0.006322375740926879,0.0
P0108,sinusoid,2,SW2,0.0001,0.6629299337151026,0.7118049992277586,0.04887506551265608,0.0023887720288664235,0.0
P0109,sinusoid,2,SW2,0.0001,0.7874733222259546,0.9279754323328191,0.14050211010686453,0.019740842944481484,0.0
P0110,sinusoid,2,SW2,0.0001,0.8378884589412632,0.9492985900688871,0.11141013112762388,0.012412217317874348,0.0
P0111,sinusoid,2,SW2,0.0001,0.7670014157444563,0.8724546351889504,0.10545321944449404,0.011120381491208616,0.0
P0112,sinusoid,2,SW2,0.0001,0.47206657019692466,0.5694513006537083,0.09738473045678364,0.009483785726140403,0.0
P0113,sinusoid,2,SW2,0.0001,0.7061205843717574,0.9499013075636804,0.243780723191923,0.05942904099997699,0.0
P0114,sinusoid,2,SW2,0.0001,0.6685770565034996,0.9160473958699,0.2474703393664004,0.06124156886612138,0.0
P0115,sinusoid,2,SW2,0.0001,0.5472745172362786,0.7686846617394372,0.22141014450315855,0.04902245208890955,0.0
P0116,sinusoid,2,SW2,0.0001,0.35652930231532026,0.4193713352114835,0.06284203289616325,0.0039491210985224635,0.0
P0117,sinusoid,2,SW2,0.0001,0.5748024010083966,0.9217768952713512,0.34697449426295457,0.1203912996690331,0.0
P0118,sinusoid,2,SW2,0.0001,0.4981278753672809,0.836512069047858,0.3383841936805771,0.11450386253285431,0.0
P0119,sinusoid,2,SW2,0.0001,0.38627038829863025,0.6350242559949993,0.2487538676963691,0.061878486693902696,0.0
P0120,sinusoid,2,SW2,0.0001,0.3295029912039918,0.2782610877661441,0.05124190343784768,0.0026257326679337057,0.0
P0121,smooth_edge,1,SW2,0.0001,0.7796650439044988,0.7968410695441766,0.017176025639677794,0.00029501585677486897,0.0
P0122,smooth_edge,1,SW2,0.0001,0.9176652749192651,0.9682213690407698,0.05055609412150475,0.0025559186528224466,0.0
P0123,smooth_edge,1,SW2,0.0001,0.9917921926917964,0.9997254218438986,0.00793322915210215,6.293612477976341e-05,0.0
P0124,smooth_edge,1,SW2,0.0001,0.999969196447736,0.9999999950965821,3.079864884614203e-05,9.485567707479658e-10,0.0
P0125,smooth_edge,1,SW2,0.0001,0.6786673177954563,0.7040516276171624,0.02538430982170614,0.0006443631851243669,0.0
P0126,smooth_edge,1,SW2,0.0001,0.7774989598216872,0.8972159750827483,0.11971701526106115,0.01433216374301715,0.0
P0127,smooth_edge,1,SW2,0.0001,0.8749415826857877,0.9945137011005495,0.11957211841476179,0.014297491502193815,0.0
P0128,smooth_edge,1,SW2,0.0001,0.9681608686393482,0.9999946227781964,0.03183375413884815,0.0010133879025726316,0.0
P0129,smooth_edge,1,SW2,0.0001,0.5675369023529923,0.5906532827008858,0.02311638034789354,0.0005343670403884786,0.0
P0130,smooth_edge,1,SW2,0.0001,0.5310263883346942,0.7143624294910559,0.1833360411563617,0.03361210398688715,0.0
P0131,smooth_edge,1,SW2,0.0001,0.4116435017147342,0.9002495108803148,0.4886060091655806,0.23873583219271544,0.0
P0132,smooth_edge,1,SW2,0.0001,0.33026055285946654,0.9941376978036617,0.6638771449441951,0.4407328635792559,0.0
P0133,smooth_edge,1,SW2,0.0001,0.4604021918916069,0.4667159617488687,0.006313769857261786,3.9863689810467517e-05,0.0
P0134,smooth_edge,1,SW2,0.0001,0.38446431885428656,0.4174297935376853,0.03296547468339872,0.001086722521101802,0.0
P0135,smooth_edge,1,SW2,0.0001,0.32591570586644225,0.31002551887238744,0.01589018699405481,0.0002524980427060287,0.0
P0136,smooth_edge,1,SW2,0.0001,0.3209962097467857,0.1339278883240735,0.1870683214227122,0.03499455687991117,0.0
P0137,smooth_edge,1,SW2,0.0001,0.36197968984055895,0.34675509928171655,0.015224590558842399,0.0002317881576843931,0.0
P0138,smooth_edge,1,SW2,0.0001,0.3050265060471701,0.1703239186438458,0.13470258740332428,0.018144787053150216,0.0
P0139,smooth_edge,1,SW2,0.0001,0.3174489134919287,0.02188127093613046,0.29556764255579826,0.08736023132599213,0.0
P0140,smooth_edge,1,SW2,0.0001,0.32097345349365936,0.0001409919630903207,0.32083246153056905,0.10293346837176406,0.0
P0141,smooth_edge,1,SW2,0.0001,0.27061110733054894,0.2435464707695958,0.027064636560953148,0.0007324945521764818,0.0
P0142,smooth_edge,1,SW2,0.0001,0.21439141220745914,0.05554926015761178,0.15884215204984736,0.02523082926782683,0.0
P0143,smooth_edge,1,SW2,0.0001,0.2574861461610064,0.0011125360328603216,0.2563736101281461,0.06572742797013864,0.0
P0144,smooth_edge,1,SW2,0.0001,0.3061396975761879,1.2858614151064257e-07,0.3061395689900464,0.09372143570141138,0.0
P0145,smooth_edge,1,SW2,0.0001,0.18647288303457646,0.16337423951337943,0.023098643521197032,0.0005335473325193376,0.0
P0146,smooth_edge,1,SW2,0.0001,0.07267489253562241,0.016571944094738476,0.05610294844088394,0.0031475408237604816,0.0
P0147,smooth_edge,1,SW2,0.0001,0.031252795906481,5.5448524722794907e-05,0.031197347381758205,0.0009732744836580956,0.0
P0148,smooth_edge,1,SW2,0.0001,0.0032830930562363896,1.1725539852746633e-10,0.003283092938980991,1.0778699245986841e-05,0.0
P0149,smooth_edge,2,SW2,0.0001,0.8696401719673195,0.8842526814109779,0.014612509443658439,0.00021352543224100707,0.0
P0150,smooth_edge,2,SW2,0.0001,0.9664232406500063,0.9938389829390936,0.027415742289087275,0.0007516229252616484,0.0
P0151,smooth_edge,2,SW2,0.0001,0.9967168250760122,0.9999949695696981,0.0032781444936859083,1.0746231321483241e-05,0.0
P0152,smooth_edge,2,SW2,0.0001,0.9999876788631807,0.9999999999995663,1.2321136385606835e-05,1.5181040183272464e-10,0.0
P0153,smooth_edge,2,SW2,0.0001,0.7975790070789303,0.8224934972879262,0.024914490208995943,0.0006207318223741547,0.0
P0154,smooth_edge,2,SW2,0.0001,0.9034224269592919,0.9788208895449324,0.07539846258564054,0.005684928160278236,0.0
P0155,smooth_edge,2,SW2,0.0001,0.9509133448794514,0.9998989708060922,0.0489856259266408,0.002399591547424783,0.0
P0156,smooth_edge,2,SW2,0.0001,0.9872661795282534,0.9999999995245059,0.01273381999625256,0.00016215017169696154,0.0
P0157,smooth_edge,2,SW2,0.0001,0.7115829137941796,0.7375616214876249,0.025978707693445346,0.0006748932534214764,0.0
P0158,smooth_edge,2,SW2,0.0001,0.762862025738304,0.9297812081694472,0.16691918243114323,0.027862013463481276,0.0
P0159,smooth_edge,2,SW2,0.0001,0.7165626439997426,0.9979746796109501,0.28141203561120753,0.07919273378684354,0.0
P0160,smooth_edge,2,SW2,0.0001,0.6828075792903432,0.9999994785576881,0.3171918992673449,0.10061070096082549,0.0
P0161,smooth_edge,2,SW2,0.0001,0.6189883857672136,0.6302602229177513,0.0112718371505377,0.00012705431274824186,0.0
P0162,smooth_edge,2,SW2,0.0001,0.6806467380670285,0.791391472673955,0.11074473460692658,0.012264396243158601,0.0
P0163,smooth_edge,2,SW2,0.0001,0.6806394588563772,0.9608342772032357,0.28019481834685844,0.078509136228429,0.0
P0164,smooth_edge,2,SW2,0.0001,0.6790158179242134,0.9994284955764196,0.32041267765220616,0.10266428400025657,0.0
P0165,smooth_edge,2,SW2,0.0001,0.5188483327088167,0.5083325618141193,0.010515770894697352,0.00011058143750976394,0.0
P0166,smooth_edge,2,SW2,0.0001,0.5940721829411562,0.5208212853727429,0.0732508975684133,0.005365693994578177,0.0
P0167,smooth_edge,2,SW2,0.0001,0.6698445655837145,0.5498339973124777,0.1200105682712368,0.014402536496785188,0.0
P0168,smooth_edge,2,SW2,0.0001,0.6789776036617505,0.6145944982675491,0.06438310539420145,0.004145184260200851,0.0
P0169,smooth_edge,2,SW2,0.0001,0.410234277759595,0.3854055017324505,0.024828776027144506,0.0006164681190061058,0.0
P0170,smooth_edge,2,SW2,0.0001,0.4258954022166518,0.23745802834390245,0.18843737387274934,0.035508643872058314,0.0
P0171,smooth_edge,2,SW2,0.0001,0.5283395007106717,0.05732417589886871,0.47101532481180297,0.22185543620756826,0.0
P0172,smooth_edge,2,SW2,0.0001,0.6428441997452473,0.0014520391100099098,0.6413921606352374,0.4113839037243382,0.0
P0173,smooth_edge,2,SW2,0.0001,0.29972781532462844,0.2755454045751979,0.02418241074943056,0.0005847889896541747,0.0
P0174,smooth_edge,2,SW2,0.0001,0.17815535755175116,0.0819105771553252,0.09624478039642596,0.009263057753556259,0.0
P0175,smooth_edge,2,SW2,0.0001,0.07838495814202492,0.003018416324708427,0.0753665418173165,0.005680115625501317,0.0
P0176,smooth_edge,2,SW2,0.0001,0.008207756169797829,1.326011943142785e-06,0.008206430157854687,6.73454959357469e-05,0.0
P0177,hard_step,1,SW2,0.0001,1.0,1.0,0.0,0.0,0.0
P0178,hard_step,1,SW2,0.0001,1.0,1.0,0.0,0.0,0.0
P0179,hard_step,1,SW2,0.0001,0.32098765432098764,1.0,0.6790123456790124,0.46105776558451456,0.0
P0180,hard_step,1,SW2,0.0001,0.32098765432098764,1.0,0.6790123456790124,0.46105776558451456,0.0
P0181,hard_step,1,SW2,0.0001,0.32098765432098764,0.0,0.32098765432098764,0.10303307422648986,0.0
P0182,hard_step,1,SW2,0.0001,0.32098765432098764,0.0,0.32098765432098764,0.10303307422648986,0.0
P0183,hard_step,1,SW2,0.0001,0.32098765432098764,0.0,0.32098765432098764,0.10303307422648986,0.0
P0184,hard_step,1,SW2,0.0001,0.32098765432098764,0.0,0.32098765432098764,0.10303307422648986,0.0
P0185,hard_step,1,SW2,0.0001,0.0,0.0,0.0,0.0,0.0
P0186,hard_step,2,SW2,0.0001,1.0,1.0,0.0,0.0,0.0
P0187,hard_step,2,SW2,0.0001,1.0,1.0,0.0,0.0,0.0
P0188,hard_step,2,SW2,0.0001,0.6790123456790124,1.0,0.32098765432098764,0.10303307422648986,0.0
P0189,hard_step,2,SW2,0.0001,0.6790123456790124,1.0,0.32098765432098764,0.10303307422648986,0.0
P0190,hard_step,2,SW2,0.0001,0.6790123456790124,1.0,0.32098765432098764,0.10303307422648986,0.0
P0191,hard_step,2,SW2,0.0001,0.6790123456790124,1.0,0.32098765432098764,0.10303307422648986,0.0
P0192,hard_step,2,SW2,0.0001,0.6790123456790124,0.0,0.6790123456790124,0.46105776558451456,0.0
P0193,hard_step,2,SW2,0.0001,0.6790123456790124,0.0,0.6790123456790124,0.46105776558451456,0.0
P0194,hard_step,2,SW2,0.0001,0.0,0.0,0.0,0.0,0.0
P0195,kink,1,SW2,0.0001,0.43038219354098345,0.4533333333333333,0.02295113979234986,0.0005267548177679852,0.0
P0196,kink,1,SW2,0.0001,-0.13234004544564057,-0.13333333333333333,0.000993287887692762,9.86620827837149e-07,0.0
P0197,kink,1,SW2,0.0001,0.2841371827558217,0.29333333333333333,0.009196150577511608,8.456918544426709e-05,0.0
P0198,kink,1,SW2,0.0001,0.19979945918889588,0.15583333333333332,0.04396612585556256,0.0019330202227471666,0.0
P0199,kink,1,SW2,0.0001,-0.12060572257168943,-0.04583333333333333,0.07477238923835611,0.005590910192412232,0.0
P0200,kink,1,SW2,0.0001,0.18061451035553752,0.10083333333333333,0.07978117702220419,0.006365036207048282,0.0
P0201,kink,1,SW2,0.0001,0.07938650562814292,-0.014000000000000004,0.09338650562814292,0.00872103943343517,0.0
P0202,kink,1,SW2,0.0001,-0.19205534574250233,-0.07583333333333335,0.11622201240916898,0.013507556168437027,0.0
P0203,kink,1,SW2,0.0001,0.2025,0.05250000000000001,0.15,0.0225,0.0
P0204,kink,1,SW2,0.0001,-0.01228256967925497,-0.05,0.03771743032074503,0.0014226045500002565,0.0
P0205,kink,1,SW2,0.0001,-0.3163859160846598,-0.27083333333333337,0.045552582751326454,0.0020750377953164443,0.0
P0206,kink,1,SW2,0.0001,0.2418573588509748,0.1875,0.05435735885097481,0.0029547224612536498,0.0
P0207,kink,1,SW2,0.0001,-0.0920527867412086,-0.09200000000000001,5.278674120859361e-05,2.786440047423035e-09,0.0
P0208,kink,1,SW2,0.0001,-0.4893250447407401,-0.49833333333333346,0.009008288592593339,8.114926336744728e-05,0.0
P0209,kink,1,SW2,0.0001,0.34226230235312066,0.3450000000000001,0.0027376976468794223,7.494988405729126e-06,0.0
P0210,kink,2,SW2,0.0001,0.7198346940897632,0.7366666666666667,0.016831972576903498,0.00028331530082963135,0.0
P0211,kink,2,SW2,0.0001,-0.21602810819275353,-0.21666666666666667,0.0006385584739131422,4.0775692460628115e-07,0.0
P0212,kink,2,SW2,0.0001,0.4705534470398424,0.47666666666666674,0.006113219626824318,3.737145420579005e-05,0.0
P0213,kink,2,SW2,0.0001,0.4514122416160363,0.4391666666666666,0.01224557494936973,0.00014995410584063147,0.0
P0214,kink,2,SW2,0.0001,-0.15902082506146056,-0.12916666666666665,0.02985415839479391,0.0008912707734614438,0.0
P0215,kink,2,SW2,0.0001,0.31518861757661004,0.2841666666666667,0.031021950909943363,0.0009623614382589359,0.0
P0216,kink,2,SW2,0.0001,0.25410423827513057,0.18416666666666662,0.06993757160846395,0.0048912639224890225,0.0
P0217,kink,2,SW2,0.0001,-0.14136813287475355,-0.054166666666666655,0.0872014662080869,0.007604095708840122,0.0
P0218,kink,2,SW2,0.0001,0.2161708042753801,0.11916666666666664,0.09700413760871346,0.009409802713210217,0.0
P0219,kink,2,SW2,0.0001,0.08712227109410103,-0.010000000000000004,0.09712227109410104,0.009432735542476055,0.0
P0220,kink,2,SW2,0.0001,-0.17254869702918005,-0.05416666666666669,0.11838203036251335,0.014014305112751034,0.0
P0221,kink,2,SW2,0.0001,0.1745391471271246,0.03750000000000002,0.13703914712712456,0.01877972784532969,0.0
P0222,kink,2,SW2,0.0001,-0.0520824457485652,-0.05200000000000001,8.244574856518944e-05,6.797301456474436e-09,0.0
P0223,kink,2,SW2,0.0001,-0.2683414495018619,-0.28166666666666673,0.013325217164804837,0.00017756141248920945,0.0
P0224,kink,2,SW2,0.0001,0.19078722230441128,0.19500000000000006,0.004212777695588782,1.7747495912450327e-05,0.0
P0225,thin_feature,1,SW2,0.0001,0.36935099748204536,8.364834722972767e-05,0.3692673491348156,0.13635837513705382,0.0
P0226,thin_feature,1,SW2,0.0001,0.5218712819634519,0.0551441169483479,0.466727165015104,0.2178342465630361,0.0
P0227,thin_feature,1,SW2,0.0001,0.5770625929082074,0.3523219549954969,0.22474063791271048,0.05050835432941204,0.0
P0228,thin_feature,1,SW2,0.0001,0.08243175105477339,0.4111122905071876,0.3286805394524142,0.10803089701473001,0.0
P0229,thin_feature,1,SW2,0.0001,0.328494172474354,0.7600672046071238,0.4315730321327699,0.18625528206427283,0.0
P0230,thin_feature,1,SW2,0.0001,0.4974551291015171,0.9059551911095096,0.4085000620079925,0.1668723006605337,0.0
P0231,thin_feature,1,SW2,0.0001,3.726653172078671e-06,0.24935220877729616,0.24934848212412408,0.062174665537604624,0.0
P0232,thin_feature,1,SW2,0.0001,0.02110965645367106,0.651375231630207,0.630265575176536,0.3972346952526098,0.0
P0233,thin_feature,1,SW2,0.0001,0.24935220877729616,0.8569968914352788,0.6076446826579827,0.36923206036252043,0.0
P0234,thin_feature,1,SW2,0.0001,0.03499618916095606,1.8664469113520537e-05,0.03497752469184254,0.0012234272335684543,0.0
P0235,thin_feature,1,SW2,0.0001,0.13947024551629142,0.0347085864128538,0.10476165910343763,0.010975005218104876,0.0
P0236,thin_feature,1,SW2,0.0001,0.22811453722611086,0.29823409618142144,0.07011955895531058,0.004916752548087276,0.0
P0237,thin_feature,1,SW2,0.0001,0.15678258258391561,1.7241209390354996e-13,0.1567825825837432,0.024580778201628257,0.0
P0238,thin_feature,1,SW2,0.0001,0.22152375212740535,0.00011499237699560167,0.22140875975040974,0.049021838894214666,0.0
P0239,thin_feature,1,SW2,0.0001,0.2458519750383237,0.03818043380053571,0.207671541237788,0.04312746904007828,0.0
P0240,thin_feature,2,SW2,0.0001,0.15678258258391575,1.724120939035518e-13,0.15678258258374334,0.0245807782016283,0.0
P0241,thin_feature,2,SW2,0.0001,0.22152375212740544,0.00011499237699560208,0.22140875975040983,0.0490218388942147,0.0
P0242,thin_feature,2,SW2,0.0001,0.2458519750383237,0.03818043380053579,0.20767154123778792,0.04312746904007825,0.0
P0243,thin_feature,2,SW2,0.0001,0.03499618916095603,1.8664469113520635e-05,0.03497752469184251,0.0012234272335684524,0.0
P0244,thin_feature,2,SW2,0.0001,0.13947024551629136,0.03470858641285385,0.10476165910343752,0.010975005218104853,0.0
P0245,thin_feature,2,SW2,0.0001,0.2281145372261108,0.29823409618142166,0.07011955895531086,0.004916752548087315,0.0
P0246,thin_feature,2,SW2,0.0001,3.726653172078671e-06,0.24935220877729639,0.2493484821241243,0.062174665537604736,0.0
P0247,thin_feature,2,SW2,0.0001,0.02110965645367106,0.6513752316302073,0.6302655751765363,0.39723469525261007,0.0
P0248,thin_feature,2,SW2,0.0001,0.24935220877729616,0.8569968914352789,0.6076446826579828,0.3692320603625206,0.0
P0249,thin_feature,2,SW2,0.0001,0.08243175105477346,0.411112290507187,0.32868053945241354,0.10803089701472958,0.0
P0250,thin_feature,2,SW2,0.0001,0.3284941724743541,0.7600672046071234,0.4315730321327693,0.18625528206427233,0.0
P0251,thin_feature,2,SW2,0.0001,0.49745512910151723,0.9059551911095095,0.40850006200799227,0.16687230066053352,0.0
P0252,thin_feature,2,SW2,0.0001,0.3693509974820451,8.364834722972738e-05,0.36926734913481535,0.13635837513705362,0.0
P0253,thin_feature,2,SW2,0.0001,0.5218712819634518,0.055144116948347775,0.46672716501510403,0.21783424656303615,0.0
P0254,thin_feature,2,SW2,0.0001,0.5770625929082074,0.35232195499549673,0.22474063791271065,0.050508354329412114,0.0
P0255,mixed_frequency,1,SW2,0.0001,0.5020925715504171,0.49935542472536626,0.002737146825050829,7.4919727418858335e-06,0.0
P0256,mixed_frequency,1,SW2,0.0001,0.4342532620636462,0.45555610868671437,0.021302846623068195,0.000453811274245968,0.0
P0257,mixed_frequency,1,SW2,0.0001,0.2841061973049388,0.155213372665013,0.1288928246399258,0.016613360243658663,0.0
P0258,mixed_frequency,1,SW2,0.0001,0.681089433854919,0.7427118258953607,0.06162239204044162,0.0037973192007858827,0.0
P0259,mixed_frequency,1,SW2,0.0001,0.707194553736468,0.5406964779017696,0.16649807583469844,0.027721609256656995,0.0
P0260,mixed_frequency,1,SW2,0.0001,0.4754155509964745,0.4170475535071272,0.05836799748934729,0.0034068231309164515,0.0
P0261,mixed_frequency,1,SW2,0.0001,0.5190511436182752,0.47535988945488694,0.04369125416338826,0.001908925690369792,0.0
P0262,mixed_frequency,1,SW2,0.0001,0.5797675679130866,0.6686000035176052,0.08883243560451859,0.007891201615430943,0.0
P0263,mixed_frequency,1,SW2,0.0001,0.3781032405181619,0.28032091330418796,0.09778232721397395,0.00956138351538067,0.0
P0264,mixed_frequency,1,SW2,0.0001,0.48589215862965773,0.4747727588702795,0.011119399759378257,0.00012364105100886124,0.0
P0265,mixed_frequency,1,SW2,0.0001,0.527414746374204,0.4673856494865241,0.060029096887679934,0.003603492473150465,0.0
P0266,mixed_frequency,1,SW2,0.0001,0.5024856662764231,0.4334862851454516,0.06899938113097148,0.004760914596457063,0.0
P0267,mixed_frequency,1,SW2,0.0001,0.6953982781085941,0.6773719504742064,0.018026327634387718,0.0003249484879822903,0.0
P0268,mixed_frequency,1,SW2,0.0001,0.5623140091840358,0.4548365472979632,0.10747746188607266,0.0115514048134722,0.0
P0269,mixed_frequency,1,SW2,0.0001,0.682355284849083,0.6986226099788257,0.016267325129742716,0.00026462586687675885,0.0
P0270,mixed_frequency,1,SW2,0.0001,0.29627773589646766,0.23943781507349454,0.05683992082297312,0.0032307765991618537,0.0
P0271,mixed_frequency,1,SW2,0.0001,0.47719672989948647,0.4664184217464979,0.01077830815298858,0.00011617192664078011,0.0
P0272,mixed_frequency,1,SW2,0.0001,0.45697616949544057,0.4844869960552387,0.02751082655979814,0.0007568455780032948,0.0
P0273,mixed_frequency,1,SW2,0.0001,0.6803196547876429,0.7668339405122937,0.08651428572465081,0.0074847216344465185,0.0
P0274,mixed_frequency,1,SW2,0.0001,0.5479717744595094,0.6036770727120775,0.05570529825256809,0.0031030802534075656,0.0
P0275,mixed_frequency,1,SW2,0.0001,0.5330335552179202,0.5801958680494812,0.047162312831561026,0.002224283751622026,0.0
P0276,mixed_frequency,1,SW2,0.0001,0.4776673028810821,0.43425126660147423,0.043416036279607884,0.001884952206232228,0.0
P0277,mixed_frequency,1,SW2,0.0001,0.6103884573865563,0.6813224182546447,0.07093396086808834,0.005031626804435488,0.0
P0278,mixed_frequency,1,SW2,0.0001,0.276649156248242,0.29829739986517656,0.02164824361693457,0.00046864645169814837,0.0
P0279,mixed_frequency,1,SW2,0.0001,0.44994403515428744,0.45224178202853027,0.002297746874242834,5.279640698092715e-06,0.0
P0280,mixed_frequency,1,SW2,0.0001,0.5956428598225881,0.48763067251845843,0.1080121873041297,0.011666632606222398,0.0
P0281,mixed_frequency,1,SW2,0.0001,0.4852654046939194,0.5701012749830773,0.0848358702891579,0.007197124887718824,0.0
P0282,mixed_frequency,1,SW2,0.0001,0.5345989941251383,0.5623229858879404,0.027723991762802047,0.0007686197192639158,0.0
P0283,mixed_frequency,1,SW2,0.0001,0.5837133567716564,0.7666319644998695,0.1829186077282131,0.03345921705322791,0.0
P0284,mixed_frequency,1,SW2,0.0001,0.48397743665147797,0.5391611189168729,0.05518368226539494,0.003045238788368064,0.0
P0285,mixed_frequency,1,SW2,0.0001,0.6726218757692622,0.6887178293753018,0.016095953606039548,0.0002590797224877775,0.0
P0286,mixed_frequency,1,SW2,0.0001,0.3271612923215528,0.2988924441998043,0.028268848121748458,0.0007991277741304814,0.0
P0287,mixed_frequency,1,SW2,0.0001,0.4285082564167352,0.4271356910831181,0.0013725653336170707,1.8839355950473406e-06,0.0
P0288,mixed_frequency,1,SW2,0.0001,0.37597542459871275,0.2645103235299279,0.11146510106878482,0.012424468756274416,0.0
P0289,mixed_frequency,1,SW2,0.0001,0.5258220988531492,0.43919422396993496,0.08662787488321427,0.0075043887067818265,0.0
P0290,mixed_frequency,1,SW2,0.0001,0.3322286991781852,0.35253116173124965,0.02030246255306445,0.0004121899857185842,0.0
P0291,mixed_frequency,1,SW2,0.0001,0.3486278298102171,0.3719201334216269,0.02329230361140977,0.0005425314075260926,0.0
P0292,mixed_frequency,1,SW2,0.0001,0.5144028676238889,0.5405693019751132,0.026166434351224344,0.0006846822866569334,0.0
P0293,mixed_frequency,1,SW2,0.0001,0.509242768513464,0.5848295787523584,0.07558681023889446,0.005713365882090641,0.0
P0294,mixed_frequency,1,SW2,0.0001,0.5285165939024582,0.5409906345655865,0.012474040663128294,0.00015560169046537818,0.0
P0295,mixed_frequency,1,SW2,0.0001,0.5880387223675523,0.6740210161891979,0.08598229382164557,0.007392954850831791,0.0
P0296,mixed_frequency,1,SW2,0.0001,0.4803549377939637,0.43882666894757716,0.04152826884638655,0.0017245971133777597,0.0
P0297,mixed_frequency,1,SW2,0.0001,0.41934745502772347,0.4085314772238543,0.01081597780386917,0.00011698537585379056,0.0
P0298,mixed_frequency,1,SW2,0.0001,0.575462274755756,0.5515396754151357,0.023922599340620243,0.000572290759211844,0.0
P0299,mixed_frequency,1,SW2,0.0001,0.46241888952105226,0.45758380838567025,0.004835081135382002,2.3378009585726912e-05,0.0
P0300,mixed_frequency,1,SW2,0.0001,0.5966588593498958,0.6005499470896327,0.003891087739736898,1.5140563798330803e-05,0.0
P0301,mixed_frequency,1,SW2,0.0001,0.279204465537088,0.2456362579031397,0.0335682076339483,0.001126824563755865,0.0
P0302,mixed_frequency,1,SW2,0.0001,0.36185476147569523,0.3270528513166872,0.03480191015900802,0.0012111729507156656,0.0
P0303,mixed_frequency,1,SW2,0.0001,0.4736072086363094,0.4633290863928645,0.010278122243444876,0.00010563979685119632,0.0
P0304,mixed_frequency,1,SW2,0.0001,0.48532628005213957,0.4944074046768252,0.009081124624685633,8.246682444907178e-05,0.0
P0305,mixed_frequency,1,SW2,0.0001,0.5528739510948613,0.535141282,0.017732669094861264,0.0003144475532278478,0.0
P0306,mixed_frequency,1,SW2,0.0001,0.5405514645478273,0.4813603793968585,0.059191085150968825,0.003503584561349242,0.0
P0307,mixed_frequency,1,SW2,0.0001,0.446609963537115,0.44916240885229025,0.0025524453151752335,6.514977086959997e-06,0.0
P0308,mixed_frequency,1,SW2,0.0001,0.4241974439589858,0.3619738362318022,0.062223607727183605,0.0038717773585864234,0.0
P0309,mixed_frequency,1,SW2,0.0001,0.5252118033308333,0.5383224304502269,0.013110627119393592,0.0001718885434637787,0.0
P0310,mixed_frequency,1,SW2,0.0001,0.3165131078822563,0.3926499743554235,0.0761368664731672,0.005796822436352891,0.0
P0311,mixed_frequency,1,SW2,0.0001,0.42592526598579583,0.42040974436429945,0.005515521621496378,3.042097875719403e-05,0.0
P0312,mixed_frequency,1,SW2,0.0001,0.5838107062531751,0.6101470394713223,0.026336333218147212,0.0006936024473772843,0.0
P0313,mixed_frequency,1,SW2,0.0001,0.5435215827507318,0.5479313452317733,0.004409762481041524,1.9446005139201493e-05,0.0
P0314,mixed_frequency,1,SW2,0.0001,0.8361228669537025,0.8500388285880128,0.013915961634310303,0.00019365398820759628,0.0
P0315,mixed_frequency,1,SW2,0.0001,0.42682546879473404,0.41205449093146773,0.01477097786326631,0.00021818178703710337,0.0
P0316,mixed_frequency,1,SW2,0.0001,0.5852803291971959,0.6085826163686509,0.023302287171454994,0.000542996587420956,0.0
P0317,mixed_frequency,1,SW2,0.0001,0.43707317761246156,0.429892434580156,0.0071807430323055366,5.1563070496004515e-05,0.0
P0318,mixed_frequency,1,SW2,0.0001,0.4393301543728844,0.39204653808406975,0.04728361628881467,0.0022357403693478595,0.0
P0319,mixed_frequency,2,SW2,0.0001,0.6881167306246558,0.8140327948345307,0.1259160642098749,0.015854855226105337,0.0
P0320,mixed_frequency,2,SW2,0.0001,0.5538338516341581,0.5548865092370293,0.0010526576028712098,1.1080880288825615e-06,0.0
P0321,mixed_frequency,2,SW2,0.0001,0.31521105101146074,0.3967439560775554,0.08153290506609467,0.006647614608516807,0.0
P0322,mixed_frequency,2,SW2,0.0001,0.6295112488222102,0.6303496925970249,0.0008384437748146789,7.02987963525488e-07,0.0
P0323,mixed_frequency,2,SW2,0.0001,0.26328854346828745,0.276272829973252,0.012984286504964526,0.0001685916960430039,0.0
P0324,mixed_frequency,2,SW2,0.0001,0.4801890766059824,0.3680034887100495,0.11218558789593291,0.01258560613155609,0.0
P0325,mixed_frequency,2,SW2,0.0001,0.7044551119171697,0.6634508837330682,0.04100422818410154,0.0016813467289738674,0.0
P0326,mixed_frequency,2,SW2,0.0001,0.6146127691136422,0.6508270799207778,0.03621431080713566,0.001311476307235823,0.0
P0327,mixed_frequency,2,SW2,0.0001,0.511679141161562,0.5333568294057774,0.021677688244215454,0.0004699221676133969,0.0
P0328,mixed_frequency,2,SW2,0.0001,0.6017860033138952,0.6678860836431736,0.06610008032927839,0.004369220619537055,0.0
P0329,mixed_frequency,2,SW2,0.0001,0.4845234540776713,0.48087471401390125,0.0036487400637700285,1.331330405296051e-05,0.0
P0330,mixed_frequency,2,SW2,0.0001,0.3898184669032131,0.3476791051625945,0.04213936174061861,0.0017757258079067113,0.0
P0331,mixed_frequency,2,SW2,0.0001,0.3213553987241088,0.20720898854505576,0.11414641017905303,0.01302940295676462,0.0
P0332,mixed_frequency,2,SW2,0.0001,0.5803747261706401,0.6153000035934494,0.034925277422809264,0.0012197750030601905,0.0
P0333,mixed_frequency,2,SW2,0.0001,0.14207534349902798,0.0649946518336959,0.07708069166533207,0.005941433027605993,0.0
P0334,mixed_frequency,2,SW2,0.0001,0.4634795377120654,0.5226072573180978,0.05912771960603236,0.0034960872258095834,0.0
P0335,mixed_frequency,2,SW2,0.0001,0.4995519904084166,0.3957690317599277,0.10378295864848885,0.010770902505833948,0.0
P0336,mixed_frequency,2,SW2,0.0001,0.5935277821083549,0.7552761193165396,0.1617483372081847,0.026162524589612633,0.0
P0337,mixed_frequency,2,SW2,0.0001,0.3898811887950778,0.48475446913807674,0.09487328034299891,0.009000939323041263,0.0
P0338,mixed_frequency,2,SW2,0.0001,0.6537514886591635,0.6651371781040039,0.011385689444840308,0.000129633924134348,0.0
P0339,mixed_frequency,2,SW2,0.0001,0.6666105551128391,0.7408408381328755,0.07423028302003642,0.005510134917234708,0.0
P0340,mixed_frequency,2,SW2,0.0001,0.4984513211736603,0.5689577717014875,0.07050645052782722,0.004971159566032948,0.0
P0341,mixed_frequency,2,SW2,0.0001,0.41403001363725966,0.2574974214481519,0.15653259218910776,0.02450245241744152,0.0
P0342,mixed_frequency,2,SW2,0.0001,0.5233661678387891,0.5173737037104447,0.005992464128344421,3.590962632949467e-05,0.0
P0343,mixed_frequency,2,SW2,0.0001,0.3884756758272544,0.48324739685668694,0.09477172102943254,0.008981679106880587,0.0
P0344,mixed_frequency,2,SW2,0.0001,0.3540614857374999,0.270052112801759,0.0840093729357409,0.0070575747410563956,0.0
P0345,mixed_frequency,2,SW2,0.0001,0.5042080789079363,0.49531618841216574,0.008891890495770549,7.906571658877462e-05,0.0
P0346,mixed_frequency,2,SW2,0.0001,0.2561469610581029,0.16971157929838276,0.08643538175972015,0.0074710752199485635,0.0
P0347,mixed_frequency,2,SW2,0.0001,0.6428976364369702,0.6635927865275683,0.02069515009059808,0.00042828923727238175,0.0
P0348,mixed_frequency,2,SW2,0.0001,0.4343541434267614,0.3179991471566734,0.116354996270088,0.01353848515701219,0.0
P0349,mixed_frequency,2,SW2,0.0001,0.5960227962351449,0.6303959865910851,0.03437319035594022,0.0011815162152457018,0.0
P0350,mixed_frequency,2,SW2,0.0001,0.4403897896744121,0.35492709939749145,0.08546269027692066,0.007303871429368869,0.0
P0351,mixed_frequency,2,SW2,0.0001,0.42422350908249,0.3906606716516097,0.03356283743088029,0.0011264640564116989,0.0
P0352,mixed_frequency,2,SW2,0.0001,0.4300172161785354,0.4275323977379478,0.002484818440587566,6.174322682684024e-06,0.0
P0353,mixed_frequency,2,SW2,0.0001,0.5070370127171618,0.6041255480496204,0.09708853533245854,0.00942618369300205,0.0
P0354,mixed_frequency,2,SW2,0.0001,0.4608968943685494,0.4412332367188725,0.019663657649676924,0.0003866594321636978,0.0
P0355,mixed_frequency,2,SW2,0.0001,0.5168355714596442,0.609299498114648,0.0924639266550038,0.008549577732461924,0.0
P0356,mixed_frequency,2,SW2,0.0001,0.7143656308481775,0.7689757838647319,0.054610153016554364,0.002982268812491482,0.0
P0357,mixed_frequency,2,SW2,0.0001,0.4737774405608734,0.5332989647948638,0.05952152423399043,0.00354281184713751,0.0
P0358,mixed_frequency,2,SW2,0.0001,0.4487164353649452,0.41575437560416867,0.03296205976077654,0.001086497383673004,0.0
P0359,mixed_frequency,2,SW2,0.0001,0.13356178590947557,0.04017781537158405,0.09338397053789152,0.00872056595342179,0.0
P0360,mixed_frequency,2,SW2,0.0001,0.5646814718135994,0.5542356586168614,0.010445813196737985,0.00010911501334114545,0.0
P0361,mixed_frequency,2,SW2,0.0001,0.4332606939387451,0.6474451945759677,0.2141845006372226,0.04587500031321641,0.0
P0362,mixed_frequency,2,SW2,0.0001,0.5649694734835106,0.5504878096411179,0.014481663842392689,0.0002097185876440638,0.0
P0363,mixed_frequency,2,SW2,0.0001,0.3274254644335454,0.2947314072873603,0.03269405714618512,0.0010689013726780181,0.0
P0364,mixed_frequency,2,SW2,0.0001,0.7000228533528033,0.718965854204543,0.01894300085173961,0.00035883728126900763,0.0
P0365,mixed_frequency,2,SW2,0.0001,0.2504120690453318,0.2420960937654339,0.008315975279897914,6.915544485587318e-05,0.0
P0366,mixed_frequency,2,SW2,0.0001,0.3707363668231141,0.3304965060026291,0.04023986082048503,0.001619246398852006,0.0
P0367,mixed_frequency,2,SW2,0.0001,0.5436794155684102,0.3705258094086487,0.17315360615976144,0.029982171326129774,0.0
P0368,mixed_frequency,2,SW2,0.0001,0.629727750262421,0.6512758947908197,0.021548144528398705,0.00046432253261675905,0.0
P0369,mixed_frequency,2,SW2,0.0001,0.665375749344969,0.6719703535433057,0.006594604198336684,4.3488804532719824e-05,0.0
P0370,mixed_frequency,2,SW2,0.0001,0.44769505685399114,0.46107812920209956,0.013383072348108427,0.0001791066254747044,0.0
P0371,mixed_frequency,2,SW2,0.0001,0.6794843814211362,0.791170460656414,0.11168607923527785,0.012473780294948762,0.0
P0372,mixed_frequency,2,SW2,0.0001,0.5602564171254125,0.533951223416073,0.02630519370933948,0.0006919632160858733,0.0
P0373,mixed_frequency,2,SW2,0.0001,0.3531082211032864,0.31761767180206096,0.035490549301225416,0.0012595790897027119,0.0
P0374,mixed_frequency,2,SW2,0.0001,0.6012101459592967,0.6098001802240762,0.008590034264779556,7.378868867008684e-05,0.0
P0375,mixed_frequency,2,SW2,0.0001,0.6951669956649672,0.7417467047610486,0.046579709096081445,0.0021696692994755723,0.0
P0376,mixed_frequency,2,SW2,0.0001,0.4373722146855284,0.3436031187899571,0.09376909589557131,0.008792643345072848,0.0
P0377,mixed_frequency,2,SW2,0.0001,0.4970217057580454,0.5015638929582081,0.004542187200162751,2.0631464561322326e-05,0.0
P0378,mixed_frequency,2,SW2,0.0001,0.7254616269084674,0.7714303015145285,0.04596867460606113,0.0021131190450379297,0.0
P0379,mixed_frequency,2,SW2,0.0001,0.3286340564229391,0.33214085095807067,0.0035067945351315855,1.2297607911628752e-05,0.0
P0380,mixed_frequency,2,SW2,0.0001,0.5694088975462022,0.5278122067042186,0.041596690841983586,0.0017302846890035611,0.0
P0381,mixed_frequency,2,SW2,0.0001,0.5271445873843222,0.3212502519429321,0.20589433544139013,0.04239247736685168,0.0
P0382,mixed_frequency,2,SW2,0.0001,0.39149472590975704,0.2252611572341287,0.16623356867562833,0.02763359935463484,0.0
P0001,smooth_polynomial,1,SW2,0.001,-0.2722222222222222,-0.2722222222222222,0.0,0.0,0.0
P0002,smooth_polynomial,1,SW2,0.001,0.027777777777777846,0.02777777777777779,5.551115123125783e-17,3.0814879110195774e-33,0.0
P0003,smooth_polynomial,1,SW2,0.001,0.47777777777777786,0.4777777777777778,5.551115123125783e-17,3.0814879110195774e-33,0.0
P0004,smooth_polynomial,1,SW2,0.001,-0.08888888888888889,-0.08888888888888888,1.3877787807814457e-17,1.925929944387236e-34,0.0
P0005,smooth_polynomial,1,SW2,0.001,0.21111111111111108,0.2111111111111111,2.7755575615628914e-17,7.703719777548943e-34,0.0
P0006,smooth_polynomial,1,SW2,0.001,0.6611111111111111,0.6611111111111111,0.0,0.0,0.0
P0007,smooth_polynomial,1,SW2,0.001,0.050000000000000044,0.09444444444444444,0.0444444444444444,0.0019753086419753044,0.0
P0008,smooth_polynomial,1,SW2,0.001,0.35000000000000003,0.39444444444444443,0.0444444444444444,0.0019753086419753044,0.0
P0009,smooth_polynomial,1,SW2,0.001,0.8,0.8444444444444444,0.0444444444444444,0.0019753086419753044,0.0
P0010,smooth_polynomial,1,SW2,0.001,0.26111111111111107,0.2611111111111111,5.551115123125783e-17,3.0814879110195774e-33,0.0
P0011,smooth_polynomial,1,SW2,0.001,0.561111111111111,0.5611111111111111,1.1102230246251565e-16,1.232595164407831e-32,0.0
P0012,smooth_polynomial,1,SW2,0.001,1.011111111111111,1.011111111111111,0.0,0.0,0.0
P0013,smooth_polynomial,1,SW2,0.001,-0.23333333333333328,-0.2333333333333333,2.7755575615628914e-17,7.703719777548943e-34,0.0
P0014,smooth_polynomial,1,SW2,0.001,0.06666666666666667,0.06666666666666668,1.3877787807814457e-17,1.925929944387236e-34,0.0
P0015,smooth_polynomial,1,SW2,0.001,0.5166666666666667,0.5166666666666667,0.0,0.0,0.0
P0016,smooth_polynomial,1,SW2,0.001,-0.04999999999999999,-0.049999999999999996,6.938893903907228e-18,4.81482486096809e-35,0.0
P0017,smooth_polynomial,1,SW2,0.001,0.25,0.25,0.0,0.0,0.0
P0018,smooth_polynomial,1,SW2,0.001,0.7,0.7,0.0,0.0,0.0
P0019,smooth_polynomial,1,SW2,0.001,0.13333333333333336,0.13333333333333333,2.7755575615628914e-17,7.703719777548943e-34,0.0
P0020,smooth_polynomial,1,SW2,0.001,0.4333333333333333,0.43333333333333335,5.551115123125783e-17,3.0814879110195774e-33,0.0
P0021,smooth_polynomial,1,SW2,0.001,0.8833333333333333,0.8833333333333333,0.0,0.0,0.0
P0022,smooth_polynomial,1,SW2,0.001,0.3,0.3,0.0,0.0,0.0
P0023,smooth_polynomial,1,SW2,0.001,0.6,0.6,0.0,0.0,0.0
P0024,smooth_polynomial,1,SW2,0.001,1.0499999999999998,1.05,2.220446049250313e-16,4.930380657631324e-32,0.0
P0025,smooth_polynomial,1,SW2,0.001,-0.20555555555555555,-0.20555555555555555,0.0,0.0,0.0
P0026,smooth_polynomial,1,SW2,0.001,0.09444444444444444,0.09444444444444444,0.0,0.0,0.0
P0027,smooth_polynomial,1,SW2,0.001,0.5444444444444445,0.5444444444444445,0.0,0.0,0.0
P0028,smooth_polynomial,1,SW2,0.001,0.0,-0.02222222222222222,0.02222222222222222,0.0004938271604938271,0.0
P0029,smooth_polynomial,1,SW2,0.001,0.3,0.2777777777777778,0.0222222222222222,0.0004938271604938261,0.0
P0030,smooth_polynomial,1,SW2,0.001,0.75,0.7277777777777777,0.022222222222222254,0.0004938271604938286,0.0
P0031,smooth_polynomial,1,SW2,0.001,0.1611111111111111,0.1611111111111111,0.0,0.0,0.0
P0032,smooth_polynomial,1,SW2,0.001,0.46111111111111114,0.4611111111111111,5.551115123125783e-17,3.0814879110195774e-33,0.0
P0033,smooth_polynomial,1,SW2,0.001,0.911111111111111,0.9111111111111111,1.1102230246251565e-16,1.232595164407831e-32,0.0
P0034,smooth_polynomial,1,SW2,0.001,0.3277777777777777,0.3277777777777778,5.551115123125783e-17,3.0814879110195774e-33,0.0
P0035,smooth_polynomial,1,SW2,0.001,0.6277777777777778,0.6277777777777778,0.0,0.0,0.0
P0036,smooth_polynomial,1,SW2,0.001,1.0777777777777777,1.0777777777777777,0.0,0.0,0.0
P0037,smooth_polynomial,2,SW2,0.001,-0.622222222222222,-0.6222222222222221,1.1102230246251565e-16,1.232595164407831e-32,0.0
P0038,smooth_polynomial,2,SW2,0.001,-0.322222222222222,-0.32222222222222213,1.1102230246251565e-16,1.232595164407831e-32,0.0
P0039,smooth_polynomial,2,SW2,0.001,0.12777777777777788,0.12777777777777788,0.0,0.0,0.0
P0040,smooth_polynomial,2,SW2,0.001,-0.25555555555555554,-0.25555555555555554,0.0,0.0,0.0
P0041,smooth_polynomial,2,SW2,0.001,0.04444444444444443,0.04444444444444445,2.0816681711721685e-17,4.333342374871281e-34,0.0
P0042,smooth_polynomial,2,SW2,0.001,0.49444444444444446,0.49444444444444446,0.0,0.0,0.0
P0043,smooth_polynomial,2,SW2,0.001,0.050000000000000044,0.11111111111111113,0.06111111111111109,0.003734567901234565,0.0
P0044,smooth_polynomial,2,SW2,0.001,0.35000000000000003,0.4111111111111111,0.06111111111111106,0.0037345679012345616,0.0
P0045,smooth_polynomial,2,SW2,0.001,0.8,0.8611111111111112,0.061111111111111116,0.0037345679012345686,0.0
P0046,smooth_polynomial,2,SW2,0.001,0.4444444444444444,0.4444444444444444,0.0,0.0,0.0
P0047,smooth_polynomial,2,SW2,0.001,0.7444444444444445,0.7444444444444445,0.0,0.0,0.0
P0048,smooth_polynomial,2,SW2,0.001,1.1944444444444444,1.1944444444444444,0.0,0.0,0.0
P0049,smooth_polynomial,2,SW2,0.001,-0.46666666666666656,-0.4666666666666666,5.551115123125783e-17,3.0814879110195774e-33,0.0
P0050,smooth_polynomial,2,SW2,0.001,-0.16666666666666663,-0.16666666666666663,0.0,0.0,0.0
P0051,smooth_polynomial,2,SW2,0.001,0.2833333333333333,0.2833333333333334,5.551115123125783e-17,3.0814879110195774e-33,0.0
P0052,smooth_polynomial,2,SW2,0.001,-0.09999999999999999,-0.09999999999999999,0.0,0.0,0.0
P0053,smooth_polynomial,2,SW2,0.001,0.19999999999999998,0.2,2.7755575615628914e-17,7.703719777548943e-34,0.0
P0054,smooth_polynomial,2,SW2,0.001,0.6499999999999999,0.65,1.1102230246251565e-16,1.232595164407831e-32,0.0
P0055,smooth_polynomial,2,SW2,0.001,0.2666666666666667,0.26666666666666666,5.551115123125783e-17,3.0814879110195774e-33,0.0
P0056,smooth_polynomial,2,SW2,0.001,0.5666666666666665,0.5666666666666667,1.1102230246251565e-16,1.232595164407831e-32,0.0
P0057,smooth_polynomial,2,SW2,0.001,1.0166666666666664,1.0166666666666666,2.220446049250313e-16,4.930380657631324e-32,0.0
P0058,smooth_polynomial,2,SW2,0.001,0.6,0.6,0.0,0.0,0.0
P0059,smooth_polynomial,2,SW2,0.001,0.8999999999999999,0.8999999999999999,0.0,0.0,0.0
P0060,smooth_polynomial,2,SW2,0.001,1.3499999999999999,1.35,2.220446049250313e-16,4.930380657631324e-32,0.0
P0061,smooth_polynomial,2,SW2,0.001,-0.3555555555555555,-0.3555555555555555,0.0,0.0,0.0
P0062,smooth_polynomial,2,SW2,0.001,-0.055555555555555525,-0.055555555555555525,0.0,0.0,0.0
P0063,smooth_polynomial,2,SW2,0.001,0.3944444444444444,0.3944444444444445,1.1102230246251565e-16,1.232595164407831e-32,0.0
P0064,smooth_polynomial,2,SW2,0.001,0.011111111111111115,0.011111111111111113,1.734723475976807e-18,3.009265538105056e-36,0.0
P0065,smooth_polynomial,2,SW2,0.001,0.3111111111111111,0.3111111111111111,0.0,0.0,0.0
P0066,smooth_polynomial,2,SW2,0.001,0.7611111111111111,0.7611111111111111,0.0,0.0,0.0
P0067,smooth_polynomial,2,SW2,0.001,0.37777777777777777,0.37777777777777777,0.0,0.0,0.0
P0068,smooth_polynomial,2,SW2,0.001,0.6777777777777777,0.6777777777777778,1.1102230246251565e-16,1.232595164407831e-32,0.0
P0069,smooth_polynomial,2,SW2,0.001,1.1277777777777778,1.1277777777777778,0.0,0.0,0.0
P0070,smooth_polynomial,2,SW2,0.001,0.711111111111111,0.711111111111111,0.0,0.0,0.0
P0071,smooth_polynomial,2,SW2,0.001,1.011111111111111,1.011111111111111,0.0,0.0,0.0
P0072,smooth_polynomial,2,SW2,0.001,1.4611111111111108,1.461111111111111,2.220446049250313e-16,4.930380657631324e-32,0.0
P0073,sinusoid,1,SW2,0.001,0.5747279158576794,0.5750459360222461,0.00031802016456672355,1.0113682507104594e-07,0.0
P0074,sinusoid,1,SW2,0.001,0.729707120319059,0.730415500617587,0.000708380298527933,5.018026473425236e-07,0.0
P0075,sinusoid,1,SW2,0.001,0.895554580309185,0.8963605256140483,0.0008059453048633314,6.495478344312482e-07,0.0
P0076,sinusoid,1,SW2,0.001,0.9253605442025994,0.9261899555312407,0.0008294113286413385,6.879231520785904e-07,0.0
P0077,sinusoid,1,SW2,0.001,0.6283813099517384,0.6390576474687264,0.010676337516988044,0.00011398418277664642,0.0
P0078,sinusoid,1,SW2,0.001,0.77177623627203,0.7844097681841611,0.012633531912131124,0.0001596061285748355,0.0
P0079,sinusoid,1,SW2,0.001,0.9154336152921143,0.9232342443900284,0.007800629097914125,6.0849814323224527e-05,0.0
P0080,sinusoid,1,SW2,0.001,0.8869226300152333,0.9005180993532904,0.013595469338057109,0.000184836786522051,0.0
P0081,sinusoid,1,SW2,0.001,0.6514368205745626,0.7000858306332174,0.04864901005865474,0.0023667261796870903,0.0
P0082,sinusoid,1,SW2,0.001,0.7876750516754973,0.8323019291604284,0.044626877484931105,0.0019915581940550507,0.0
P0083,sinusoid,1,SW2,0.001,0.8552766828604776,0.9410273310610535,0.08575064820057587,0.007353173666818927,0.0
P0084,sinusoid,1,SW2,0.001,0.8085890953692438,0.8662529935510221,0.057663898181778306,0.0033251251535184956,0.0
P0085,sinusoid,1,SW2,0.001,0.644059115924255,0.764503363531613,0.12044424760735795,0.01450681678170255,0.0
P0086,sinusoid,1,SW2,0.001,0.7745891875453099,0.8782525822748479,0.103663394729538,0.010746099406852007,0.0
P0087,sinusoid,1,SW2,0.001,0.8356451833170959,0.9497626892323064,0.11411750591521053,0.013022805156308109,0.0
P0088,sinusoid,1,SW2,0.001,0.6982410639420742,0.8175214687028707,0.11928040476079649,0.014227814959899441,0.0
P0089,sinusoid,1,SW2,0.001,0.6031758432562245,0.8215127058347615,0.21833686257853702,0.04767098556063896,0.0
P0090,sinusoid,1,SW2,0.001,0.6685770565034996,0.913609165108942,0.24503210860544233,0.060040734247629284,0.0
P0091,sinusoid,1,SW2,0.001,0.6903122859218557,0.9459011273494009,0.25558884142754523,0.06532565586227486,0.0
P0092,sinusoid,1,SW2,0.001,0.6614068774751206,0.7598968261006515,0.09848994862553084,0.009700269980259704,0.0
P0093,sinusoid,1,SW2,0.001,0.5374460339662097,0.8695171441101668,0.33207111014395707,0.11027122219224007,0.0
P0094,sinusoid,1,SW2,0.001,0.5716482874570045,0.9373814131120659,0.36573312565506144,0.13376071920142096,0.0
P0095,sinusoid,1,SW2,0.001,0.6226208351977647,0.9295507997512531,0.3069299645534884,0.09420600314080566,0.0
P0096,sinusoid,1,SW2,0.001,0.6703383355483987,0.6949930124620182,0.024654676913619444,0.0006078530937149596,0.0
P0097,sinusoid,2,SW2,0.001,0.6476504944455759,0.6479899910323624,0.0003394965867865585,1.1525793243972324e-07,0.0
P0098,sinusoid,2,SW2,0.001,0.790912941638823,0.7916505965928816,0.0007376549540586419,5.441348312472571e-07,0.0
P0099,sinusoid,2,SW2,0.001,0.9255143432673634,0.9263431321527904,0.0008287888854270342,6.868910166073857e-07,0.0
P0100,sinusoid,2,SW2,0.001,0.8953274884872314,0.8961339865207938,0.0008064980335623639,6.5043907813996e-07,0.0
P0101,sinusoid,2,SW2,0.001,0.7525235141122515,0.764503363531613,0.011979849419361477,0.0001435167921105755,0.0
P0102,sinusoid,2,SW2,0.001,0.8640780821081523,0.8782525822748479,0.014174500166695636,0.0002009164549756546,0.0
P0103,sinusoid,2,SW2,0.001,0.9322652283716057,0.9497626892323064,0.017497460860700698,0.0003061611365717528,0.0
P0104,sinusoid,2,SW2,0.001,0.8053026329250949,0.8175214687028707,0.012218835777775827,0.0001492999477642546,0.0
P0105,sinusoid,2,SW2,0.001,0.800903281475949,0.8584384631108883,0.057535181634939314,0.003310297125765458,0.0
P0106,sinusoid,2,SW2,0.001,0.8821576582203452,0.9325665474142472,0.05040888919390196,0.002541056109763086,0.0
P0107,sinusoid,2,SW2,0.001,0.8552766828604776,0.9347900511762953,0.07951336831581768,0.006322375740926879,0.0
P0108,sinusoid,2,SW2,0.001,0.6629552521527439,0.7118049992277586,0.04884974707501477,0.0023862977892929143,0.0
P0109,sinusoid,2,SW2,0.001,0.7874916898243551,0.9279754323328191,0.14048374250846396,0.019735681909184403,0.0
P0110,sinusoid,2,SW2,0.001,0.8379092967468642,0.9492985900688871,0.11138929332202285,0.012407574666779645,0.0
P0111,sinusoid,2,SW2,0.001,0.7670151829933902,0.8724546351889504,0.10543945219556017,0.011117478079299819,0.0
P0112,sinusoid,2,SW2,0.001,0.47209381760489544,0.5694513006537083,0.09735748304881287,0.009478479505599885,0.0
P0113,sinusoid,2,SW2,0.001,0.7061338525869707,0.9499013075636804,0.2437674549767097,0.05942257210582219,0.0
P0114,sinusoid,2,SW2,0.001,0.6685770565034996,0.9160473958699,0.2474703393664004,0.06124156886612138,0.0
P0115,sinusoid,2,SW2,0.001,0.5472891847159576,0.7686846617394372,0.22139547702347961,0.04901595724645409,0.0
P0116,sinusoid,2,SW2,0.001,0.3565409862668323,0.4193713352114835,0.06283034894465123,0.003947652748506635,0.0
P0117,sinusoid,2,SW2,0.001,0.5748293377007432,0.9217768952713512,0.346947557570608,0.12037260770421036,0.0
P0118,sinusoid,2,SW2,0.001,0.498168486658052,0.836512069047858,0.338343582389806,0.11447637974436743,0.0
P0119,sinusoid,2,SW2,0.001,0.3862896186416659,0.6350242559949993,0.24873463735333345,0.06186891981929431,0.0
P0120,sinusoid,2,SW2,0.001,0.32950241579729916,0.2782610877661441,0.05124132803115505,0.0026256736983964364,0.0
P0121,smooth_edge,1,SW2,0.001,0.7796663907043606,0.7968410695441766,0.017174678839815938,0.0002949695932508213,0.0
P0122,smooth_edge,1,SW2,0.001,0.9176858777363022,0.9682213690407698,0.05053549130446766,0.0025538358813839267,0.0
P0123,smooth_edge,1,SW2,0.001,0.9917924229717957,0.9997254218438986,0.007932998872102859,6.293247110478523e-05,0.0
P0124,smooth_edge,1,SW2,0.001,0.9999693134231591,0.9999999950965821,3.068167342301642e-05,9.413650840366321e-10,0.0
P0125,smooth_edge,1,SW2,0.001,0.6786893470349402,0.7040516276171624,0.02536228058222223,0.0006432452763313667,0.0
P0126,smooth_edge,1,SW2,0.001,0.7775068879505079,0.8972159750827483,0.11970908713224038,0.014330265542034318,0.0
P0127,smooth_edge,1,SW2,0.001,0.8749770497540855,0.9945137011005495,0.11953665134646396,0.014289011015126085,0.0
P0128,smooth_edge,1,SW2,0.001,0.9681629540875512,0.9999946227781964,0.03183166869064524,0.0010132551316310047,0.0
P0129,smooth_edge,1,SW2,0.001,0.5675620247288977,0.5906532827008858,0.023091257971988077,0.000533206194728903,0.0
P0130,smooth_edge,1,SW2,0.001,0.5310497972605246,0.7143624294910559,0.1833126322305313,0.03360352113528602,0.0
P0131,smooth_edge,1,SW2,0.001,0.4116523695474005,0.9002495108803148,0.4885971413329143,0.23872716651869585,0.0
P0132,smooth_edge,1,SW2,0.001,0.3302613005076578,0.9941376978036617,0.6638763972960039,0.4407318708867216,0.0
P0133,smooth_edge,1,SW2,0.001,0.46041158261155535,0.4667159617488687,0.006304379137313354,3.974519630699187e-05,0.0
P0134,smooth_edge,1,SW2,0.001,0.38446921949398166,0.4174297935376853,0.03296057404370362,0.0010863994412904686,0.0
P0135,smooth_edge,1,SW2,0.001,0.325916077390878,0.31002551887238744,0.015890558518490583,0.00025250985002957363,0.0
P0136,smooth_edge,1,SW2,0.001,0.32099621041813414,0.1339278883240735,0.18706832209406063,0.03499455713108721,0.0
P0137,smooth_edge,1,SW2,0.001,0.3619650150691005,0.34675509928171655,0.015209915787383954,0.00023134153825931164,0.0
P0138,smooth_edge,1,SW2,0.001,0.3050183020822019,0.1703239186438458,0.13469438343835607,0.01814257692983889,0.0
P0139,smooth_edge,1,SW2,0.001,0.31744818096044825,0.02188127093613046,0.2955669100243178,0.08735979830132316,0.0
P0140,smooth_edge,1,SW2,0.001,0.32097345076155503,0.0001409919630903207,0.3208324587984647,0.10293346661866856,0.0
P0141,smooth_edge,1,SW2,0.001,0.2705799323594035,0.2435464707695958,0.027033461589807684,0.0007308080455276074,0.0
P0142,smooth_edge,1,SW2,0.001,0.21435741011098683,0.05554926015761178,0.15880814995337506,0.025220028491613658,0.0
P0143,smooth_edge,1,SW2,0.001,0.25746766578750313,0.0011125360328603216,0.2563551297546428,0.06571795255151976,0.0
P0144,smooth_edge,1,SW2,0.001,0.30613648190990655,1.2858614151064257e-07,0.30613635332376504,0.09371946682637311,0.0
P0145,smooth_edge,1,SW2,0.001,0.1864505683068316,0.16337423951337943,0.023076328793452172,0.0005325169505835098,0.0
P0146,smooth_edge,1,SW2,0.001,0.07267412541226678,0.016571944094738476,0.05610218131752831,0.0031474547485848227,0.0
P0147,smooth_edge,1,SW2,0.001,0.031242009262018096,5.5448524722794907e-05,0.0311865607372953,0.0009726015706210088,0.0
P0148,smooth_edge,1,SW2,0.001,0.003282945860833088,1.1725539852746633e-10,0.0032829457435776897,1.077773275527487e-05,0.0
P0149,smooth_edge,2,SW2,0.001,0.8696415863890058,0.8842526814109779,0.01461109502197211,0.00021348409774109815,0.0
P0150,smooth_edge,2,SW2,0.001,0.9664365207205141,0.9938389829390936,0.02740246221857945,0.0007508949356406741,0.0
P0151,smooth_edge,2,SW2,0.001,0.9967169724553661,0.9999949695696981,0.0032779971143320763,1.074526508156942e-05,0.0
P0152,smooth_edge,2,SW2,0.001,0.9999877537274804,0.9999999999995663,1.224627208595841e-05,1.4997118000332414e-10,0.0
P0153,smooth_edge,2,SW2,0.001,0.7976056127748645,0.8224934972879262,0.024887884513061675,0.0006194067955354952,0.0
P0154,smooth_edge,2,SW2,0.001,0.903431660582674,0.9788208895449324,0.07538922896225841,0.005683535843523823,0.0
P0155,smooth_edge,2,SW2,0.001,0.9509378584125618,0.9998989708060922,0.048961112393530404,0.0023971905268119166,0.0
P0156,smooth_edge,2,SW2,0.001,0.9872675143057263,0.9999999995245059,0.012732485218779566,0.0001621161798464401,0.0
P0157,smooth_edge,2,SW2,0.001,0.7116123269482986,0.7375616214876249,0.025949294539326373,0.0006733658870887136,0.0
P0158,smooth_edge,2,SW2,0.001,0.7628902949056211,0.9297812081694472,0.1668909132638261,0.02785257693003393,0.0
P0159,smooth_edge,2,SW2,0.001,0.7165722072718377,0.9979746796109501,0.2814024723391124,0.07918735143856492,0.0
P0160,smooth_edge,2,SW2,0.001,0.6828083321382288,0.9999994785576881,0.31719114641945934,0.10061022336689089,0.0
P0161,smooth_edge,2,SW2,0.001,0.6189982607276833,0.6302602229177513,0.011261962190068031,0.00012683179237052192,0.0
P0162,smooth_edge,2,SW2,0.001,0.6806518351716677,0.791391472673955,0.11073963750228732,0.012263267314138002,0.0
P0163,smooth_edge,2,SW2,0.001,0.6806398316679401,0.9608342772032357,0.2801944455352956,0.07850892730883173,0.0
P0164,smooth_edge,2,SW2,0.001,0.679015818595566,0.9994284955764196,0.3204126769808535,0.10266428357003678,0.0
P0165,smooth_edge,2,SW2,0.001,0.5188347130742623,0.5083325618141193,0.010502151260142978,0.00011029518109092273,0.0
P0166,smooth_edge,2,SW2,0.001,0.5940644696502572,0.5208212853727429,0.0732431842775143,0.005364564043109919,0.0
P0167,smooth_edge,2,SW2,0.001,0.6698438379738891,0.5498339973124777,0.1200098406614114,0.014402361855577354,0.0
P0168,smooth_edge,2,SW2,0.001,0.6789776009297163,0.6145944982675491,0.06438310266216718,0.004145183908407159,0.0
P0169,smooth_edge,2,SW2,0.001,0.41020804198033123,0.3854055017324505,0.024802540247880756,0.0006151660027477447,0.0
P0170,smooth_edge,2,SW2,0.001,0.42586830425005806,0.23745802834390245,0.1884102759061556,0.03549843206703368,0.0
P0171,smooth_edge,2,SW2,0.001,0.5283233255973439,0.05732417589886871,0.4709991496984751,0.22184019901668658,0.0
P0172,smooth_edge,2,SW2,0.001,0.6428410731155427,0.0014520391100099098,0.6413890340055328,0.41137989294255056,0.0
P0173,smooth_edge,2,SW2,0.001,0.29970913663901033,0.2755454045751979,0.02416373206381245,0.0005838859472517178,0.0
P0174,smooth_edge,2,SW2,0.001,0.17815455308042077,0.0819105771553252,0.09624397592509558,0.009262902901870377,0.0
P0175,smooth_edge,2,SW2,0.001,0.0783681856945642,0.003018416324708427,0.07534976936985578,0.005677587744090456,0.0
P0176,smooth_edge,2,SW2,0.001,0.008207526177220656,1.326011943142785e-06,0.008206200165277514,6.734172115260071e-05,0.0
P0177,hard_step,1,SW2,0.001,1.0,1.0,0.0,0.0,0.0
P0178,hard_step,1,SW2,0.001,1.0,1.0,0.0,0.0,0.0
P0179,hard_step,1,SW2,0.001,0.32098765432098764,1.0,0.6790123456790124,0.46105776558451456,0.0
P0180,hard_step,1,SW2,0.001,0.32098765432098764,1.0,0.6790123456790124,0.46105776558451456,0.0
P0181,hard_step,1,SW2,0.001,0.32098765432098764,0.0,0.32098765432098764,0.10303307422648986,0.0
P0182,hard_step,1,SW2,0.001,0.32098765432098764,0.0,0.32098765432098764,0.10303307422648986,0.0
P0183,hard_step,1,SW2,0.001,0.32098765432098764,0.0,0.32098765432098764,0.10303307422648986,0.0
P0184,hard_step,1,SW2,0.001,0.32098765432098764,0.0,0.32098765432098764,0.10303307422648986,0.0
P0185,hard_step,1,SW2,0.001,0.0,0.0,0.0,0.0,0.0
P0186,hard_step,2,SW2,0.001,1.0,1.0,0.0,0.0,0.0
P0187,hard_step,2,SW2,0.001,1.0,1.0,0.0,0.0,0.0
P0188,hard_step,2,SW2,0.001,0.6790123456790123,1.0,0.32098765432098775,0.10303307422648993,0.0
P0189,hard_step,2,SW2,0.001,0.6790123456790123,1.0,0.32098765432098775,0.10303307422648993,0.0
P0190,hard_step,2,SW2,0.001,0.6790123456790123,1.0,0.32098765432098775,0.10303307422648993,0.0
P0191,hard_step,2,SW2,0.001,0.6790123456790123,1.0,0.32098765432098775,0.10303307422648993,0.0
P0192,hard_step,2,SW2,0.001,0.6790123456790123,0.0,0.6790123456790123,0.46105776558451445,0.0
P0193,hard_step,2,SW2,0.001,0.6790123456790123,0.0,0.6790123456790123,0.46105776558451445,0.0
P0194,hard_step,2,SW2,0.001,0.0,0.0,0.0,0.0,0.0
P0195,kink,1,SW2,0.001,0.4303697038328609,0.4533333333333333,0.022963629500472427,0.0005273282798349676,0.0
P0196,kink,1,SW2,0.001,-0.132314548949084,-0.13333333333333333,0.0010187843842493216,1.0379216215902693e-06,0.0
P0197,kink,1,SW2,0.001,0.28410305062631747,0.29333333333333333,0.009230282707015869,8.51981188514362e-05,0.0
P0198,kink,1,SW2,0.001,0.19978356527357743,0.15583333333333332,0.04395023194024411,0.0019316228876012536,0.0
P0199,kink,1,SW2,0.001,-0.12059387178265106,-0.04583333333333333,0.07476053844931774,0.005589138109231916,0.0
P0200,kink,1,SW2,0.001,0.18058788825044542,0.10083333333333333,0.07975455491711209,0.006360789030026647,0.0
P0201,kink,1,SW2,0.001,0.07938529635065414,-0.014000000000000004,0.09338529635065414,0.008720813574499497,0.0
P0202,kink,1,SW2,0.001,-0.19204901433324065,-0.07583333333333335,0.1162156809999073,0.013506084510272215,0.0
P0203,kink,1,SW2,0.001,0.2025,0.05250000000000001,0.15,0.0225,0.0
P0204,kink,1,SW2,0.001,-0.012308356381700655,-0.05,0.037691643618299346,0.001420659998648886,0.0
P0205,kink,1,SW2,0.001,-0.3163657823153209,-0.27083333333333337,0.04553244898198755,0.002073203910297299,0.0
P0206,kink,1,SW2,0.001,0.24184100485471013,0.1875,0.054341004854710134,0.0029529448086196303,0.0
P0207,kink,1,SW2,0.001,-0.09205931594897815,-0.09200000000000001,5.931594897813641e-05,3.518381803176882e-09,0.0
P0208,kink,1,SW2,0.001,-0.48930339908427395,-0.49833333333333346,0.009029934249059512,8.153971254233798e-05,0.0
P0209,kink,1,SW2,0.001,0.34224306785073166,0.3450000000000001,0.0027569321492684207,7.600674875669793e-06,0.0
P0210,kink,2,SW2,0.001,0.7198241970144238,0.7366666666666667,0.016842469652242897,0.000283668783986723,0.0
P0211,kink,2,SW2,0.001,-0.2160116416792188,-0.21666666666666667,0.0006550249874478775,4.290577341810921e-07,0.0
P0212,kink,2,SW2,0.001,0.47052987627785664,0.47666666666666674,0.006136790388810098,3.7660196276192e-05,0.0
P0213,kink,2,SW2,0.001,0.45139948589249956,0.4391666666666666,0.01223281922583297,0.00014964186621190873,0.0
P0214,kink,2,SW2,0.001,-0.15901322230495962,-0.12916666666666665,0.02984655563829297,0.000890816883469718,0.0
P0215,kink,2,SW2,0.001,0.31517100283373284,0.2841666666666667,0.03100433616706616,0.0009612688611604467,0.0
P0216,kink,2,SW2,0.001,0.25410310062216357,0.18416666666666662,0.06993643395549695,0.004891104794411587,0.0
P0217,kink,2,SW2,0.001,-0.14136270318448457,-0.054166666666666655,0.08719603651781792,0.0076031487844166355,0.0
P0218,kink,2,SW2,0.001,0.21616531496231156,0.11916666666666664,0.09699864829564492,0.009408737771182219,0.0
P0219,kink,2,SW2,0.001,0.08708498638724305,-0.010000000000000004,0.09708498638724306,0.00942549458181117,0.0
P0220,kink,2,SW2,0.001,-0.17252017074667492,-0.05416666666666669,0.11835350408000822,0.014007551928016523,0.0
P0221,kink,2,SW2,0.001,0.17451420699294998,0.03750000000000002,0.13701420699294997,0.01877289291790694,0.0
P0222,kink,2,SW2,0.001,-0.052092638828976585,-0.05200000000000001,9.263882897657394e-05,8.581952634150916e-09,0.0
P0223,kink,2,SW2,0.001,-0.26831114137291295,-0.28166666666666673,0.013355525293753778,0.00017837005587209695,0.0
P0224,kink,2,SW2,0.001,0.19075807618259483,0.19500000000000006,0.004241923817405235,1.7993917672669806e-05,0.0
P0225,thin_feature,1,SW2,0.001,0.36938990638674607,8.364834722972767e-05,0.36930625803951633,0.13638711222714983,0.0
P0226,thin_feature,1,SW2,0.001,0.5218988249161947,0.0551441169483479,0.46675470796784674,0.21785995741014988,0.0
P0227,thin_feature,1,SW2,0.001,0.57708764118201,0.3523219549954969,0.22476568618651305,0.05051961368689406,0.0
P0228,thin_feature,1,SW2,0.001,0.08260478361599484,0.4111122905071876,0.3285075068911928,0.10791718208386708,0.0
P0229,thin_feature,1,SW2,0.001,0.3285379214402756,0.7600672046071238,0.43152928316684824,0.1862175222304939,0.0
P0230,thin_feature,1,SW2,0.001,0.49748523504633424,0.9059551911095096,0.4084699560631754,0.16684770500625243,0.0
P0231,thin_feature,1,SW2,0.001,3.726653172078671e-06,0.24935220877729616,0.24934848212412408,0.062174665537604624,0.0
P0232,thin_feature,1,SW2,0.001,0.02110965645367106,0.651375231630207,0.630265575176536,0.3972346952526098,0.0
P0233,thin_feature,1,SW2,0.001,0.24935220877729616,0.8569968914352788,0.6076446826579827,0.36923206036252043,0.0
P0234,thin_feature,1,SW2,0.001,0.0351211221824515,1.8664469113520537e-05,0.03510245771333798,0.0012321825375166812,0.0
P0235,thin_feature,1,SW2,0.001,0.13950177895721103,0.0347085864128538,0.10479319254435723,0.010981613203638729,0.0
P0236,thin_feature,1,SW2,0.001,0.22813594978477508,0.29823409618142144,0.07009814639664635,0.004913750128245665,0.0
P0237,thin_feature,1,SW2,0.001,0.15681062774919824,1.7241209390354996e-13,0.15681062774902582,0.024589572975043546,0.0
P0238,thin_feature,1,SW2,0.001,0.22154360394757389,0.00011499237699560167,0.22142861157057828,0.04903063002207403,0.0
P0239,thin_feature,1,SW2,0.001,0.24587005555414893,0.03818043380053571,0.20768962175361322,0.04313497898415893,0.0
P0240,thin_feature,2,SW2,0.001,0.15681062774919838,1.724120939035518e-13,0.15681062774902596,0.02458957297504359,0.0
P0241,thin_feature,2,SW2,0.001,0.22154360394757394,0.00011499237699560208,0.22142861157057833,0.049030630022074057,0.0
P0242,thin_feature,2,SW2,0.001,0.24587005555414893,0.03818043380053579,0.20768962175361314,0.0431349789841589,0.0
P0243,thin_feature,2,SW2,0.001,0.035121122182451475,1.8664469113520635e-05,0.035102457713337955,0.0012321825375166792,0.0
P0244,thin_feature,2,SW2,0.001,0.13950177895721097,0.03470858641285385,0.10479319254435712,0.010981613203638704,0.0
P0245,thin_feature,2,SW2,0.001,0.22813594978477503,0.29823409618142166,0.07009814639664663,0.004913750128245703,0.0
P0246,thin_feature,2,SW2,0.001,3.726653172078671e-06,0.24935220877729639,0.2493484821241243,0.062174665537604736,0.0
P0247,thin_feature,2,SW2,0.001,0.02110965645367106,0.6513752316302073,0.6302655751765363,0.39723469525261007,0.0
P0248,thin_feature,2,SW2,0.001,0.24935220877729616,0.8569968914352789,0.6076446826579828,0.3692320603625206,0.0
P0249,thin_feature,2,SW2,0.001,0.08260478361599491,0.411112290507187,0.3285075068911921,0.10791718208386664,0.0
P0250,thin_feature,2,SW2,0.001,0.3285379214402757,0.7600672046071234,0.4315292831668477,0.18621752223049343,0.0
P0251,thin_feature,2,SW2,0.001,0.49748523504633435,0.9059551911095095,0.40846995606317515,0.16684770500625223,0.0
P0252,thin_feature,2,SW2,0.001,0.3693899063867458,8.364834722972738e-05,0.36930625803951606,0.1363871122271496,0.0
P0253,thin_feature,2,SW2,0.001,0.5218988249161945,0.055144116948347775,0.4667547079678468,0.21785995741014993,0.0
P0254,thin_feature,2,SW2,0.001,0.57708764118201,0.35232195499549673,0.2247656861865132,0.05051961368689414,0.0
P0255,mixed_frequency,1,SW2,0.001,0.5019644757416584,0.49935542472536626,0.0026090510162921077,6.8071472056148795e-06,0.0
P0256,mixed_frequency,1,SW2,0.001,0.43375525351571065,0.45555610868671437,0.02180085517100372,0.0004752772861870796,0.0
P0257,mixed_frequency,1,SW2,0.001,0.2840942538946688,0.155213372665013,0.1288808812296558,0.016610281546532643,0.0
P0258,mixed_frequency,1,SW2,0.001,0.6812470457278771,0.7427118258953607,0.06146478016748358,0.0037779192010370826,0.0
P0259,mixed_frequency,1,SW2,0.001,0.7071244750605196,0.5406964779017696,0.16642799715875,0.0276982782382729,0.0
P0260,mixed_frequency,1,SW2,0.001,0.47540037643316546,0.4170475535071272,0.05835282292603827,0.0034050519434375777,0.0
P0261,mixed_frequency,1,SW2,0.001,0.5191020525357166,0.47535988945488694,0.04374216308082968,0.001913376830989899,0.0
P0262,mixed_frequency,1,SW2,0.001,0.5798456843384878,0.6686000035176052,0.08875431917911736,0.007877329172948639,0.0
P0263,mixed_frequency,1,SW2,0.001,0.37807294610485764,0.28032091330418796,0.09775203280066969,0.009555459916663202,0.0
P0264,mixed_frequency,1,SW2,0.001,0.48595947232825537,0.4747727588702795,0.011186713457975894,0.000125142557990859,0.0
P0265,mixed_frequency,1,SW2,0.001,0.5274480646994437,0.4673856494865241,0.060062415212919606,0.0036074937212091564,0.0
P0266,mixed_frequency,1,SW2,0.001,0.5024514025625891,0.4334862851454516,0.06896511741713751,0.004756187420359563,0.0
P0267,mixed_frequency,1,SW2,0.001,0.6954054988985415,0.6773719504742064,0.018033548424335133,0.00032520886877284013,0.0
P0268,mixed_frequency,1,SW2,0.001,0.5622783117176882,0.4548365472979632,0.10744176441972497,0.011543732741623678,0.0
P0269,mixed_frequency,1,SW2,0.001,0.68248121966676,0.6986226099788257,0.01614139031206574,0.0002605444812064497,0.0
P0270,mixed_frequency,1,SW2,0.001,0.29627773589646766,0.23943781507349454,0.05683992082297312,0.0032307765991618537,0.0
P0271,mixed_frequency,1,SW2,0.001,0.4772446862018326,0.4664184217464979,0.010826264455334689,0.00011720800205684331,0.0
P0272,mixed_frequency,1,SW2,0.001,0.4571341398732694,0.4844869960552387,0.02735285618196931,0.0007481787413114966,0.0
P0273,mixed_frequency,1,SW2,0.001,0.680328635750113,0.7668339405122937,0.08650530476218066,0.0074831677519977555,0.0
P0274,mixed_frequency,1,SW2,0.001,0.5480091178806944,0.6036770727120775,0.05566795483138309,0.0030989211951089083,0.0
P0275,mixed_frequency,1,SW2,0.001,0.5330916041154897,0.5801958680494812,0.047104263933991475,0.00221881168076313,0.0
P0276,mixed_frequency,1,SW2,0.001,0.4776253125269156,0.43425126660147423,0.04337404592544136,0.0018813078599422964,0.0
P0277,mixed_frequency,1,SW2,0.001,0.6103884573865563,0.6813224182546447,0.07093396086808834,0.005031626804435488,0.0
P0278,mixed_frequency,1,SW2,0.001,0.2762862853244055,0.29829739986517656,0.022011114540771037,0.0004844891633269422,0.0
P0279,mixed_frequency,1,SW2,0.001,0.44984734158886297,0.45224178202853027,0.0023944404396673002,5.733345019114134e-06,0.0
P0280,mixed_frequency,1,SW2,0.001,0.5956159261272742,0.48763067251845843,0.10798525360881578,0.011660814996960261,0.0
P0281,mixed_frequency,1,SW2,0.001,0.48532410158724204,0.5701012749830773,0.08477717339583524,0.007187169128987514,0.0
P0282,mixed_frequency,1,SW2,0.001,0.5345819473902534,0.5623229858879404,0.027741038497686943,0.000769565216930149,0.0
P0283,mixed_frequency,1,SW2,0.001,0.5837268271585291,0.7666319644998695,0.1829051373413404,0.03345428926585459,0.0
P0284,mixed_frequency,1,SW2,0.001,0.4840306808431783,0.5391611189168729,0.05513043807369461,0.0030393652021974762,0.0
P0285,mixed_frequency,1,SW2,0.001,0.672684333979782,0.6887178293753018,0.016033495395519792,0.00025707297459815436,0.0
P0286,mixed_frequency,1,SW2,0.001,0.32709157579989245,0.2988924441998043,0.028199131600088134,0.0007951910229990892,0.0
P0287,mixed_frequency,1,SW2,0.001,0.4284559772097104,0.4271356910831181,0.001320286126592296,1.7431554560720883e-06,0.0
P0288,mixed_frequency,1,SW2,0.001,0.3759648936611848,0.2645103235299279,0.11145457013125687,0.012422121203143255,0.0
P0289,mixed_frequency,1,SW2,0.001,0.525756739241902,0.43919422396993496,0.08656251527196707,0.007493069050209532,0.0
P0290,mixed_frequency,1,SW2,0.001,0.33222598621391025,0.35253116173124965,0.020305175517339402,0.00041230015278995944,0.0
P0291,mixed_frequency,1,SW2,0.001,0.3485427510397694,0.3719201334216269,0.023377382381857492,0.000546502007027581,0.0
P0292,mixed_frequency,1,SW2,0.001,0.5144437188391258,0.5405693019751132,0.02612558313598745,0.000682546094195392,0.0
P0293,mixed_frequency,1,SW2,0.001,0.5094093312339911,0.5848295787523584,0.07542024751836729,0.005688213735731787,0.0
P0294,mixed_frequency,1,SW2,0.001,0.5286759023389738,0.5409906345655865,0.012314732226612723,0.00015165262981317398,0.0
P0295,mixed_frequency,1,SW2,0.001,0.5880387223675523,0.6740210161891979,0.08598229382164557,0.007392954850831791,0.0
P0296,mixed_frequency,1,SW2,0.001,0.48027377271162064,0.43882666894757716,0.04144710376404348,0.0017178624104273873,0.0
P0297,mixed_frequency,1,SW2,0.001,0.4192883602903134,0.4085314772238543,0.01075688306645911,0.00011571053330547476,0.0
P0298,mixed_frequency,1,SW2,0.001,0.5754181231612219,0.5515396754151357,0.023878447746086162,0.0005701802667625673,0.0
P0299,mixed_frequency,1,SW2,0.001,0.46236828766543897,0.45758380838567025,0.004784479279768716,2.2891241978536175e-05,0.0
P0300,mixed_frequency,1,SW2,0.001,0.5966653553913377,0.6005499470896327,0.0038845916982950257,1.5090052662462632e-05,0.0
P0301,mixed_frequency,1,SW2,0.001,0.279204465537088,0.2456362579031397,0.0335682076339483,0.001126824563755865,0.0
P0302,mixed_frequency,1,SW2,0.001,0.36175423205499124,0.3270528513166872,0.03470138073830403,0.001204185825144738,0.0
P0303,mixed_frequency,1,SW2,0.001,0.47353010583912836,0.4633290863928645,0.010201019446263837,0.00010406079774305296,0.0
P0304,mixed_frequency,1,SW2,0.001,0.4852300211092302,0.4944074046768252,0.00917738356759501,8.42243691467629e-05,0.0
P0305,mixed_frequency,1,SW2,0.001,0.5528327782742058,0.535141282,0.017691496274205853,0.0003129890404202396,0.0
P0306,mixed_frequency,1,SW2,0.001,0.5406213193642394,0.4813603793968585,0.05926093996738091,0.003511859005817524,0.0
P0307,mixed_frequency,1,SW2,0.001,0.4466165770958555,0.44916240885229025,0.0025458317564347466,6.481259332071627e-06,0.0
P0308,mixed_frequency,1,SW2,0.001,0.42410847490962217,0.3619738362318022,0.06213463867781999,0.0038607133236232436,0.0
P0309,mixed_frequency,1,SW2,0.001,0.5254154797293915,0.5383224304502269,0.012906950720835364,0.00016658937691007252,0.0
P0310,mixed_frequency,1,SW2,0.001,0.316512130724963,0.3926499743554235,0.0761378436304605,0.005796971232696455,0.0
P0311,mixed_frequency,1,SW2,0.001,0.4257242684758241,0.42040974436429945,0.0053145241115246655,2.8244166531977037e-05,0.0
P0312,mixed_frequency,1,SW2,0.001,0.5838201286650893,0.6101470394713223,0.02632691080623306,0.0006931062325993511,0.0
P0313,mixed_frequency,1,SW2,0.001,0.5435180349898749,0.5479313452317733,0.004413310241898394,1.947730729124526e-05,0.0
P0314,mixed_frequency,1,SW2,0.001,0.8361228669537025,0.8500388285880128,0.013915961634310303,0.00019365398820759628,0.0
P0315,mixed_frequency,1,SW2,0.001,0.42682546879473404,0.41205449093146773,0.01477097786326631,0.00021818178703710337,0.0
P0316,mixed_frequency,1,SW2,0.001,0.5853291730488375,0.6085826163686509,0.023253443319813383,0.0005407226262277736,0.0
P0317,mixed_frequency,1,SW2,0.001,0.4369741147602194,0.429892434580156,0.007081680180063388,5.0150194172702615e-05,0.0
P0318,mixed_frequency,1,SW2,0.001,0.4392414247182853,0.39204653808406975,0.04719488663421556,0.0022273573244164587,0.0
P0319,mixed_frequency,2,SW2,0.001,0.688182970814705,0.8140327948345307,0.1258498240198257,0.015838178205821098,0.0
P0320,mixed_frequency,2,SW2,0.001,0.5538319429030979,0.5548865092370293,0.001054566333931417,1.1121101526615491e-06,0.0
P0321,mixed_frequency,2,SW2,0.001,0.3152064524581164,0.3967439560775554,0.08153750361943901,0.00664836449649003,0.0
P0322,mixed_frequency,2,SW2,0.001,0.6297106615809583,0.6303496925970249,0.0006390310160665491,4.0836063949504616e-07,0.0
P0323,mixed_frequency,2,SW2,0.001,0.2632883899866615,0.276272829973252,0.01298443998659049,0.00016859568176537005,0.0
P0324,mixed_frequency,2,SW2,0.001,0.48015149753521025,0.3680034887100495,0.11214800882516074,0.012577175883448331,0.0
P0325,mixed_frequency,2,SW2,0.001,0.7045207494299142,0.6634508837330682,0.04106986569684601,0.0016867338683569685,0.0
P0326,mixed_frequency,2,SW2,0.001,0.614667161396156,0.6508270799207778,0.03615991852462186,0.0013075397077072911,0.0
P0327,mixed_frequency,2,SW2,0.001,0.5117848951751109,0.5333568294057774,0.0215719342306665,0.0004653483464522011,0.0
P0328,mixed_frequency,2,SW2,0.001,0.6018097968316789,0.6678860836431736,0.06607628681149469,0.004366075678794907,0.0
P0329,mixed_frequency,2,SW2,0.001,0.48447453638152305,0.48087471401390125,0.0035998223676217966,1.2958721078430197e-05,0.0
P0330,mixed_frequency,2,SW2,0.001,0.3897768356960439,0.3476791051625945,0.042097730533449396,0.0017722189160669175,0.0
P0331,mixed_frequency,2,SW2,0.001,0.3213327749026497,0.20720898854505576,0.11412378635759396,0.013024238612593749,0.0
P0332,mixed_frequency,2,SW2,0.001,0.5804766360090495,0.6153000035934494,0.034823367584399856,0.0012126669299182306,0.0
P0333,mixed_frequency,2,SW2,0.001,0.14205423989781432,0.0649946518336959,0.07705958806411842,0.005938180112611622,0.0
P0334,mixed_frequency,2,SW2,0.001,0.46355761986848,0.5226072573180978,0.059049637449617776,0.003486859682931302,0.0
P0335,mixed_frequency,2,SW2,0.001,0.4994887862850532,0.3957690317599277,0.1037197545251255,0.01075778747875229,0.0
P0336,mixed_frequency,2,SW2,0.001,0.5935956308423692,0.7552761193165396,0.16168048847417038,0.026140580353246342,0.0
P0337,mixed_frequency,2,SW2,0.001,0.3900773511465887,0.48475446913807674,0.09467711799148804,0.008963756671174147,0.0
P0338,mixed_frequency,2,SW2,0.001,0.653761684632856,0.6651371781040039,0.011375493471147857,0.00012940185171212752,0.0
P0339,mixed_frequency,2,SW2,0.001,0.6666105551128391,0.7408408381328755,0.07423028302003642,0.005510134917234708,0.0
P0340,mixed_frequency,2,SW2,0.001,0.4985865381282756,0.5689577717014875,0.07037123357321196,0.004952110514615553,0.0
P0341,mixed_frequency,2,SW2,0.001,0.4140152148410123,0.2574974214481519,0.15651779339286037,0.024497819648570125,0.0
P0342,mixed_frequency,2,SW2,0.001,0.5235560215941455,0.5173737037104447,0.0061823178837008275,3.822105441512708e-05,0.0
P0343,mixed_frequency,2,SW2,0.001,0.3885246134435591,0.48324739685668694,0.09472278341312784,0.008972405697530328,0.0
P0344,mixed_frequency,2,SW2,0.001,0.35403174686257066,0.270052112801759,0.08397963406081166,0.0070525789369878375,0.0
P0345,mixed_frequency,2,SW2,0.001,0.5042349572126243,0.49531618841216574,0.00891876880045861,7.95444369160339e-05,0.0
P0346,mixed_frequency,2,SW2,0.001,0.2561469610581029,0.16971157929838276,0.08643538175972015,0.0074710752199485635,0.0
P0347,mixed_frequency,2,SW2,0.001,0.642973541688976,0.6635927865275683,0.020619244838592232,0.0004251532577138124,0.0
P0348,mixed_frequency,2,SW2,0.001,0.4343065727318511,0.3179991471566734,0.1163074255751777,0.013527417243925501,0.0
P0349,mixed_frequency,2,SW2,0.001,0.5960510268737471,0.6303959865910851,0.034344959717337975,0.0011795762579855681,0.0
P0350,mixed_frequency,2,SW2,0.001,0.44036134934461985,0.35492709939749145,0.0854342499471284,0.007299011064028408,0.0
P0351,mixed_frequency,2,SW2,0.001,0.4241585564599756,0.3906606716516097,0.03349788480836585,0.0011221082866345478,0.0
P0352,mixed_frequency,2,SW2,0.001,0.42999968105404407,0.4275323977379478,0.002467283316096247,6.087486961886894e-06,0.0
P0353,mixed_frequency,2,SW2,0.001,0.5071234886503536,0.6041255480496204,0.09700205939926676,0.009409399527698876,0.0
P0354,mixed_frequency,2,SW2,0.001,0.46087404929938586,0.4412332367188725,0.019640812580513367,0.0003857615188228522,0.0
P0355,mixed_frequency,2,SW2,0.001,0.51689543273497,0.609299498114648,0.09240406537967805,0.008538511298691815,0.0
P0356,mixed_frequency,2,SW2,0.001,0.7143939596394099,0.7689757838647319,0.054581824225321984,0.002979175535763946,0.0
P0357,mixed_frequency,2,SW2,0.001,0.4738234467772757,0.5332989647948638,0.0594755180175881,0.003537337243460447,0.0
P0358,mixed_frequency,2,SW2,0.001,0.4486640696594303,0.41575437560416867,0.03290969405526162,0.0010830479628109219,0.0
P0359,mixed_frequency,2,SW2,0.001,0.13354577405014342,0.04017781537158405,0.09336795867855938,0.008717575707801172,0.0
P0360,mixed_frequency,2,SW2,0.001,0.5645311888425373,0.5542356586168614,0.010295530225675864,0.00010599794262780531,0.0
P0361,mixed_frequency,2,SW2,0.001,0.4333042432763823,0.6474451945759677,0.21414095129958544,0.04585634702349142,0.0
P0362,mixed_frequency,2,SW2,0.001,0.5648639390985682,0.5504878096411179,0.01437612945745037,0.00020667309817737228,0.0
P0363,mixed_frequency,2,SW2,0.001,0.32735720024014536,0.2947314072873603,0.03262579295278506,0.0010644423657979992,0.0
P0364,mixed_frequency,2,SW2,0.001,0.7000874964045191,0.718965854204543,0.018878357800023893,0.00035639239322572295,0.0
P0365,mixed_frequency,2,SW2,0.001,0.2503684123566989,0.2420960937654339,0.008272318591264982,6.843125487538826e-05,0.0
P0366,mixed_frequency,2,SW2,0.001,0.37070169899994637,0.3304965060026291,0.040205192997317285,0.001616457543951531,0.0
P0367,mixed_frequency,2,SW2,0.001,0.5436137694976066,0.3705258094086487,0.17308796008895794,0.029959441927756694,0.0
P0368,mixed_frequency,2,SW2,0.001,0.6297370704394356,0.6512758947908197,0.0215388243513841,0.0004639209544397767,0.0
P0369,mixed_frequency,2,SW2,0.001,0.6653987361697737,0.6719703535433057,0.006571617373531957,4.318615490410706e-05,0.0
P0370,mixed_frequency,2,SW2,0.001,0.4475879391815034,0.46107812920209956,0.013490190020596149,0.00018198522679179193,0.0
P0371,mixed_frequency,2,SW2,0.001,0.6795320811098858,0.791170460656414,0.11163837954652822,0.01246312778777469,0.0
P0372,mixed_frequency,2,SW2,0.001,0.5602564171254125,0.533951223416073,0.02630519370933948,0.0006919632160858733,0.0
P0373,mixed_frequency,2,SW2,0.001,0.35307464594726956,0.31761767180206096,0.0354569741452086,0.001257197015533991,0.0
P0374,mixed_frequency,2,SW2,0.001,0.6012102235534815,0.6098001802240762,0.0085899566705947,7.378735560269439e-05,0.0
P0375,mixed_frequency,2,SW2,0.001,0.6952401882297634,0.7417467047610486,0.046506516531285236,0.002162856079874707,0.0
P0376,mixed_frequency,2,SW2,0.001,0.43732561423040417,0.3436031187899571,0.09372249544044708,0.008783906151584624,0.0
P0377,mixed_frequency,2,SW2,0.001,0.49725363546747087,0.5015638929582081,0.004310257490737268,1.857831963645673e-05,0.0
P0378,mixed_frequency,2,SW2,0.001,0.7255350212397107,0.7714303015145285,0.04589528027481782,0.0021063767515040813,0.0
P0379,mixed_frequency,2,SW2,0.001,0.32849820929409757,0.33214085095807067,0.0036426416639731007,1.326883829211272e-05,0.0
P0380,mixed_frequency,2,SW2,0.001,0.5693857540965054,0.5278122067042186,0.0415735473922868,0.0017283598427787169,0.0
P0381,mixed_frequency,2,SW2,0.001,0.5271163106004018,0.3212502519429321,0.20586605865746965,0.04238083410716074,0.0
P0382,mixed_frequency,2,SW2,0.001,0.3914801117217325,0.2252611572341287,0.16621895448760382,0.02762874083095211,0.0
P0001,smooth_polynomial,1,SW2,0.01,-0.2722222222222222,-0.2722222222222222,0.0,0.0,0.0
P0002,smooth_polynomial,1,SW2,0.01,0.027777777777777846,0.02777777777777779,5.551115123125783e-17,3.0814879110195774e-33,0.0
P0003,smooth_polynomial,1,SW2,0.01,0.47777777777777786,0.4777777777777778,5.551115123125783e-17,3.0814879110195774e-33,0.0
P0004,smooth_polynomial,1,SW2,0.01,-0.08888888888888889,-0.08888888888888888,1.3877787807814457e-17,1.925929944387236e-34,0.0
P0005,smooth_polynomial,1,SW2,0.01,0.21111111111111108,0.2111111111111111,2.7755575615628914e-17,7.703719777548943e-34,0.0
P0006,smooth_polynomial,1,SW2,0.01,0.6611111111111111,0.6611111111111111,0.0,0.0,0.0
P0007,smooth_polynomial,1,SW2,0.01,0.050000000000000044,0.09444444444444444,0.0444444444444444,0.0019753086419753044,0.0
P0008,smooth_polynomial,1,SW2,0.01,0.35000000000000003,0.39444444444444443,0.0444444444444444,0.0019753086419753044,0.0
P0009,smooth_polynomial,1,SW2,0.01,0.8,0.8444444444444444,0.0444444444444444,0.0019753086419753044,0.0
P0010,smooth_polynomial,1,SW2,0.01,0.26111111111111107,0.2611111111111111,5.551115123125783e-17,3.0814879110195774e-33,0.0
P0011,smooth_polynomial,1,SW2,0.01,0.561111111111111,0.5611111111111111,1.1102230246251565e-16,1.232595164407831e-32,0.0
P0012,smooth_polynomial,1,SW2,0.01,1.011111111111111,1.011111111111111,0.0,0.0,0.0
P0013,smooth_polynomial,1,SW2,0.01,-0.23333333333333328,-0.2333333333333333,2.7755575615628914e-17,7.703719777548943e-34,0.0
P0014,smooth_polynomial,1,SW2,0.01,0.06666666666666667,0.06666666666666668,1.3877787807814457e-17,1.925929944387236e-34,0.0
P0015,smooth_polynomial,1,SW2,0.01,0.5166666666666667,0.5166666666666667,0.0,0.0,0.0
P0016,smooth_polynomial,1,SW2,0.01,-0.04999999999999999,-0.049999999999999996,6.938893903907228e-18,4.81482486096809e-35,0.0
P0017,smooth_polynomial,1,SW2,0.01,0.25,0.25,0.0,0.0,0.0
P0018,smooth_polynomial,1,SW2,0.01,0.7,0.7,0.0,0.0,0.0
P0019,smooth_polynomial,1,SW2,0.01,0.13333333333333336,0.13333333333333333,2.7755575615628914e-17,7.703719777548943e-34,0.0
P0020,smooth_polynomial,1,SW2,0.01,0.4333333333333333,0.43333333333333335,5.551115123125783e-17,3.0814879110195774e-33,0.0
P0021,smooth_polynomial,1,SW2,0.01,0.8833333333333333,0.8833333333333333,0.0,0.0,0.0
P0022,smooth_polynomial,1,SW2,0.01,0.3,0.3,0.0,0.0,0.0
P0023,smooth_polynomial,1,SW2,0.01,0.6,0.6,0.0,0.0,0.0
P0024,smooth_polynomial,1,SW2,0.01,1.0499999999999998,1.05,2.220446049250313e-16,4.930380657631324e-32,0.0
P0025,smooth_polynomial,1,SW2,0.01,-0.20555555555555555,-0.20555555555555555,0.0,0.0,0.0
P0026,smooth_polynomial,1,SW2,0.01,0.09444444444444444,0.09444444444444444,0.0,0.0,0.0
P0027,smooth_polynomial,1,SW2,0.01,0.5444444444444445,0.5444444444444445,0.0,0.0,0.0
P0028,smooth_polynomial,1,SW2,0.01,0.0,-0.02222222222222222,0.02222222222222222,0.0004938271604938271,0.0
P0029,smooth_polynomial,1,SW2,0.01,0.3,0.2777777777777778,0.0222222222222222,0.0004938271604938261,0.0
P0030,smooth_polynomial,1,SW2,0.01,0.75,0.7277777777777777,0.022222222222222254,0.0004938271604938286,0.0
P0031,smooth_polynomial,1,SW2,0.01,0.1611111111111111,0.1611111111111111,0.0,0.0,0.0
P0032,smooth_polynomial,1,SW2,0.01,0.46111111111111114,0.4611111111111111,5.551115123125783e-17,3.0814879110195774e-33,0.0
P0033,smooth_polynomial,1,SW2,0.01,0.911111111111111,0.9111111111111111,1.1102230246251565e-16,1.232595164407831e-32,0.0
P0034,smooth_polynomial,1,SW2,0.01,0.3277777777777777,0.3277777777777778,5.551115123125783e-17,3.0814879110195774e-33,0.0
P0035,smooth_polynomial,1,SW2,0.01,0.6277777777777778,0.6277777777777778,0.0,0.0,0.0
P0036,smooth_polynomial,1,SW2,0.01,1.0777777777777777,1.0777777777777777,0.0,0.0,0.0
P0037,smooth_polynomial,2,SW2,0.01,-0.622222222222222,-0.6222222222222221,1.1102230246251565e-16,1.232595164407831e-32,0.0
P0038,smooth_polynomial,2,SW2,0.01,-0.3222222222222221,-0.32222222222222213,5.551115123125783e-17,3.0814879110195774e-33,0.0
P0039,smooth_polynomial,2,SW2,0.01,0.12777777777777788,0.12777777777777788,0.0,0.0,0.0
P0040,smooth_polynomial,2,SW2,0.01,-0.25555555555555554,-0.25555555555555554,0.0,0.0,0.0
P0041,smooth_polynomial,2,SW2,0.01,0.04444444444444443,0.04444444444444445,2.0816681711721685e-17,4.333342374871281e-34,0.0
P0042,smooth_polynomial,2,SW2,0.01,0.49444444444444446,0.49444444444444446,0.0,0.0,0.0
P0043,smooth_polynomial,2,SW2,0.01,0.050000000000000044,0.11111111111111113,0.06111111111111109,0.003734567901234565,0.0
P0044,smooth_polynomial,2,SW2,0.01,0.35000000000000003,0.4111111111111111,0.06111111111111106,0.0037345679012345616,0.0
P0045,smooth_polynomial,2,SW2,0.01,0.8,0.8611111111111112,0.061111111111111116,0.0037345679012345686,0.0
P0046,smooth_polynomial,2,SW2,0.01,0.4444444444444444,0.4444444444444444,0.0,0.0,0.0
P0047,smooth_polynomial,2,SW2,0.01,0.7444444444444445,0.7444444444444445,0.0,0.0,0.0
P0048,smooth_polynomial,2,SW2,0.01,1.1944444444444444,1.1944444444444444,0.0,0.0,0.0
P0049,smooth_polynomial,2,SW2,0.01,-0.4666666666666666,-0.4666666666666666,0.0,0.0,0.0
P0050,smooth_polynomial,2,SW2,0.01,-0.16666666666666663,-0.16666666666666663,0.0,0.0,0.0
P0051,smooth_polynomial,2,SW2,0.01,0.2833333333333333,0.2833333333333334,5.551115123125783e-17,3.0814879110195774e-33,0.0
P0052,smooth_polynomial,2,SW2,0.01,-0.09999999999999999,-0.09999999999999999,0.0,0.0,0.0
P0053,smooth_polynomial,2,SW2,0.01,0.19999999999999998,0.2,2.7755575615628914e-17,7.703719777548943e-34,0.0
P0054,smooth_polynomial,2,SW2,0.01,0.6499999999999999,0.65,1.1102230246251565e-16,1.232595164407831e-32,0.0
P0055,smooth_polynomial,2,SW2,0.01,0.2666666666666667,0.26666666666666666,5.551115123125783e-17,3.0814879110195774e-33,0.0
P0056,smooth_polynomial,2,SW2,0.01,0.5666666666666665,0.5666666666666667,1.1102230246251565e-16,1.232595164407831e-32,0.0
P0057,smooth_polynomial,2,SW2,0.01,1.0166666666666664,1.0166666666666666,2.220446049250313e-16,4.930380657631324e-32,0.0
P0058,smooth_polynomial,2,SW2,0.01,0.6,0.6,0.0,0.0,0.0
P0059,smooth_polynomial,2,SW2,0.01,0.8999999999999999,0.8999999999999999,0.0,0.0,0.0
P0060,smooth_polynomial,2,SW2,0.01,1.35,1.35,0.0,0.0,0.0
P0061,smooth_polynomial,2,SW2,0.01,-0.35555555555555557,-0.3555555555555555,5.551115123125783e-17,3.0814879110195774e-33,0.0
P0062,smooth_polynomial,2,SW2,0.01,-0.05555555555555553,-0.055555555555555525,6.938893903907228e-18,4.81482486096809e-35,0.0
P0063,smooth_polynomial,2,SW2,0.01,0.39444444444444443,0.3944444444444445,5.551115123125783e-17,3.0814879110195774e-33,0.0
P0064,smooth_polynomial,2,SW2,0.01,0.011111111111111115,0.011111111111111113,1.734723475976807e-18,3.009265538105056e-36,0.0
P0065,smooth_polynomial,2,SW2,0.01,0.3111111111111111,0.3111111111111111,0.0,0.0,0.0
P0066,smooth_polynomial,2,SW2,0.01,0.7611111111111111,0.7611111111111111,0.0,0.0,0.0
P0067,smooth_polynomial,2,SW2,0.01,0.37777777777777777,0.37777777777777777,0.0,0.0,0.0
P0068,smooth_polynomial,2,SW2,0.01,0.6777777777777777,0.6777777777777778,1.1102230246251565e-16,1.232595164407831e-32,0.0
P0069,smooth_polynomial,2,SW2,0.01,1.1277777777777778,1.1277777777777778,0.0,0.0,0.0
P0070,smooth_polynomial,2,SW2,0.01,0.711111111111111,0.711111111111111,0.0,0.0,0.0
P0071,smooth_polynomial,2,SW2,0.01,1.011111111111111,1.011111111111111,0.0,0.0,0.0
P0072,smooth_polynomial,2,SW2,0.01,1.4611111111111108,1.461111111111111,2.220446049250313e-16,4.930380657631324e-32,0.0
P0073,sinusoid,1,SW2,0.01,0.5747559211325408,0.5750459360222461,0.000290014889705259,8.410863625075355e-08,0.0
P0074,sinusoid,1,SW2,0.01,0.7297767356672713,0.730415500617587,0.0006387649503156734,4.0802066175178466e-07,0.0
P0075,sinusoid,1,SW2,0.01,0.8956391788286757,0.8963605256140483,0.0007213467853726119,5.20341184767401e-07,0.0
P0076,sinusoid,1,SW2,0.01,0.925453189708522,0.9261899555312407,0.0007367658227187546,5.428238775264433e-07,0.0
P0077,sinusoid,1,SW2,0.01,0.6286857992575617,0.6390576474687264,0.010371848211164658,0.00010757523531543952,0.0
P0078,sinusoid,1,SW2,0.01,0.772076182044325,0.7844097681841611,0.012333586139836039,0.00015211734706875566,0.0
P0079,sinusoid,1,SW2,0.01,0.9155074423421343,0.9232342443900284,0.00772680204789411,5.970346988734061e-05,0.0
P0080,sinusoid,1,SW2,0.01,0.8872973049829848,0.9005180993532904,0.013220794370305655,0.0001747894037819057,0.0
P0081,sinusoid,1,SW2,0.01,0.6517005937201475,0.7000858306332174,0.04838523691306984,0.0023411311511338964,0.0
P0082,sinusoid,1,SW2,0.01,0.787866247908932,0.8323019291604284,0.04443568125149644,0.0019745297682845922,0.0
P0083,sinusoid,1,SW2,0.01,0.8552766828604776,0.9410273310610535,0.08575064820057587,0.007353173666818927,0.0
P0084,sinusoid,1,SW2,0.01,0.8089647442020167,0.8662529935510221,0.05728824934900545,0.003281943513473823,0.0
P0085,sinusoid,1,SW2,0.01,0.6441800567869395,0.764503363531613,0.12032330674467351,0.014477698145972794,0.0
P0086,sinusoid,1,SW2,0.01,0.7747299482840916,0.8782525822748479,0.10352263399075634,0.0107169357483841,0.0
P0087,sinusoid,1,SW2,0.01,0.8358522867816993,0.9497626892323064,0.11391040245060713,0.012975579786459282,0.0
P0088,sinusoid,1,SW2,0.01,0.698617987417872,0.8175214687028707,0.11890348128499872,0.014138037861692042,0.0
P0089,sinusoid,1,SW2,0.01,0.6032644970269778,0.8215127058347615,0.21824820880778373,0.04763228064780597,0.0
P0090,sinusoid,1,SW2,0.01,0.6685770565034996,0.913609165108942,0.24503210860544233,0.060040734247629284,0.0
P0091,sinusoid,1,SW2,0.01,0.6905401467844446,0.9459011273494009,0.25536098056495626,0.06520923039509598,0.0
P0092,sinusoid,1,SW2,0.01,0.6615376792809253,0.7598968261006515,0.09835914681972613,0.009674521763104441,0.0
P0093,sinusoid,1,SW2,0.01,0.537667263511933,0.8695171441101668,0.33184988059823384,0.11012434325306206,0.0
P0094,sinusoid,1,SW2,0.01,0.5722707251411752,0.9373814131120659,0.36511068797089075,0.13330581447057716,0.0
P0095,sinusoid,1,SW2,0.01,0.6228483497645546,0.9295507997512531,0.3067024499866985,0.09406639282784329,0.0
P0096,sinusoid,1,SW2,0.01,0.6703326300077923,0.6949930124620182,0.02466038245422586,0.0006081344627886906,0.0
P0097,sinusoid,2,SW2,0.01,0.6476792309764028,0.6479899910323624,0.00031076005595964684,9.657181238004283e-08,0.0
P0098,sinusoid,2,SW2,0.01,0.7909870840421785,0.7916505965928816,0.0006635125507030715,4.40248904940496e-07,0.0
P0099,sinusoid,2,SW2,0.01,0.9256068161016792,0.9263431321527904,0.000736316051111241,5.421613271240517e-07,0.0
P0100,sinusoid,2,SW2,0.01,0.8954122400622493,0.8961339865207938,0.0007217464585445033,5.209179504215324e-07,0.0
P0101,sinusoid,2,SW2,0.01,0.7529020332353562,0.764503363531613,0.011601330296256762,0.000134590864642845,0.0
P0102,sinusoid,2,SW2,0.01,0.8644804949391969,0.8782525822748479,0.013772087335651051,0.00018967038958080007,0.0
P0103,sinusoid,2,SW2,0.01,0.9322652283716057,0.9497626892323064,0.017497460860700698,0.0003061611365717528,0.0
P0104,sinusoid,2,SW2,0.01,0.8055814760432513,0.8175214687028707,0.011939992659619425,0.00014256342471176574,0.0
P0105,sinusoid,2,SW2,0.01,0.8012919364206236,0.8584384631108883,0.057146526690264765,0.003265725512761143,0.0
P0106,sinusoid,2,SW2,0.01,0.8824412789892258,0.9325665474142472,0.05012526842502141,0.002512542534680448,0.0
P0107,sinusoid,2,SW2,0.01,0.8552766828604776,0.9347900511762953,0.07951336831581768,0.006322375740926879,0.0
P0108,sinusoid,2,SW2,0.01,0.6632090954449752,0.7118049992277586,0.048595903782783445,0.0023615618644655463,0.0
P0109,sinusoid,2,SW2,0.01,0.7876781893927207,0.9279754323328191,0.14029724294009838,0.019683316376592985,0.0
P0110,sinusoid,2,SW2,0.01,0.8381178266240707,0.9492985900688871,0.11118076344481631,0.012361162160172202,0.0
P0111,sinusoid,2,SW2,0.01,0.7671535294403311,0.8724546351889504,0.10530110574861928,0.011088322871881901,0.0
P0112,sinusoid,2,SW2,0.01,0.47236549737756334,0.5694513006537083,0.09708580327614497,0.00942565319777432,0.0
P0113,sinusoid,2,SW2,0.01,0.7062716683089422,0.9499013075636804,0.24362963925473824,0.059355401123393894,0.0
P0114,sinusoid,2,SW2,0.01,0.6685770565034996,0.9160473958699,0.2474703393664004,0.06124156886612138,0.0
P0115,sinusoid,2,SW2,0.01,0.5474374551270162,0.7686846617394372,0.22124720661242092,0.04895032643379927,0.0
P0116,sinusoid,2,SW2,0.01,0.3566574530776032,0.4193713352114835,0.0627138821338803,0.00393303101230223,0.0
P0117,sinusoid,2,SW2,0.01,0.575173007174414,0.9217768952713512,0.3466038880969372,0.12013425524391418,0.0
P0118,sinusoid,2,SW2,0.01,0.49858099656995264,0.836512069047858,0.3379310724779054,0.11419740974606735,0.0
P0119,sinusoid,2,SW2,0.01,0.3864811604194889,0.6350242559949993,0.24854309557551046,0.06177367035825733,0.0
P0120,sinusoid,2,SW2,0.01,0.3294966754763749,0.2782610877661441,0.05123558771023079,0.0026250854480127524,0.0
P0121,smooth_edge,1,SW2,0.01,0.7796788198881911,0.7968410695441766,0.01716224965598545,0.0002945428132543727,0.0
P0122,smooth_edge,1,SW2,0.01,0.9179068416517219,0.9682213690407698,0.05031452738904796,0.002531551666383257,0.0
P0123,smooth_edge,1,SW2,0.01,0.9918058310886115,0.9997254218438986,0.007919590755287031,6.271991773122781e-05,0.0
P0124,smooth_edge,1,SW2,0.01,0.9999808160663023,0.9999999950965821,1.917903027981449e-05,3.678352024740411e-10,0.0
P0125,smooth_edge,1,SW2,0.01,0.6788992390069694,0.7040516276171624,0.025152388610193088,0.000632642652798171,0.0
P0126,smooth_edge,1,SW2,0.01,0.7775834569572622,0.8972159750827483,0.11963251812548614,0.01431193939304477,0.0
P0127,smooth_edge,1,SW2,0.01,0.8753281836199862,0.9945137011005495,0.11918551748056327,0.014205187577109655,0.0
P0128,smooth_edge,1,SW2,0.01,0.968197091169229,0.9999946227781964,0.031797531608967367,0.0010110830164232788,0.0
P0129,smooth_edge,1,SW2,0.01,0.5678040617148374,0.5906532827008858,0.022849220986048357,0.0005220868996692726,0.0
P0130,smooth_edge,1,SW2,0.01,0.5312813585643446,0.7143624294910559,0.18308107092671133,0.0335186785316715,0.0
P0131,smooth_edge,1,SW2,0.01,0.41174045554389227,0.9002495108803148,0.4885090553364225,0.23864109714568393,0.0
P0132,smooth_edge,1,SW2,0.01,0.33026874035508086,0.9941376978036617,0.6638689574485808,0.4407219926638655,0.0
P0133,smooth_edge,1,SW2,0.01,0.46050225758214114,0.4667159617488687,0.006213704166727563,3.861011947160748e-05,0.0
P0134,smooth_edge,1,SW2,0.01,0.3845178630225816,0.4174297935376853,0.03291193051510366,0.0010831951702310115,0.0
P0135,smooth_edge,1,SW2,0.01,0.3259197746819825,0.31002551887238744,0.01589425580959508,0.000252627367740847,0.0
P0136,smooth_edge,1,SW2,0.01,0.3209962170998673,0.1339278883240735,0.1870683287757938,0.03499455963096848,0.0
P0137,smooth_edge,1,SW2,0.01,0.36182352265636153,0.34675509928171655,0.01506842337464498,0.0002270573829975472,0.0
P0138,smooth_edge,1,SW2,0.01,0.3049369166810783,0.1703239186438458,0.1346129980372325,0.018120659240571962,0.0
P0139,smooth_edge,1,SW2,0.01,0.3174408916998385,0.02188127093613046,0.29555962076370806,0.08735548942598693,0.0
P0140,smooth_edge,1,SW2,0.01,0.3209734235697402,0.0001409919630903207,0.32083243160664987,0.10293344917063567,0.0
P0141,smooth_edge,1,SW2,0.01,0.27028098368510545,0.2435464707695958,0.026734512915509656,0.0007147341808295526,0.0
P0142,smooth_edge,1,SW2,0.01,0.21402199183105636,0.05554926015761178,0.15847273167344458,0.025113606684043565,0.0
P0143,smooth_edge,1,SW2,0.01,0.25728449898615235,0.0011125360328603216,0.25617196295329203,0.06562407460334282,0.0
P0144,smooth_edge,1,SW2,0.01,0.3061045023739265,1.2858614151064257e-07,0.306104373787785,0.093699887652012,0.0
P0145,smooth_edge,1,SW2,0.01,0.18624001812640367,0.16337423951337943,0.022865778613024246,0.000522843831579837,0.0
P0146,smooth_edge,1,SW2,0.01,0.0726667781596596,0.016571944094738476,0.056094834064921134,0.0031466304087710366,0.0
P0147,smooth_edge,1,SW2,0.01,0.031124927942497126,5.5448524722794907e-05,0.03106947941777433,0.0009653125512915026,0.0
P0148,smooth_edge,1,SW2,0.01,0.0032743749044819265,1.1725539852746633e-10,0.003274374787226528,1.072153024722477e-05,0.0
P0149,smooth_edge,2,SW2,0.01,0.8696546145454771,0.8842526814109779,0.014598066865500803,0.00021310355620963244,0.0
P0150,smooth_edge,2,SW2,0.01,0.9665791632519803,0.9938389829390936,0.027259819687113218,0.0007430977693739254,0.0
P0151,smooth_edge,2,SW2,0.01,0.99672555405608,0.9999949695696981,0.0032694155136181458,1.0689077800687004e-05,0.0
P0152,smooth_edge,2,SW2,0.01,0.9999951156991457,0.9999999999995663,4.884300420671117e-06,2.3856390599368053e-11,0.0
P0153,smooth_edge,2,SW2,0.01,0.7978578557994968,0.8224934972879262,0.02463564148842945,0.0006069148315464264,0.0
P0154,smooth_edge,2,SW2,0.01,0.9035205879894088,0.9788208895449324,0.07530030155552359,0.005670135414352788,0.0
P0155,smooth_edge,2,SW2,0.01,0.9511815873148232,0.9998989708060922,0.048717383491269084,0.0023733834542353774,0.0
P0156,smooth_edge,2,SW2,0.01,0.9872893666187704,0.9999999995245059,0.012710632905735486,0.00016156018886436573,0.0
P0157,smooth_edge,2,SW2,0.01,0.7118948210086852,0.7375616214876249,0.025666800478939766,0.0006587846468257026,0.0
P0158,smooth_edge,2,SW2,0.01,0.7631696163378955,0.9297812081694472,0.16661159183155172,0.02775942253264359,0.0
P0159,smooth_edge,2,SW2,0.01,0.7166671766121571,0.9979746796109501,0.28130750299879304,0.07913391124341596,0.0
P0160,smooth_edge,2,SW2,0.01,0.6828158236003505,0.9999994785576881,0.3171836549573376,0.10060547097209538,0.0
P0161,smooth_edge,2,SW2,0.01,0.6190935275452346,0.6302602229177513,0.011166695372516688,0.00012469508554258563,0.0
P0162,smooth_edge,2,SW2,0.01,0.6807024213507915,0.791391472673955,0.11068905132316353,0.01225206608282193,0.0
P0163,smooth_edge,2,SW2,0.01,0.6806435417370824,0.9608342772032357,0.28019073546615325,0.07850684824106387,0.0
P0164,smooth_edge,2,SW2,0.01,0.6790158252773412,0.9994284955764196,0.3204126702990784,0.1026642792881859,0.0
P0165,smooth_edge,2,SW2,0.01,0.5187032202343131,0.5083325618141193,0.010370658420193801,0.00010755055606833658,0.0
P0166,smooth_edge,2,SW2,0.01,0.5939879332292225,0.5208212853727429,0.07316664785647964,0.005353358358554097,0.0
P0167,smooth_edge,2,SW2,0.01,0.6698365975676426,0.5498339973124777,0.12000260025516485,0.01440062406800089,0.0
P0168,smooth_edge,2,SW2,0.01,0.6789775737385964,0.6145944982675491,0.06438307547104727,0.004145180407110568,0.0
P0169,smooth_edge,2,SW2,0.01,0.4099555611523464,0.3854055017324505,0.02455005941989591,0.0006027054175204199,0.0
P0170,smooth_edge,2,SW2,0.01,0.4256005662764492,0.23745802834390245,0.18814253793254676,0.035397614579699796,0.0
P0171,smooth_edge,2,SW2,0.01,0.52816291332794,0.05732417589886871,0.47083873742907123,0.2216891166638019,0.0
P0172,smooth_edge,2,SW2,0.01,0.6428099766500399,0.0014520391100099098,0.64135793754003,0.41134000404560106,0.0
P0173,smooth_edge,2,SW2,0.01,0.2995320014827677,0.2755454045751979,0.023986596907569824,0.0005753568312062382,0.0
P0174,smooth_edge,2,SW2,0.01,0.17814685597863797,0.0819105771553252,0.09623627882331277,0.009261421361758398,0.0
P0175,smooth_edge,2,SW2,0.01,0.07818633720558715,0.003018416324708427,0.07516792088087873,0.005650216329554044,0.0
P0176,smooth_edge,2,SW2,0.01,0.00819413469037818,1.326011943142785e-06,0.008192808678435038,6.712211404144047e-05,0.0
P0177,hard_step,1,SW2,0.01,1.0,1.0,0.0,0.0,0.0
P0178,hard_step,1,SW2,0.01,1.0,1.0,0.0,0.0,0.0
P0179,hard_step,1,SW2,0.01,0.32098765432098764,1.0,0.6790123456790124,0.46105776558451456,0.0
P0180,hard_step,1,SW2,0.01,0.32098765432098764,1.0,0.6790123456790124,0.46105776558451456,0.0
P0181,hard_step,1,SW2,0.01,0.32098765432098764,0.0,0.32098765432098764,0.10303307422648986,0.0
P0182,hard_step,1,SW2,0.01,0.32098765432098764,0.0,0.32098765432098764,0.10303307422648986,0.0
P0183,hard_step,1,SW2,0.01,0.32098765432098764,0.0,0.32098765432098764,0.10303307422648986,0.0
P0184,hard_step,1,SW2,0.01,0.32098765432098764,0.0,0.32098765432098764,0.10303307422648986,0.0
P0185,hard_step,1,SW2,0.01,0.0,0.0,0.0,0.0,0.0
P0186,hard_step,2,SW2,0.01,1.0,1.0,0.0,0.0,0.0
P0187,hard_step,2,SW2,0.01,1.0,1.0,0.0,0.0,0.0
P0188,hard_step,2,SW2,0.01,0.6790123456790123,1.0,0.32098765432098775,0.10303307422648993,0.0
P0189,hard_step,2,SW2,0.01,0.6790123456790123,1.0,0.32098765432098775,0.10303307422648993,0.0
P0190,hard_step,2,SW2,0.01,0.6790123456790123,1.0,0.32098765432098775,0.10303307422648993,0.0
P0191,hard_step,2,SW2,0.01,0.6790123456790123,1.0,0.32098765432098775,0.10303307422648993,0.0
P0192,hard_step,2,SW2,0.01,0.6790123456790123,0.0,0.6790123456790123,0.46105776558451445,0.0
P0193,hard_step,2,SW2,0.01,0.6790123456790123,0.0,0.6790123456790123,0.46105776558451445,0.0
P0194,hard_step,2,SW2,0.01,0.0,0.0,0.0,0.0,0.0
P0195,kink,1,SW2,0.01,0.43024604732675464,0.4533333333333333,0.023087286006578667,0.0005330227751495631,0.0
P0196,kink,1,SW2,0.01,-0.13204709576151594,-0.13333333333333333,0.0012862375718173946,1.6544070911547074e-06,0.0
P0197,kink,1,SW2,0.01,0.28376288711625514,0.29333333333333333,0.009570446217078199,9.159344079398641e-05,0.0
P0198,kink,1,SW2,0.01,0.19962634963985695,0.15583333333333332,0.04379301630652363,0.0019178282772234446,0.0
P0199,kink,1,SW2,0.01,-0.12046130219676013,-0.04583333333333333,0.07462796886342679,0.0055693337366805986,0.0
P0200,kink,1,SW2,0.01,0.18031988569145413,0.10083333333333333,0.0794865523581208,0.006318112005780279,0.0
P0201,kink,1,SW2,0.01,0.07937348379349494,-0.014000000000000004,0.09337348379349494,0.008718607475734063,0.0
P0202,kink,1,SW2,0.01,-0.19198802081747113,-0.07583333333333335,0.11615468748413778,0.013491911424537713,0.0
P0203,kink,1,SW2,0.01,0.2025,0.05250000000000001,0.15,0.0225,0.0
P0204,kink,1,SW2,0.01,-0.012564895796865528,-0.05,0.03743510420313448,0.0014013870266995367,0.0
P0205,kink,1,SW2,0.01,-0.3161656597860193,-0.27083333333333337,0.04533232645268592,0.002055019821612888,0.0
P0206,kink,1,SW2,0.01,0.24167442800535988,0.1875,0.054174428005359876,0.0029348686497079205,0.0
P0207,kink,1,SW2,0.01,-0.09214334211656167,-0.09200000000000001,0.00014334211656165385,2.054696238037476e-08,0.0
P0208,kink,1,SW2,0.01,-0.48908788822350874,-0.49833333333333346,0.009245445109824724,8.54782552787819e-05,0.0
P0209,kink,1,SW2,0.01,0.34204915354612103,0.3450000000000001,0.0029508464538790524,8.707494794370579e-06,0.0
P0210,kink,2,SW2,0.01,0.7197201788801967,0.7366666666666667,0.01694648778647001,0.0002871834482969772,0.0
P0211,kink,2,SW2,0.01,-0.2158386821893573,-0.21666666666666667,0.0008279844773093625,6.855582946652583e-07,0.0
P0212,kink,2,SW2,0.01,0.4702945977387226,0.47666666666666674,0.006372068927944119,4.060326242247091e-05,0.0
P0213,kink,2,SW2,0.01,0.45127315661002027,0.4391666666666666,0.012106489943353671,0.00014656709874852358,0.0
P0214,kink,2,SW2,0.01,-0.15892811030866724,-0.12916666666666665,0.02976144364200059,0.0008857435276559773,0.0
P0215,kink,2,SW2,0.01,0.3149934304531371,0.2841666666666667,0.030826763786470424,0.0009502893655468443,0.0
P0216,kink,2,SW2,0.01,0.2540919799208786,0.18416666666666662,0.069925313254212,0.004889549433699677,0.0
P0217,kink,2,SW2,0.01,-0.14131024921677315,-0.054166666666666655,0.0871435825501065,0.007594003979667226,0.0
P0218,kink,2,SW2,0.01,0.216112015494372,0.11916666666666664,0.09694534882770536,0.009398400659325474,0.0
P0219,kink,2,SW2,0.01,0.08671545112511851,-0.010000000000000004,0.09671545112511852,0.009353878486335189,0.0
P0220,kink,2,SW2,0.01,-0.17223729714088293,-0.05416666666666669,0.11807063047421623,0.013940673780578918,0.0
P0221,kink,2,SW2,0.01,0.17426063836915173,0.03750000000000002,0.1367606383691517,0.01870347220713789,0.0
P0222,kink,2,SW2,0.01,-0.05222372494850704,-0.05200000000000001,0.0002237249485070314,5.005285258447385e-08,0.0
P0223,kink,2,SW2,0.01,-0.26800980709235855,-0.28166666666666673,0.013656859574308178,0.00018650981343237293,0.0
P0224,kink,2,SW2,0.01,0.19046458357658236,0.19500000000000006,0.004535416423417704,2.0570002133807038e-05,0.0
P0225,thin_feature,1,SW2,0.01,0.3697775808478373,8.364834722972767e-05,0.36969393250060756,0.13667360372776377,0.0
P0226,thin_feature,1,SW2,0.01,0.5221737531163171,0.0551441169483479,0.46702963616796916,0.21811668105918566,0.0
P0227,thin_feature,1,SW2,0.01,0.5773377407311664,0.3523219549954969,0.2250157857356695,0.05063210383024072,0.0
P0228,thin_feature,1,SW2,0.01,0.08420864982225475,0.4111122905071876,0.3269036406849329,0.1068659902930637,0.0
P0229,thin_feature,1,SW2,0.01,0.3289733999473856,0.7600672046071238,0.43109380465973823,0.18584186841600855,0.0
P0230,thin_feature,1,SW2,0.01,0.49778572307517455,0.9059551911095096,0.40816946803433507,0.16660231463543207,0.0
P0231,thin_feature,1,SW2,0.01,3.726653172078671e-06,0.24935220877729616,0.24934848212412408,0.062174665537604624,0.0
P0232,thin_feature,1,SW2,0.01,0.02110965645367106,0.651375231630207,0.630265575176536,0.3972346952526098,0.0
P0233,thin_feature,1,SW2,0.01,0.24935220877729616,0.8569968914352788,0.6076446826579827,0.36923206036252043,0.0
P0234,thin_feature,1,SW2,0.01,0.036296840915900325,1.8664469113520537e-05,0.036278176446786804,0.001316106086304197,0.0
P0235,thin_feature,1,SW2,0.01,0.1398159837242905,0.0347085864128538,0.1051073973114367,0.01104756496958421,0.0
P0236,thin_feature,1,SW2,0.01,0.22834977319428032,0.29823409618142144,0.06988432298714112,0.0048838185993710604,0.0
P0237,thin_feature,1,SW2,0.01,0.15709028520591567,1.7241209390354996e-13,0.15709028520574325,0.02467735770602176,0.0
P0238,thin_feature,1,SW2,0.01,0.2217418410015648,0.00011499237699560167,0.2216268486245692,0.04911846003125771,0.0
P0239,thin_feature,1,SW2,0.01,0.24605064467661342,0.03818043380053571,0.2078702108760777,0.043210024569665016,0.0
P0240,thin_feature,2,SW2,0.01,0.15709028520591584,1.724120939035518e-13,0.15709028520574342,0.02467735770602181,0.0
P0241,thin_feature,2,SW2,0.01,0.22174184100156488,0.00011499237699560208,0.22162684862456927,0.04911846003125774,0.0
P0242,thin_feature,2,SW2,0.01,0.2460506446766134,0.03818043380053579,0.2078702108760776,0.04321002456966497,0.0
P0243,thin_feature,2,SW2,0.01,0.03629684091590029,1.8664469113520635e-05,0.03627817644678677,0.0013161060863041943,0.0
P0244,thin_feature,2,SW2,0.01,0.13981598372429044,0.03470858641285385,0.10510739731143659,0.011047564969584188,0.0
P0245,thin_feature,2,SW2,0.01,0.22834977319428026,0.29823409618142166,0.0698843229871414,0.0048838185993710995,0.0
P0246,thin_feature,2,SW2,0.01,3.726653172078671e-06,0.24935220877729639,0.2493484821241243,0.062174665537604736,0.0
P0247,thin_feature,2,SW2,0.01,0.02110965645367106,0.6513752316302073,0.6302655751765363,0.39723469525261007,0.0
P0248,thin_feature,2,SW2,0.01,0.24935220877729616,0.8569968914352789,0.6076446826579828,0.3692320603625206,0.0
P0249,thin_feature,2,SW2,0.01,0.08420864982225482,0.411112290507187,0.32690364068493216,0.10686599029306323,0.0
P0250,thin_feature,2,SW2,0.01,0.3289733999473858,0.7600672046071234,0.4310938046597376,0.18584186841600803,0.0
P0251,thin_feature,2,SW2,0.01,0.49778572307517466,0.9059551911095095,0.40816946803433485,0.1666023146354319,0.0
P0252,thin_feature,2,SW2,0.01,0.3697775808478371,8.364834722972738e-05,0.36969393250060734,0.1366736037277636,0.0
P0253,thin_feature,2,SW2,0.01,0.522173753116317,0.055144116948347775,0.4670296361679692,0.2181166810591857,0.0
P0254,thin_feature,2,SW2,0.01,0.5773377407311665,0.35232195499549673,0.22501578573566977,0.050632103830240846,0.0
P0255,mixed_frequency,1,SW2,0.01,0.5017167887927049,0.49935542472536626,0.0023613640673386116,5.576040258517951e-06,0.0
P0256,mixed_frequency,1,SW2,0.01,0.431015689334414,0.45555610868671437,0.02454041935230039,0.0006022321819867595,0.0
P0257,mixed_frequency,1,SW2,0.01,0.2839713260606225,0.155213372665013,0.12875795339560947,0.01657861056262594,0.0
P0258,mixed_frequency,1,SW2,0.01,0.6826575930172037,0.7427118258953607,0.06005423287815692,0.003606510886583904,0.0
P0259,mixed_frequency,1,SW2,0.01,0.7064640197313568,0.5406964779017696,0.1657675418295872,0.02747887792422394,0.0
P0260,mixed_frequency,1,SW2,0.01,0.4752492048729693,0.4170475535071272,0.0582016513658421,0.0033874322217110294,0.0
P0261,mixed_frequency,1,SW2,0.01,0.5196112247520579,0.47535988945488694,0.04425133529717096,0.0019581806755826483,0.0
P0262,mixed_frequency,1,SW2,0.01,0.5806379276355396,0.6686000035176052,0.08796207588206562,0.00773732679348227,0.0
P0263,mixed_frequency,1,SW2,0.01,0.3777733956671625,0.28032091330418796,0.09745248236297455,0.009496986318705864,0.0
P0264,mixed_frequency,1,SW2,0.01,0.486603934857465,0.4747727588702795,0.011831175987185527,0.00013997672523975542,0.0
P0265,mixed_frequency,1,SW2,0.01,0.5277305372485696,0.4673856494865241,0.06034488776204544,0.0036415054790138617,0.0
P0266,mixed_frequency,1,SW2,0.01,0.5021096058513721,0.4334862851454516,0.06862332070592048,0.004709160144707614,0.0
P0267,mixed_frequency,1,SW2,0.01,0.6954731730825923,0.6773719504742064,0.01810122260838587,0.00032765425991833976,0.0
P0268,mixed_frequency,1,SW2,0.01,0.561928516475158,0.4548365472979632,0.10709196917719477,0.011468689862249234,0.0
P0269,mixed_frequency,1,SW2,0.01,0.6837157231886212,0.6986226099788257,0.014906886790204577,0.0002222152737759757,0.0
P0270,mixed_frequency,1,SW2,0.01,0.29627773589646766,0.23943781507349454,0.05683992082297312,0.0032307765991618537,0.0
P0271,mixed_frequency,1,SW2,0.01,0.4777109486387153,0.4664184217464979,0.011292526892217436,0.000127521163611454,0.0
P0272,mixed_frequency,1,SW2,0.01,0.45884901277749396,0.4844869960552387,0.025637983277744747,0.0006573061865499193,0.0
P0273,mixed_frequency,1,SW2,0.01,0.6804238674089114,0.7668339405122937,0.08641007310338233,0.007466700733731879,0.0
P0274,mixed_frequency,1,SW2,0.01,0.5483784647797221,0.6036770727120775,0.055298607932355415,0.003057936039256361,0.0
P0275,mixed_frequency,1,SW2,0.01,0.5336702526750614,0.5801958680494812,0.04652561537441979,0.0021646328859684476,0.0
P0276,mixed_frequency,1,SW2,0.01,0.477090691045333,0.43425126660147423,0.0428394244438588,0.0018352162866810866,0.0
P0277,mixed_frequency,1,SW2,0.01,0.6103884573865563,0.6813224182546447,0.07093396086808834,0.005031626804435488,0.0
P0278,mixed_frequency,1,SW2,0.01,0.2732096390315269,0.29829739986517656,0.025087760833649664,0.0006293957436464061,0.0
P0279,mixed_frequency,1,SW2,0.01,0.4492716459186713,0.45224178202853027,0.0029701361098589674,8.82170851108816e-06,0.0
P0280,mixed_frequency,1,SW2,0.01,0.5953495420950131,0.48763067251845843,0.10771886957655469,0.0116033548628508,0.0
P0281,mixed_frequency,1,SW2,0.01,0.485901584417873,0.5701012749830773,0.08419969056520427,0.007089587891276148,0.0
P0282,mixed_frequency,1,SW2,0.01,0.5344144967534538,0.5623229858879404,0.027908489134486625,0.000778883765769758,0.0
P0283,mixed_frequency,1,SW2,0.01,0.5838720639086581,0.7666319644998695,0.1827599005912114,0.033401181264109465,0.0
P0284,mixed_frequency,1,SW2,0.01,0.48455836677138464,0.5391611189168729,0.054602752145488265,0.0029814605418616233,0.0
P0285,mixed_frequency,1,SW2,0.01,0.6733814604182469,0.6887178293753018,0.015336368957054924,0.00023520421278691795,0.0
P0286,mixed_frequency,1,SW2,0.01,0.325747198436946,0.2988924441998043,0.026854754237141676,0.0007211778251372787,0.0
P0287,mixed_frequency,1,SW2,0.01,0.42800759003269484,0.4271356910831181,0.0008718989495767326,7.602077782730097e-07,0.0
P0288,mixed_frequency,1,SW2,0.01,0.37578990642494264,0.2645103235299279,0.11127958289501472,0.012383145569288451,0.0
P0289,mixed_frequency,1,SW2,0.01,0.5251114265313871,0.43919422396993496,0.08591720256145213,0.007381765695985597,0.0
P0290,mixed_frequency,1,SW2,0.01,0.3321992926172563,0.35253116173124965,0.020331869113993373,0.0004133849016685577,0.0
P0291,mixed_frequency,1,SW2,0.01,0.34759895421686116,0.3719201334216269,0.02432117920476573,0.000591519757910329,0.0
P0292,mixed_frequency,1,SW2,0.01,0.5148538333418621,0.5405693019751132,0.025715468633251137,0.0006612853270277231,0.0
P0293,mixed_frequency,1,SW2,0.01,0.5110118245357018,0.5848295787523584,0.0738177542166566,0.005449060837590723,0.0
P0294,mixed_frequency,1,SW2,0.01,0.5299663383705862,0.5409906345655865,0.011024296195000338,0.00012153510659509894,0.0
P0295,mixed_frequency,1,SW2,0.01,0.5880387223675523,0.6740210161891979,0.08598229382164557,0.007392954850831791,0.0
P0296,mixed_frequency,1,SW2,0.01,0.4794552311798478,0.43882666894757716,0.040628562232270626,0.001650680069061487,0.0
P0297,mixed_frequency,1,SW2,0.01,0.41873484132891137,0.4085314772238543,0.010203364105057067,0.00010410863906036699,0.0
P0298,mixed_frequency,1,SW2,0.01,0.5749910304395793,0.5515396754151357,0.02345135502444362,0.000549966052482497,0.0
P0299,mixed_frequency,1,SW2,0.01,0.4619518346275536,0.45758380838567025,0.0043680262418833715,1.907965324978177e-05,0.0
P0300,mixed_frequency,1,SW2,0.01,0.5967291362633964,0.6005499470896327,0.0038208108262363094,1.459859536988459e-05,0.0
P0301,mixed_frequency,1,SW2,0.01,0.279204465537088,0.2456362579031397,0.0335682076339483,0.001126824563755865,0.0
P0302,mixed_frequency,1,SW2,0.01,0.36076449683305317,0.3270528513166872,0.03371164551636596,0.0011364750434211173,0.0
P0303,mixed_frequency,1,SW2,0.01,0.4728195142828969,0.4633290863928645,0.009490427890032405,9.006822153590492e-05,0.0
P0304,mixed_frequency,1,SW2,0.01,0.4843904879239837,0.4944074046768252,0.010016916752841498,0.00010033862123335667,0.0
P0305,mixed_frequency,1,SW2,0.01,0.552438867457278,0.535141282,0.017297585457277997,0.0002992064626518353,0.0
P0306,mixed_frequency,1,SW2,0.01,0.5413104118479243,0.4813603793968585,0.05995003245106578,0.0035940063908838403,0.0
P0307,mixed_frequency,1,SW2,0.01,0.44665511234876243,0.44916240885229025,0.0025072965035278227,6.286535756602846e-06,0.0
P0308,mixed_frequency,1,SW2,0.01,0.42323697019292034,0.3619738362318022,0.061263133961118155,0.0037531715827379087,0.0
P0309,mixed_frequency,1,SW2,0.01,0.526899176967154,0.5383224304502269,0.011423253483072826,0.00013049072013853545,0.0
P0310,mixed_frequency,1,SW2,0.01,0.3165089230885541,0.3926499743554235,0.07614105126686938,0.005797459688024031,0.0
P0311,mixed_frequency,1,SW2,0.01,0.42435775534585357,0.42040974436429945,0.0039480109815541176,1.5586790710471907e-05,0.0
P0312,mixed_frequency,1,SW2,0.01,0.5839131603671393,0.6101470394713223,0.026233879104183067,0.0006882164128528929,0.0
P0313,mixed_frequency,1,SW2,0.01,0.5434831619121145,0.5479313452317733,0.004448183319658794,1.9786334845290726e-05,0.0
P0314,mixed_frequency,1,SW2,0.01,0.8361228669537025,0.8500388285880128,0.013915961634310303,0.00019365398820759628,0.0
P0315,mixed_frequency,1,SW2,0.01,0.42682546879473404,0.41205449093146773,0.01477097786326631,0.00021818178703710337,0.0
P0316,mixed_frequency,1,SW2,0.01,0.5858381007370095,0.6085826163686509,0.02274451563164137,0.0005173129913179787,0.0
P0317,mixed_frequency,1,SW2,0.01,0.43611083862079797,0.429892434580156,0.006218404040641945,3.866854881267207e-05,0.0
P0318,mixed_frequency,1,SW2,0.01,0.43821611143923817,0.39204653808406975,0.046169573355168414,0.0021316295037982773,0.0
P0319,mixed_frequency,2,SW2,0.01,0.6888502132045574,0.8140327948345307,0.1251825816299733,0.01567067874354493,0.0
P0320,mixed_frequency,2,SW2,0.01,0.5538136675743568,0.5548865092370293,0.001072841662672519,1.1509892331659351e-06,0.0
P0321,mixed_frequency,2,SW2,0.01,0.3151618209462809,0.3967439560775554,0.08158213513127449,0.006655644772577532,0.0
P0322,mixed_frequency,2,SW2,0.01,0.6312447361160315,0.6303496925970249,0.0008950435190065997,8.011029009157175e-07,0.0
P0323,mixed_frequency,2,SW2,0.01,0.2632877214381338,0.276272829973252,0.012985108535118195,0.0001686130436687994,0.0
P0324,mixed_frequency,2,SW2,0.01,0.4797705588068283,0.3680034887100495,0.11176707009677878,0.01249187795801826,0.0
P0325,mixed_frequency,2,SW2,0.01,0.7051726667681985,0.6634508837330682,0.0417217830351303,0.0017407071796304865,0.0
P0326,mixed_frequency,2,SW2,0.01,0.6152028998673916,0.6508270799207778,0.03562418005338619,0.0012690822044760784,0.0
P0327,mixed_frequency,2,SW2,0.01,0.5128916544996756,0.5333568294057774,0.02046517490610189,0.0004188233839373425,0.0
P0328,mixed_frequency,2,SW2,0.01,0.6020453229501441,0.6678860836431736,0.06584076069302947,0.004335005768636774,0.0
P0329,mixed_frequency,2,SW2,0.01,0.483995019294965,0.48087471401390125,0.0031203052810637733,9.736305047034473e-06,0.0
P0330,mixed_frequency,2,SW2,0.01,0.3893641622014796,0.3476791051625945,0.04168505703888514,0.0017376439803351079,0.0
P0331,mixed_frequency,2,SW2,0.01,0.32110879914210355,0.20720898854505576,0.11389981059704779,0.01297316685404336,0.0
P0332,mixed_frequency,2,SW2,0.01,0.5815127522633406,0.6153000035934494,0.033787251330108736,0.0011415783524439346,0.0
P0333,mixed_frequency,2,SW2,0.01,0.14184361013590233,0.0649946518336959,0.07684895830220642,0.005905762392134261,0.0
P0334,mixed_frequency,2,SW2,0.01,0.4642979766379379,0.5226072573180978,0.058309280680159836,0.003399972213437661,0.0
P0335,mixed_frequency,2,SW2,0.01,0.49885673981915774,0.3957690317599277,0.10308770805923001,0.010627075552905036,0.0
P0336,mixed_frequency,2,SW2,0.01,0.5942684618021592,0.7552761193165396,0.1610076575143804,0.025923465778268016,0.0
P0337,mixed_frequency,2,SW2,0.01,0.3918906224025783,0.48475446913807674,0.09286384673549841,0.00862369403051414,0.0
P0338,mixed_frequency,2,SW2,0.01,0.6538627546179298,0.6651371781040039,0.011274423486074103,0.00012711262494333935,0.0
P0339,mixed_frequency,2,SW2,0.01,0.6666105551128391,0.7408408381328755,0.07423028302003642,0.005510134917234708,0.0
P0340,mixed_frequency,2,SW2,0.01,0.4998437319125042,0.5689577717014875,0.06911403978898334,0.004776750495953172,0.0
P0341,mixed_frequency,2,SW2,0.01,0.4138566532218993,0.2574974214481519,0.1563592317737474,0.024448209360876456,0.0
P0342,mixed_frequency,2,SW2,0.01,0.525151208139697,0.5173737037104447,0.007777504429252291,6.048957514703901e-05,0.0
P0343,mixed_frequency,2,SW2,0.01,0.38900722871024673,0.48324739685668694,0.0942401681464402,0.008881209292269323,0.0
P0344,mixed_frequency,2,SW2,0.01,0.35369130124314974,0.270052112801759,0.08363918844139073,0.0069955138431344694,0.0
P0345,mixed_frequency,2,SW2,0.01,0.5044666569692527,0.49531618841216574,0.00915046855708701,8.373107481423803e-05,0.0
P0346,mixed_frequency,2,SW2,0.01,0.2561469610581029,0.16971157929838276,0.08643538175972015,0.0074710752199485635,0.0
P0347,mixed_frequency,2,SW2,0.01,0.6437109114130525,0.6635927865275683,0.01988187511451578,0.0003952889580692018,0.0
P0348,mixed_frequency,2,SW2,0.01,0.4337512067146581,0.3179991471566734,0.11575205955798473,0.013398539291915245,0.0
P0349,mixed_frequency,2,SW2,0.01,0.5963291231172849,0.6303959865910851,0.03406686347380017,0.0011605511869425401,0.0
P0350,mixed_frequency,2,SW2,0.01,0.4400749820889805,0.35492709939749145,0.08514788269148904,0.007250161926843579,0.0
P0351,mixed_frequency,2,SW2,0.01,0.4234336743671929,0.3906606716516097,0.0327730027155832,0.0010740697069956237,0.0
P0352,mixed_frequency,2,SW2,0.01,0.4298422014157187,0.4275323977379478,0.002309803677770894,5.335193029843948e-06,0.0
P0353,mixed_frequency,2,SW2,0.01,0.5081093969777,0.6041255480496204,0.09601615107192041,0.009219101266665843,0.0
P0354,mixed_frequency,2,SW2,0.01,0.4603479636507826,0.4412332367188725,0.01911472693191013,0.0003653727856814905,0.0
P0355,mixed_frequency,2,SW2,0.01,0.5174526145650024,0.609299498114648,0.09184688354964565,0.00843585001778217,0.0
P0356,mixed_frequency,2,SW2,0.01,0.7146827646759858,0.7689757838647319,0.05429301918874607,0.0029477319326295494,0.0
P0357,mixed_frequency,2,SW2,0.01,0.4742793845338258,0.5332989647948638,0.05901958026103804,0.0034833108541891112,0.0
P0358,mixed_frequency,2,SW2,0.01,0.44815751534821413,0.41575437560416867,0.03240313974404546,0.0010499634652721386,0.0
P0359,mixed_frequency,2,SW2,0.01,0.13336782358960744,0.04017781537158405,0.0931900082180234,0.008684377631675268,0.0
P0360,mixed_frequency,2,SW2,0.01,0.5643569158805136,0.5542356586168614,0.010121257263652206,0.00010243984859703254,0.0
P0361,mixed_frequency,2,SW2,0.01,0.4337568595479634,0.6474451945759677,0.21368833502800433,0.045662704527040625,0.0
P0362,mixed_frequency,2,SW2,0.01,0.5640509683166701,0.5504878096411179,0.013563158675552245,0.0001839592732582081,0.0
P0363,mixed_frequency,2,SW2,0.01,0.3267762949807551,0.2947314072873603,0.03204488769339481,0.001026874827282286,0.0
P0364,mixed_frequency,2,SW2,0.01,0.7007292979331511,0.718965854204543,0.01823655627139187,0.0003325719846396421,0.0
P0365,mixed_frequency,2,SW2,0.01,0.24994992937423402,0.2420960937654339,0.007853835608800125,6.168273377005682e-05,0.0
P0366,mixed_frequency,2,SW2,0.01,0.3703521933539977,0.3304965060026291,0.03985568735136863,0.0015884758142500454,0.0
P0367,mixed_frequency,2,SW2,0.01,0.542971517889788,0.3705258094086487,0.17244570848113933,0.029737522373562086,0.0
P0368,mixed_frequency,2,SW2,0.01,0.6298298716146329,0.6512758947908197,0.021446023176186824,0.00045993191007354236,0.0
P0369,mixed_frequency,2,SW2,0.01,0.6656257345199026,0.6719703535433057,0.006344619023403109,4.025419055212861e-05,0.0
P0370,mixed_frequency,2,SW2,0.01,0.4466374983405776,0.46107812920209956,0.014440630861521975,0.0002085318196787409,0.0
P0371,mixed_frequency,2,SW2,0.01,0.680006122546516,0.791170460656414,0.11116433810989801,0.012357510067411722,0.0
P0372,mixed_frequency,2,SW2,0.01,0.5602564171254125,0.533951223416073,0.02630519370933948,0.0006919632160858733,0.0
P0373,mixed_frequency,2,SW2,0.01,0.35274480869098895,0.31761767180206096,0.03512713688892799,0.0012339157460134855,0.0
P0374,mixed_frequency,2,SW2,0.01,0.6012108643463936,0.6098001802240762,0.008589315877682635,7.377634724661102e-05,0.0
P0375,mixed_frequency,2,SW2,0.01,0.6959270881158294,0.7417467047610486,0.045819616645219274,0.0020994372695148553,0.0
P0376,mixed_frequency,2,SW2,0.01,0.4368672375218348,0.3436031187899571,0.09326411873187773,0.008698195842833788,0.0
P0377,mixed_frequency,2,SW2,0.01,0.498241273391255,0.5015638929582081,0.003322619566953122,1.1039800786699753e-05,0.0
P0378,mixed_frequency,2,SW2,0.01,0.7262576062035693,0.7714303015145285,0.04517269531095924,0.002040572401656759,0.0
P0379,mixed_frequency,2,SW2,0.01,0.3272582612692328,0.33214085095807067,0.004882589688837868,2.3839682069545873e-05,0.0
P0380,mixed_frequency,2,SW2,0.01,0.569158049932036,0.5278122067042186,0.041345843227817425,0.001709478752219256,0.0
P0381,mixed_frequency,2,SW2,0.01,0.5268342884372359,0.3212502519429321,0.2055840364943038,0.04226479606129123,0.0
P0382,mixed_frequency,2,SW2,0.01,0.39132800644380955,0.2252611572341287,0.16606684920968084,0.027578198406430877,0.0
